"../../../Engine/Content/EngineMeshes/Humanoid.uasset" 0
"../../../Engine/Content/EngineMeshes/Humanoid.uexp" 1
"C:/Users/Murad/Documents/Unreal Projects/Peacekeeper_3D/Content/Mannequin/Character/Mesh/UE4_Mannequin_Skeleton.uasset" 2
"C:/Users/Murad/Documents/Unreal Projects/Peacekeeper_3D/Content/Mannequin/Character/Mesh/UE4_Mannequin_Skeleton.uexp" 3
"../../../Engine/Content/Animation/DefaultAnimCurveCompressionSettings.uasset" 4
"../../../Engine/Content/Animation/DefaultAnimCurveCompressionSettings.uexp" 5
"../../../Engine/Content/Animation/DefaultAnimBoneCompressionSettings.uasset" 6
"../../../Engine/Content/Animation/DefaultAnimBoneCompressionSettings.uexp" 7
"C:/Users/Murad/Documents/Unreal Projects/Peacekeeper_3D/Content/AnimStarterPack/Aim_Space_Hip.uasset" 8
"C:/Users/Murad/Documents/Unreal Projects/Peacekeeper_3D/Content/AnimStarterPack/Aim_Space_Hip.uexp" 9
"C:/Users/Murad/Documents/Unreal Projects/Peacekeeper_3D/Content/AnimStarterPack/Aim_Space_Ironsights.uasset" 10
"C:/Users/Murad/Documents/Unreal Projects/Peacekeeper_3D/Content/AnimStarterPack/Aim_Space_Ironsights.uexp" 11
"C:/Users/Murad/Documents/Unreal Projects/Peacekeeper_3D/Content/AnimStarterPack/Crouch_to_Stand_Rifle_Hip.uasset" 12
"C:/Users/Murad/Documents/Unreal Projects/Peacekeeper_3D/Content/AnimStarterPack/Crouch_to_Stand_Rifle_Hip.uexp" 13
"C:/Users/Murad/Documents/Unreal Projects/Peacekeeper_3D/Content/AnimStarterPack/Crouch_to_Stand_Rifle_Ironsights.uasset" 14
"C:/Users/Murad/Documents/Unreal Projects/Peacekeeper_3D/Content/AnimStarterPack/Crouch_to_Stand_Rifle_Ironsights.uexp" 15
"C:/Users/Murad/Documents/Unreal Projects/Peacekeeper_3D/Content/AnimStarterPack/Crouch_Walk_Bwd_Rifle_Ironsights.uasset" 16
"C:/Users/Murad/Documents/Unreal Projects/Peacekeeper_3D/Content/AnimStarterPack/Crouch_Walk_Bwd_Rifle_Ironsights.uexp" 17
"C:/Users/Murad/Documents/Unreal Projects/Peacekeeper_3D/Content/AnimStarterPack/Crouch_Walk_Lt_Rifle_Ironsights.uasset" 18
"C:/Users/Murad/Documents/Unreal Projects/Peacekeeper_3D/Content/AnimStarterPack/Crouch_Walk_Lt_Rifle_Ironsights.uexp" 19
"C:/Users/Murad/Documents/Unreal Projects/Peacekeeper_3D/Content/AnimStarterPack/Crouch_Walk_Rt_Rifle_Ironsights.uasset" 20
"C:/Users/Murad/Documents/Unreal Projects/Peacekeeper_3D/Content/AnimStarterPack/Crouch_Walk_Rt_Rifle_Ironsights.uexp" 21
"C:/Users/Murad/Documents/Unreal Projects/Peacekeeper_3D/Content/AnimStarterPack/Death_1.uasset" 22
"C:/Users/Murad/Documents/Unreal Projects/Peacekeeper_3D/Content/AnimStarterPack/Death_1.uexp" 23
"C:/Users/Murad/Documents/Unreal Projects/Peacekeeper_3D/Content/AnimStarterPack/Death_2.uasset" 24
"C:/Users/Murad/Documents/Unreal Projects/Peacekeeper_3D/Content/AnimStarterPack/Death_2.uexp" 25
"C:/Users/Murad/Documents/Unreal Projects/Peacekeeper_3D/Content/AnimStarterPack/Death_3.uasset" 26
"C:/Users/Murad/Documents/Unreal Projects/Peacekeeper_3D/Content/AnimStarterPack/Death_3.uexp" 27
"C:/Users/Murad/Documents/Unreal Projects/Peacekeeper_3D/Content/AnimStarterPack/Death_Ironsights_1.uasset" 28
"C:/Users/Murad/Documents/Unreal Projects/Peacekeeper_3D/Content/AnimStarterPack/Death_Ironsights_1.uexp" 29
"C:/Users/Murad/Documents/Unreal Projects/Peacekeeper_3D/Content/AnimStarterPack/Death_Ironsights_2.uasset" 30
"C:/Users/Murad/Documents/Unreal Projects/Peacekeeper_3D/Content/AnimStarterPack/Death_Ironsights_2.uexp" 31
"C:/Users/Murad/Documents/Unreal Projects/Peacekeeper_3D/Content/AnimStarterPack/Fire_Rifle_Hip.uasset" 32
"C:/Users/Murad/Documents/Unreal Projects/Peacekeeper_3D/Content/AnimStarterPack/Fire_Rifle_Hip.uexp" 33
"C:/Users/Murad/Documents/Unreal Projects/Peacekeeper_3D/Content/AnimStarterPack/Fire_Shotgun_Ironsights.uasset" 34
"C:/Users/Murad/Documents/Unreal Projects/Peacekeeper_3D/Content/AnimStarterPack/Fire_Shotgun_Ironsights.uexp" 35
"C:/Users/Murad/Documents/Unreal Projects/Peacekeeper_3D/Content/AnimStarterPack/Idle_Pistol.uasset" 36
"C:/Users/Murad/Documents/Unreal Projects/Peacekeeper_3D/Content/AnimStarterPack/Idle_Pistol.uexp" 37
"C:/Users/Murad/Documents/Unreal Projects/Peacekeeper_3D/Content/AnimStarterPack/Jump_From_Stand_Ironsights.uasset" 38
"C:/Users/Murad/Documents/Unreal Projects/Peacekeeper_3D/Content/AnimStarterPack/Jump_From_Stand_Ironsights.uexp" 39
"C:/Users/Murad/Documents/Unreal Projects/Peacekeeper_3D/Content/AnimStarterPack/Prone_Death_1.uasset" 40
"C:/Users/Murad/Documents/Unreal Projects/Peacekeeper_3D/Content/AnimStarterPack/Prone_Death_1.uexp" 41
"C:/Users/Murad/Documents/Unreal Projects/Peacekeeper_3D/Content/AnimStarterPack/Prone_Death_2.uasset" 42
"C:/Users/Murad/Documents/Unreal Projects/Peacekeeper_3D/Content/AnimStarterPack/Prone_Death_2.uexp" 43
"C:/Users/Murad/Documents/Unreal Projects/Peacekeeper_3D/Content/AnimStarterPack/Prone_Fire_1.uasset" 44
"C:/Users/Murad/Documents/Unreal Projects/Peacekeeper_3D/Content/AnimStarterPack/Prone_Fire_1.uexp" 45
"C:/Users/Murad/Documents/Unreal Projects/Peacekeeper_3D/Content/AnimStarterPack/Prone_Fire_2.uasset" 46
"C:/Users/Murad/Documents/Unreal Projects/Peacekeeper_3D/Content/AnimStarterPack/Prone_Fire_2.uexp" 47
"C:/Users/Murad/Documents/Unreal Projects/Peacekeeper_3D/Content/AnimStarterPack/Prone_Idle.uasset" 48
"C:/Users/Murad/Documents/Unreal Projects/Peacekeeper_3D/Content/AnimStarterPack/Prone_Idle.uexp" 49
"C:/Users/Murad/Documents/Unreal Projects/Peacekeeper_3D/Content/AnimStarterPack/Prone_Reload_Rifle.uasset" 50
"C:/Users/Murad/Documents/Unreal Projects/Peacekeeper_3D/Content/AnimStarterPack/Prone_Reload_Rifle.uexp" 51
"C:/Users/Murad/Documents/Unreal Projects/Peacekeeper_3D/Content/AnimStarterPack/Prone_Reload_Shotgun.uasset" 52
"C:/Users/Murad/Documents/Unreal Projects/Peacekeeper_3D/Content/AnimStarterPack/Prone_Reload_Shotgun.uexp" 53
"C:/Users/Murad/Documents/Unreal Projects/Peacekeeper_3D/Content/AnimStarterPack/Prone_To_Stand.uasset" 54
"C:/Users/Murad/Documents/Unreal Projects/Peacekeeper_3D/Content/AnimStarterPack/Prone_To_Stand.uexp" 55
"C:/Users/Murad/Documents/Unreal Projects/Peacekeeper_3D/Content/AnimStarterPack/Reload_Pistol.uasset" 56
"C:/Users/Murad/Documents/Unreal Projects/Peacekeeper_3D/Content/AnimStarterPack/Reload_Pistol.uexp" 57
"C:/Users/Murad/Documents/Unreal Projects/Peacekeeper_3D/Content/AnimStarterPack/Reload_Rifle_Ironsights.uasset" 58
"C:/Users/Murad/Documents/Unreal Projects/Peacekeeper_3D/Content/AnimStarterPack/Reload_Rifle_Ironsights.uexp" 59
"C:/Users/Murad/Documents/Unreal Projects/Peacekeeper_3D/Content/AnimStarterPack/Reload_Shotgun_Hip.uasset" 60
"C:/Users/Murad/Documents/Unreal Projects/Peacekeeper_3D/Content/AnimStarterPack/Reload_Shotgun_Hip.uexp" 61
"C:/Users/Murad/Documents/Unreal Projects/Peacekeeper_3D/Content/AnimStarterPack/Reload_Shotgun_Ironsights.uasset" 62
"C:/Users/Murad/Documents/Unreal Projects/Peacekeeper_3D/Content/AnimStarterPack/Reload_Shotgun_Ironsights.uexp" 63
"C:/Users/Murad/Documents/Unreal Projects/Peacekeeper_3D/Content/AnimStarterPack/Sprint_Fwd_Rifle.uasset" 64
"C:/Users/Murad/Documents/Unreal Projects/Peacekeeper_3D/Content/AnimStarterPack/Sprint_Fwd_Rifle.uexp" 65
"C:/Users/Murad/Documents/Unreal Projects/Peacekeeper_3D/Content/AnimStarterPack/Stand_to_Crouch_Rifle_Hip.uasset" 66
"C:/Users/Murad/Documents/Unreal Projects/Peacekeeper_3D/Content/AnimStarterPack/Stand_to_Crouch_Rifle_Hip.uexp" 67
"C:/Users/Murad/Documents/Unreal Projects/Peacekeeper_3D/Content/AnimStarterPack/Stand_to_Crouch_Rifle_Ironsights.uasset" 68
"C:/Users/Murad/Documents/Unreal Projects/Peacekeeper_3D/Content/AnimStarterPack/Stand_to_Crouch_Rifle_Ironsights.uexp" 69
"C:/Users/Murad/Documents/Unreal Projects/Peacekeeper_3D/Content/AnimStarterPack/Stand_To_Prone.uasset" 70
"C:/Users/Murad/Documents/Unreal Projects/Peacekeeper_3D/Content/AnimStarterPack/Stand_To_Prone.uexp" 71
"C:/Users/Murad/Documents/Unreal Projects/Peacekeeper_3D/Content/AnimStarterPack/Walk_Bwd_Rifle_Ironsights.uasset" 72
"C:/Users/Murad/Documents/Unreal Projects/Peacekeeper_3D/Content/AnimStarterPack/Walk_Bwd_Rifle_Ironsights.uexp" 73
"C:/Users/Murad/Documents/Unreal Projects/Peacekeeper_3D/Content/AnimStarterPack/Walk_Lt_Rifle_Ironsights.uasset" 74
"C:/Users/Murad/Documents/Unreal Projects/Peacekeeper_3D/Content/AnimStarterPack/Walk_Lt_Rifle_Ironsights.uexp" 75
"C:/Users/Murad/Documents/Unreal Projects/Peacekeeper_3D/Content/AnimStarterPack/Walk_Rt_Rifle_Ironsights.uasset" 76
"C:/Users/Murad/Documents/Unreal Projects/Peacekeeper_3D/Content/AnimStarterPack/Walk_Rt_Rifle_Ironsights.uexp" 77
"C:/Users/Murad/Documents/Unreal Projects/Peacekeeper_3D/Content/FPS_Weapon_Bundle/Weapons/Textures/Accessories/T_V_Grip_NRM.uasset" 78
"C:/Users/Murad/Documents/Unreal Projects/Peacekeeper_3D/Content/FPS_Weapon_Bundle/Weapons/Textures/Accessories/T_V_Grip_NRM.uexp" 79
"C:/Users/Murad/Documents/Unreal Projects/Peacekeeper_3D/Content/FPS_Weapon_Bundle/Weapons/Textures/Accessories/T_V_Grip_NRM.ubulk" 80
"C:/Users/Murad/Documents/Unreal Projects/Peacekeeper_3D/Content/FPS_Weapon_Bundle/Weapons/Textures/Accessories/T_V_Grip_M_MSK.uasset" 81
"C:/Users/Murad/Documents/Unreal Projects/Peacekeeper_3D/Content/FPS_Weapon_Bundle/Weapons/Textures/Accessories/T_V_Grip_M_MSK.uexp" 82
"C:/Users/Murad/Documents/Unreal Projects/Peacekeeper_3D/Content/FPS_Weapon_Bundle/Weapons/Textures/Accessories/T_V_Grip_M_MSK.ubulk" 83
"C:/Users/Murad/Documents/Unreal Projects/Peacekeeper_3D/Content/FPS_Weapon_Bundle/Weapons/Textures/Accessories/T_V_Grip_ALB.uasset" 84
"C:/Users/Murad/Documents/Unreal Projects/Peacekeeper_3D/Content/FPS_Weapon_Bundle/Weapons/Textures/Accessories/T_V_Grip_ALB.uexp" 85
"C:/Users/Murad/Documents/Unreal Projects/Peacekeeper_3D/Content/FPS_Weapon_Bundle/Weapons/Textures/Accessories/T_V_Grip_ALB.ubulk" 86
"C:/Users/Murad/Documents/Unreal Projects/Peacekeeper_3D/Content/FPS_Weapon_Bundle/Weapons/Textures/Patterns/T_Stripes__Pattern.uasset" 87
"C:/Users/Murad/Documents/Unreal Projects/Peacekeeper_3D/Content/FPS_Weapon_Bundle/Weapons/Textures/Patterns/T_Stripes__Pattern.uexp" 88
"C:/Users/Murad/Documents/Unreal Projects/Peacekeeper_3D/Content/FPS_Weapon_Bundle/Weapons/Textures/Patterns/T_Stripes__Pattern.ubulk" 89
"C:/Users/Murad/Documents/Unreal Projects/Peacekeeper_3D/Content/FPS_Weapon_Bundle/Weapons/Textures/KA74U/T_KA74U_NRM.uasset" 90
"C:/Users/Murad/Documents/Unreal Projects/Peacekeeper_3D/Content/FPS_Weapon_Bundle/Weapons/Textures/KA74U/T_KA74U_NRM.uexp" 91
"C:/Users/Murad/Documents/Unreal Projects/Peacekeeper_3D/Content/FPS_Weapon_Bundle/Weapons/Textures/KA74U/T_KA74U_NRM.ubulk" 92
"C:/Users/Murad/Documents/Unreal Projects/Peacekeeper_3D/Content/FPS_Weapon_Bundle/Weapons/Textures/KA74U/T_KA74U_M_MSK.uasset" 93
"C:/Users/Murad/Documents/Unreal Projects/Peacekeeper_3D/Content/FPS_Weapon_Bundle/Weapons/Textures/KA74U/T_KA74U_M_MSK.uexp" 94
"C:/Users/Murad/Documents/Unreal Projects/Peacekeeper_3D/Content/FPS_Weapon_Bundle/Weapons/Textures/KA74U/T_KA74U_M_MSK.ubulk" 95
"C:/Users/Murad/Documents/Unreal Projects/Peacekeeper_3D/Content/FPS_Weapon_Bundle/Weapons/Textures/KA74U/T_KA74U_ALB.uasset" 96
"C:/Users/Murad/Documents/Unreal Projects/Peacekeeper_3D/Content/FPS_Weapon_Bundle/Weapons/Textures/KA74U/T_KA74U_ALB.uexp" 97
"C:/Users/Murad/Documents/Unreal Projects/Peacekeeper_3D/Content/FPS_Weapon_Bundle/Weapons/Textures/KA74U/T_KA74U_ALB.ubulk" 98
"C:/Users/Murad/Documents/Unreal Projects/Peacekeeper_3D/Content/FPS_Weapon_Bundle/Weapons/Materials/Master_Material/M_Weapon_Master_USE.uasset" 99
"C:/Users/Murad/Documents/Unreal Projects/Peacekeeper_3D/Content/FPS_Weapon_Bundle/Weapons/Materials/Master_Material/M_Weapon_Master_USE.uexp" 100
"C:/Users/Murad/Documents/Unreal Projects/Peacekeeper_3D/Content/FPS_Weapon_Bundle/Weapons/Materials/Accessories/M_V_Grip.uasset" 101
"C:/Users/Murad/Documents/Unreal Projects/Peacekeeper_3D/Content/FPS_Weapon_Bundle/Weapons/Materials/Accessories/M_V_Grip.uexp" 102
"C:/Users/Murad/Documents/Unreal Projects/Peacekeeper_3D/Content/FPS_Weapon_Bundle/Weapons/Materials/Accessories/M_V_Grip_Green.uasset" 103
"C:/Users/Murad/Documents/Unreal Projects/Peacekeeper_3D/Content/FPS_Weapon_Bundle/Weapons/Materials/Accessories/M_V_Grip_Green.uexp" 104
"C:/Users/Murad/Documents/Unreal Projects/Peacekeeper_3D/Content/FPS_Weapon_Bundle/Weapons/Textures/Patterns/T_Desert_Marpat_Pattern.uasset" 105
"C:/Users/Murad/Documents/Unreal Projects/Peacekeeper_3D/Content/FPS_Weapon_Bundle/Weapons/Textures/Patterns/T_Desert_Marpat_Pattern.uexp" 106
"C:/Users/Murad/Documents/Unreal Projects/Peacekeeper_3D/Content/FPS_Weapon_Bundle/Weapons/Textures/Patterns/T_Desert_Marpat_Pattern.ubulk" 107
"C:/Users/Murad/Documents/Unreal Projects/Peacekeeper_3D/Content/FPS_Weapon_Bundle/Weapons/Textures/AR4/T_AR4_NRM.uasset" 108
"C:/Users/Murad/Documents/Unreal Projects/Peacekeeper_3D/Content/FPS_Weapon_Bundle/Weapons/Textures/AR4/T_AR4_NRM.uexp" 109
"C:/Users/Murad/Documents/Unreal Projects/Peacekeeper_3D/Content/FPS_Weapon_Bundle/Weapons/Textures/AR4/T_AR4_NRM.ubulk" 110
"C:/Users/Murad/Documents/Unreal Projects/Peacekeeper_3D/Content/FPS_Weapon_Bundle/Weapons/Textures/AR4/T_AR4_M_MSK.uasset" 111
"C:/Users/Murad/Documents/Unreal Projects/Peacekeeper_3D/Content/FPS_Weapon_Bundle/Weapons/Textures/AR4/T_AR4_M_MSK.uexp" 112
"C:/Users/Murad/Documents/Unreal Projects/Peacekeeper_3D/Content/FPS_Weapon_Bundle/Weapons/Textures/AR4/T_AR4_M_MSK.ubulk" 113
"C:/Users/Murad/Documents/Unreal Projects/Peacekeeper_3D/Content/FPS_Weapon_Bundle/Weapons/Textures/AR4/T_AR4_ALB.uasset" 114
"C:/Users/Murad/Documents/Unreal Projects/Peacekeeper_3D/Content/FPS_Weapon_Bundle/Weapons/Textures/AR4/T_AR4_ALB.uexp" 115
"C:/Users/Murad/Documents/Unreal Projects/Peacekeeper_3D/Content/FPS_Weapon_Bundle/Weapons/Textures/AR4/T_AR4_ALB.ubulk" 116
"C:/Users/Murad/Documents/Unreal Projects/Peacekeeper_3D/Content/FPS_Weapon_Bundle/Weapons/Materials/AR4/M_AR4_Pattern.uasset" 117
"C:/Users/Murad/Documents/Unreal Projects/Peacekeeper_3D/Content/FPS_Weapon_Bundle/Weapons/Materials/AR4/M_AR4_Pattern.uexp" 118
"C:/Users/Murad/Documents/Unreal Projects/Peacekeeper_3D/Content/FPS_Weapon_Bundle/Weapons/Textures/KA47/T_KA47_Gold_M_MSK.uasset" 119
"C:/Users/Murad/Documents/Unreal Projects/Peacekeeper_3D/Content/FPS_Weapon_Bundle/Weapons/Textures/KA47/T_KA47_Gold_M_MSK.uexp" 120
"C:/Users/Murad/Documents/Unreal Projects/Peacekeeper_3D/Content/FPS_Weapon_Bundle/Weapons/Textures/KA47/T_KA47_Gold_M_MSK.ubulk" 121
"C:/Users/Murad/Documents/Unreal Projects/Peacekeeper_3D/Content/FPS_Weapon_Bundle/Weapons/Textures/KA47/T_KA47_Gold_ALB.uasset" 122
"C:/Users/Murad/Documents/Unreal Projects/Peacekeeper_3D/Content/FPS_Weapon_Bundle/Weapons/Textures/KA47/T_KA47_Gold_ALB.uexp" 123
"C:/Users/Murad/Documents/Unreal Projects/Peacekeeper_3D/Content/FPS_Weapon_Bundle/Weapons/Textures/KA47/T_KA47_Gold_ALB.ubulk" 124
"C:/Users/Murad/Documents/Unreal Projects/Peacekeeper_3D/Content/FPS_Weapon_Bundle/Weapons/Textures/KA47/T_KA47_NRM.uasset" 125
"C:/Users/Murad/Documents/Unreal Projects/Peacekeeper_3D/Content/FPS_Weapon_Bundle/Weapons/Textures/KA47/T_KA47_NRM.uexp" 126
"C:/Users/Murad/Documents/Unreal Projects/Peacekeeper_3D/Content/FPS_Weapon_Bundle/Weapons/Textures/KA47/T_KA47_NRM.ubulk" 127
"C:/Users/Murad/Documents/Unreal Projects/Peacekeeper_3D/Content/FPS_Weapon_Bundle/Weapons/Materials/Ka47/M_KA47_Gold.uasset" 128
"C:/Users/Murad/Documents/Unreal Projects/Peacekeeper_3D/Content/FPS_Weapon_Bundle/Weapons/Materials/Ka47/M_KA47_Gold.uexp" 129
"C:/Users/Murad/Documents/Unreal Projects/Peacekeeper_3D/Content/FPS_Weapon_Bundle/Weapons/Textures/KA47/T_KA47_M_MSK.uasset" 130
"C:/Users/Murad/Documents/Unreal Projects/Peacekeeper_3D/Content/FPS_Weapon_Bundle/Weapons/Textures/KA47/T_KA47_M_MSK.uexp" 131
"C:/Users/Murad/Documents/Unreal Projects/Peacekeeper_3D/Content/FPS_Weapon_Bundle/Weapons/Textures/KA47/T_KA47_M_MSK.ubulk" 132
"C:/Users/Murad/Documents/Unreal Projects/Peacekeeper_3D/Content/FPS_Weapon_Bundle/Weapons/Textures/KA47/T_KA47_ALB.uasset" 133
"C:/Users/Murad/Documents/Unreal Projects/Peacekeeper_3D/Content/FPS_Weapon_Bundle/Weapons/Textures/KA47/T_KA47_ALB.uexp" 134
"C:/Users/Murad/Documents/Unreal Projects/Peacekeeper_3D/Content/FPS_Weapon_Bundle/Weapons/Textures/KA47/T_KA47_ALB.ubulk" 135
"C:/Users/Murad/Documents/Unreal Projects/Peacekeeper_3D/Content/FPS_Weapon_Bundle/Weapons/Materials/Ka47/M_KA47.uasset" 136
"C:/Users/Murad/Documents/Unreal Projects/Peacekeeper_3D/Content/FPS_Weapon_Bundle/Weapons/Materials/Ka47/M_KA47.uexp" 137
"C:/Users/Murad/Documents/Unreal Projects/Peacekeeper_3D/Content/FPS_Weapon_Bundle/Weapons/Materials/Ka47/M_KA47_Pattern.uasset" 138
"C:/Users/Murad/Documents/Unreal Projects/Peacekeeper_3D/Content/FPS_Weapon_Bundle/Weapons/Materials/Ka47/M_KA47_Pattern.uexp" 139
"C:/Users/Murad/Documents/Unreal Projects/Peacekeeper_3D/Content/FPS_Weapon_Bundle/Weapons/Textures/KA74U/T_KA74U_Gold_M_MSK.uasset" 140
"C:/Users/Murad/Documents/Unreal Projects/Peacekeeper_3D/Content/FPS_Weapon_Bundle/Weapons/Textures/KA74U/T_KA74U_Gold_M_MSK.uexp" 141
"C:/Users/Murad/Documents/Unreal Projects/Peacekeeper_3D/Content/FPS_Weapon_Bundle/Weapons/Textures/KA74U/T_KA74U_Gold_M_MSK.ubulk" 142
"C:/Users/Murad/Documents/Unreal Projects/Peacekeeper_3D/Content/FPS_Weapon_Bundle/Weapons/Textures/KA74U/T_KA74U_Gold_ALB.uasset" 143
"C:/Users/Murad/Documents/Unreal Projects/Peacekeeper_3D/Content/FPS_Weapon_Bundle/Weapons/Textures/KA74U/T_KA74U_Gold_ALB.uexp" 144
"C:/Users/Murad/Documents/Unreal Projects/Peacekeeper_3D/Content/FPS_Weapon_Bundle/Weapons/Textures/KA74U/T_KA74U_Gold_ALB.ubulk" 145
"C:/Users/Murad/Documents/Unreal Projects/Peacekeeper_3D/Content/FPS_Weapon_Bundle/Weapons/Materials/KA74U/M_KA74U.uasset" 146
"C:/Users/Murad/Documents/Unreal Projects/Peacekeeper_3D/Content/FPS_Weapon_Bundle/Weapons/Materials/KA74U/M_KA74U.uexp" 147
"C:/Users/Murad/Documents/Unreal Projects/Peacekeeper_3D/Content/FPS_Weapon_Bundle/Weapons/Materials/KA74U/M_KA74U_Gold.uasset" 148
"C:/Users/Murad/Documents/Unreal Projects/Peacekeeper_3D/Content/FPS_Weapon_Bundle/Weapons/Materials/KA74U/M_KA74U_Gold.uexp" 149
"C:/Users/Murad/Documents/Unreal Projects/Peacekeeper_3D/Content/FPS_Weapon_Bundle/Weapons/Textures/Patterns/T_LeafSpray_Pattern.uasset" 150
"C:/Users/Murad/Documents/Unreal Projects/Peacekeeper_3D/Content/FPS_Weapon_Bundle/Weapons/Textures/Patterns/T_LeafSpray_Pattern.uexp" 151
"C:/Users/Murad/Documents/Unreal Projects/Peacekeeper_3D/Content/FPS_Weapon_Bundle/Weapons/Textures/Patterns/T_LeafSpray_Pattern.ubulk" 152
"C:/Users/Murad/Documents/Unreal Projects/Peacekeeper_3D/Content/FPS_Weapon_Bundle/Weapons/Materials/KA74U/M_KA74U_LeafSpray.uasset" 153
"C:/Users/Murad/Documents/Unreal Projects/Peacekeeper_3D/Content/FPS_Weapon_Bundle/Weapons/Materials/KA74U/M_KA74U_LeafSpray.uexp" 154
"C:/Users/Murad/Documents/Unreal Projects/Peacekeeper_3D/Content/FPS_Weapon_Bundle/Weapons/Textures/KA_Val/T_KA_Val_Black_ALB.uasset" 155
"C:/Users/Murad/Documents/Unreal Projects/Peacekeeper_3D/Content/FPS_Weapon_Bundle/Weapons/Textures/KA_Val/T_KA_Val_Black_ALB.uexp" 156
"C:/Users/Murad/Documents/Unreal Projects/Peacekeeper_3D/Content/FPS_Weapon_Bundle/Weapons/Textures/KA_Val/T_KA_Val_Black_ALB.ubulk" 157
"C:/Users/Murad/Documents/Unreal Projects/Peacekeeper_3D/Content/FPS_Weapon_Bundle/Weapons/Textures/KA_Val/T_KA_Val_NRM.uasset" 158
"C:/Users/Murad/Documents/Unreal Projects/Peacekeeper_3D/Content/FPS_Weapon_Bundle/Weapons/Textures/KA_Val/T_KA_Val_NRM.uexp" 159
"C:/Users/Murad/Documents/Unreal Projects/Peacekeeper_3D/Content/FPS_Weapon_Bundle/Weapons/Textures/KA_Val/T_KA_Val_NRM.ubulk" 160
"C:/Users/Murad/Documents/Unreal Projects/Peacekeeper_3D/Content/FPS_Weapon_Bundle/Weapons/Textures/KA_Val/T_KA_Val_M_MSK.uasset" 161
"C:/Users/Murad/Documents/Unreal Projects/Peacekeeper_3D/Content/FPS_Weapon_Bundle/Weapons/Textures/KA_Val/T_KA_Val_M_MSK.uexp" 162
"C:/Users/Murad/Documents/Unreal Projects/Peacekeeper_3D/Content/FPS_Weapon_Bundle/Weapons/Textures/KA_Val/T_KA_Val_M_MSK.ubulk" 163
"C:/Users/Murad/Documents/Unreal Projects/Peacekeeper_3D/Content/FPS_Weapon_Bundle/Weapons/Textures/KA_Val/T_KA_Val_ALB.uasset" 164
"C:/Users/Murad/Documents/Unreal Projects/Peacekeeper_3D/Content/FPS_Weapon_Bundle/Weapons/Textures/KA_Val/T_KA_Val_ALB.uexp" 165
"C:/Users/Murad/Documents/Unreal Projects/Peacekeeper_3D/Content/FPS_Weapon_Bundle/Weapons/Textures/KA_Val/T_KA_Val_ALB.ubulk" 166
"C:/Users/Murad/Documents/Unreal Projects/Peacekeeper_3D/Content/FPS_Weapon_Bundle/Weapons/Materials/KA_Val/M_KA_Val.uasset" 167
"C:/Users/Murad/Documents/Unreal Projects/Peacekeeper_3D/Content/FPS_Weapon_Bundle/Weapons/Materials/KA_Val/M_KA_Val.uexp" 168
"C:/Users/Murad/Documents/Unreal Projects/Peacekeeper_3D/Content/FPS_Weapon_Bundle/Weapons/Materials/KA_Val/M_KA_Val_Black.uasset" 169
"C:/Users/Murad/Documents/Unreal Projects/Peacekeeper_3D/Content/FPS_Weapon_Bundle/Weapons/Materials/KA_Val/M_KA_Val_Black.uexp" 170
"C:/Users/Murad/Documents/Unreal Projects/Peacekeeper_3D/Content/FPS_Weapon_Bundle/Weapons/Textures/Patterns/T_Wood_Marpat_Pattern.uasset" 171
"C:/Users/Murad/Documents/Unreal Projects/Peacekeeper_3D/Content/FPS_Weapon_Bundle/Weapons/Textures/Patterns/T_Wood_Marpat_Pattern.uexp" 172
"C:/Users/Murad/Documents/Unreal Projects/Peacekeeper_3D/Content/FPS_Weapon_Bundle/Weapons/Textures/Patterns/T_Wood_Marpat_Pattern.ubulk" 173
"C:/Users/Murad/Documents/Unreal Projects/Peacekeeper_3D/Content/FPS_Weapon_Bundle/Weapons/Materials/KA_Val/M_KA_Val_Black_Camo.uasset" 174
"C:/Users/Murad/Documents/Unreal Projects/Peacekeeper_3D/Content/FPS_Weapon_Bundle/Weapons/Materials/KA_Val/M_KA_Val_Black_Camo.uexp" 175
"C:/Users/Murad/Documents/Unreal Projects/Peacekeeper_3D/Content/FPS_Weapon_Bundle/Weapons/Materials/KA_Val/M_KA_Val_Black_Striped.uasset" 176
"C:/Users/Murad/Documents/Unreal Projects/Peacekeeper_3D/Content/FPS_Weapon_Bundle/Weapons/Materials/KA_Val/M_KA_Val_Black_Striped.uexp" 177
"C:/Users/Murad/Documents/Unreal Projects/Peacekeeper_3D/Content/FPS_Weapon_Bundle/Weapons/Textures/RDS/T_RDS_02.uasset" 178
"C:/Users/Murad/Documents/Unreal Projects/Peacekeeper_3D/Content/FPS_Weapon_Bundle/Weapons/Textures/RDS/T_RDS_02.uexp" 179
"C:/Users/Murad/Documents/Unreal Projects/Peacekeeper_3D/Content/FPS_Weapon_Bundle/Weapons/Textures/RDS/T_RDS_01.uasset" 180
"C:/Users/Murad/Documents/Unreal Projects/Peacekeeper_3D/Content/FPS_Weapon_Bundle/Weapons/Textures/RDS/T_RDS_01.uexp" 181
"C:/Users/Murad/Documents/Unreal Projects/Peacekeeper_3D/Content/FPS_Weapon_Bundle/Weapons/Materials/Master_Material/M_RDS_Master.uasset" 182
"C:/Users/Murad/Documents/Unreal Projects/Peacekeeper_3D/Content/FPS_Weapon_Bundle/Weapons/Materials/Master_Material/M_RDS_Master.uexp" 183
"C:/Users/Murad/Documents/Unreal Projects/Peacekeeper_3D/Content/FPS_Weapon_Bundle/Weapons/Materials/RDS/M_RDS_01.uasset" 184
"C:/Users/Murad/Documents/Unreal Projects/Peacekeeper_3D/Content/FPS_Weapon_Bundle/Weapons/Materials/RDS/M_RDS_01.uexp" 185
"C:/Users/Murad/Documents/Unreal Projects/Peacekeeper_3D/Content/FPS_Weapon_Bundle/Weapons/Materials/RDS/M_RDS_02.uasset" 186
"C:/Users/Murad/Documents/Unreal Projects/Peacekeeper_3D/Content/FPS_Weapon_Bundle/Weapons/Materials/RDS/M_RDS_02.uexp" 187
"C:/Users/Murad/Documents/Unreal Projects/Peacekeeper_3D/Content/FPS_Weapon_Bundle/Weapons/Textures/RDS/T_RDS_03.uasset" 188
"C:/Users/Murad/Documents/Unreal Projects/Peacekeeper_3D/Content/FPS_Weapon_Bundle/Weapons/Textures/RDS/T_RDS_03.uexp" 189
"C:/Users/Murad/Documents/Unreal Projects/Peacekeeper_3D/Content/FPS_Weapon_Bundle/Weapons/Materials/RDS/M_RDS_03.uasset" 190
"C:/Users/Murad/Documents/Unreal Projects/Peacekeeper_3D/Content/FPS_Weapon_Bundle/Weapons/Materials/RDS/M_RDS_03.uexp" 191
"C:/Users/Murad/Documents/Unreal Projects/Peacekeeper_3D/Content/FPS_Weapon_Bundle/Weapons/Textures/Patterns/T_Urban_Marpat_Pattern.uasset" 192
"C:/Users/Murad/Documents/Unreal Projects/Peacekeeper_3D/Content/FPS_Weapon_Bundle/Weapons/Textures/Patterns/T_Urban_Marpat_Pattern.uexp" 193
"C:/Users/Murad/Documents/Unreal Projects/Peacekeeper_3D/Content/FPS_Weapon_Bundle/Weapons/Textures/Patterns/T_Urban_Marpat_Pattern.ubulk" 194
"C:/Users/Murad/Documents/Unreal Projects/Peacekeeper_3D/Content/FPS_Weapon_Bundle/Weapons/Textures/SMG11/T_SMG11_NRM.uasset" 195
"C:/Users/Murad/Documents/Unreal Projects/Peacekeeper_3D/Content/FPS_Weapon_Bundle/Weapons/Textures/SMG11/T_SMG11_NRM.uexp" 196
"C:/Users/Murad/Documents/Unreal Projects/Peacekeeper_3D/Content/FPS_Weapon_Bundle/Weapons/Textures/SMG11/T_SMG11_NRM.ubulk" 197
"C:/Users/Murad/Documents/Unreal Projects/Peacekeeper_3D/Content/FPS_Weapon_Bundle/Weapons/Textures/SMG11/T_SMG11_M_MSK.uasset" 198
"C:/Users/Murad/Documents/Unreal Projects/Peacekeeper_3D/Content/FPS_Weapon_Bundle/Weapons/Textures/SMG11/T_SMG11_M_MSK.uexp" 199
"C:/Users/Murad/Documents/Unreal Projects/Peacekeeper_3D/Content/FPS_Weapon_Bundle/Weapons/Textures/SMG11/T_SMG11_M_MSK.ubulk" 200
"C:/Users/Murad/Documents/Unreal Projects/Peacekeeper_3D/Content/FPS_Weapon_Bundle/Weapons/Textures/SMG11/T_SMG11_ALB.uasset" 201
"C:/Users/Murad/Documents/Unreal Projects/Peacekeeper_3D/Content/FPS_Weapon_Bundle/Weapons/Textures/SMG11/T_SMG11_ALB.uexp" 202
"C:/Users/Murad/Documents/Unreal Projects/Peacekeeper_3D/Content/FPS_Weapon_Bundle/Weapons/Textures/SMG11/T_SMG11_ALB.ubulk" 203
"C:/Users/Murad/Documents/Unreal Projects/Peacekeeper_3D/Content/FPS_Weapon_Bundle/Weapons/Materials/SMG11/M_SMG11.uasset" 204
"C:/Users/Murad/Documents/Unreal Projects/Peacekeeper_3D/Content/FPS_Weapon_Bundle/Weapons/Materials/SMG11/M_SMG11.uexp" 205
"C:/Users/Murad/Documents/Unreal Projects/Peacekeeper_3D/Content/FPS_Weapon_Bundle/Weapons/Materials/SMG11/M_SMG11_Camo.uasset" 206
"C:/Users/Murad/Documents/Unreal Projects/Peacekeeper_3D/Content/FPS_Weapon_Bundle/Weapons/Materials/SMG11/M_SMG11_Camo.uexp" 207
"C:/Users/Murad/Documents/Unreal Projects/Peacekeeper_3D/Content/FPS_Weapon_Bundle/Weapons/Materials/SMG11/M_SMG11_Color.uasset" 208
"C:/Users/Murad/Documents/Unreal Projects/Peacekeeper_3D/Content/FPS_Weapon_Bundle/Weapons/Materials/SMG11/M_SMG11_Color.uexp" 209
"C:/Users/Murad/Documents/Unreal Projects/Peacekeeper_3D/Content/FPS_Weapon_Bundle/Weapons/Textures/Accessories/T_Scope_25x56_Lens_M_MSK.uasset" 210
"C:/Users/Murad/Documents/Unreal Projects/Peacekeeper_3D/Content/FPS_Weapon_Bundle/Weapons/Textures/Accessories/T_Scope_25x56_Lens_M_MSK.uexp" 211
"C:/Users/Murad/Documents/Unreal Projects/Peacekeeper_3D/Content/FPS_Weapon_Bundle/Weapons/Textures/Accessories/T_Scope_25x56_Lens_M_MSK.ubulk" 212
"C:/Users/Murad/Documents/Unreal Projects/Peacekeeper_3D/Content/FPS_Weapon_Bundle/Weapons/Textures/Accessories/T_Scope_25x56_Lens_ALB.uasset" 213
"C:/Users/Murad/Documents/Unreal Projects/Peacekeeper_3D/Content/FPS_Weapon_Bundle/Weapons/Textures/Accessories/T_Scope_25x56_Lens_ALB.uexp" 214
"C:/Users/Murad/Documents/Unreal Projects/Peacekeeper_3D/Content/FPS_Weapon_Bundle/Weapons/Textures/Accessories/T_Scope_25x56_Lens_ALB.ubulk" 215
"C:/Users/Murad/Documents/Unreal Projects/Peacekeeper_3D/Content/FPS_Weapon_Bundle/Weapons/Materials/Master_Material/M_Scope_Lens_MASTER.uasset" 216
"C:/Users/Murad/Documents/Unreal Projects/Peacekeeper_3D/Content/FPS_Weapon_Bundle/Weapons/Materials/Master_Material/M_Scope_Lens_MASTER.uexp" 217
"C:/Users/Murad/Documents/Unreal Projects/Peacekeeper_3D/Content/FPS_Weapon_Bundle/Weapons/Materials/Accessories/M_Scope_25x56_Lens.uasset" 218
"C:/Users/Murad/Documents/Unreal Projects/Peacekeeper_3D/Content/FPS_Weapon_Bundle/Weapons/Materials/Accessories/M_Scope_25x56_Lens.uexp" 219
"C:/Users/Murad/Documents/Unreal Projects/Peacekeeper_3D/Content/FPS_Weapon_Bundle/Weapons/Textures/Accessories/T_Scope_25x56_NRM.uasset" 220
"C:/Users/Murad/Documents/Unreal Projects/Peacekeeper_3D/Content/FPS_Weapon_Bundle/Weapons/Textures/Accessories/T_Scope_25x56_NRM.uexp" 221
"C:/Users/Murad/Documents/Unreal Projects/Peacekeeper_3D/Content/FPS_Weapon_Bundle/Weapons/Textures/Accessories/T_Scope_25x56_NRM.ubulk" 222
"C:/Users/Murad/Documents/Unreal Projects/Peacekeeper_3D/Content/FPS_Weapon_Bundle/Weapons/Textures/Accessories/T_Scope_25x56_M_MSK.uasset" 223
"C:/Users/Murad/Documents/Unreal Projects/Peacekeeper_3D/Content/FPS_Weapon_Bundle/Weapons/Textures/Accessories/T_Scope_25x56_M_MSK.uexp" 224
"C:/Users/Murad/Documents/Unreal Projects/Peacekeeper_3D/Content/FPS_Weapon_Bundle/Weapons/Textures/Accessories/T_Scope_25x56_M_MSK.ubulk" 225
"C:/Users/Murad/Documents/Unreal Projects/Peacekeeper_3D/Content/FPS_Weapon_Bundle/Weapons/Textures/Accessories/T_Scope_25x56_ALB.uasset" 226
"C:/Users/Murad/Documents/Unreal Projects/Peacekeeper_3D/Content/FPS_Weapon_Bundle/Weapons/Textures/Accessories/T_Scope_25x56_ALB.uexp" 227
"C:/Users/Murad/Documents/Unreal Projects/Peacekeeper_3D/Content/FPS_Weapon_Bundle/Weapons/Textures/Accessories/T_Scope_25x56_ALB.ubulk" 228
"C:/Users/Murad/Documents/Unreal Projects/Peacekeeper_3D/Content/FPS_Weapon_Bundle/Weapons/Materials/Accessories/M_Scope_25x56.uasset" 229
"C:/Users/Murad/Documents/Unreal Projects/Peacekeeper_3D/Content/FPS_Weapon_Bundle/Weapons/Materials/Accessories/M_Scope_25x56.uexp" 230
"C:/Users/Murad/Documents/Unreal Projects/Peacekeeper_3D/Content/FPS_Weapon_Bundle/Weapons/Meshes/Accessories/SM_Scope_25x56_X.uasset" 231
"C:/Users/Murad/Documents/Unreal Projects/Peacekeeper_3D/Content/FPS_Weapon_Bundle/Weapons/Meshes/Accessories/SM_Scope_25x56_X.uexp" 232
"C:/Users/Murad/Documents/Unreal Projects/Peacekeeper_3D/Content/FPS_Weapon_Bundle/Weapons/Materials/AR4/M_AR4.uasset" 233
"C:/Users/Murad/Documents/Unreal Projects/Peacekeeper_3D/Content/FPS_Weapon_Bundle/Weapons/Materials/AR4/M_AR4.uexp" 234
"C:/Users/Murad/Documents/Unreal Projects/Peacekeeper_3D/Content/FPS_Weapon_Bundle/Weapons/Textures/Ammunition/T_762x39_NRM.uasset" 235
"C:/Users/Murad/Documents/Unreal Projects/Peacekeeper_3D/Content/FPS_Weapon_Bundle/Weapons/Textures/Ammunition/T_762x39_NRM.uexp" 236
"C:/Users/Murad/Documents/Unreal Projects/Peacekeeper_3D/Content/FPS_Weapon_Bundle/Weapons/Textures/Ammunition/T_762x39_NRM.ubulk" 237
"C:/Users/Murad/Documents/Unreal Projects/Peacekeeper_3D/Content/FPS_Weapon_Bundle/Weapons/Textures/Ammunition/T_762x39_M_MSK.uasset" 238
"C:/Users/Murad/Documents/Unreal Projects/Peacekeeper_3D/Content/FPS_Weapon_Bundle/Weapons/Textures/Ammunition/T_762x39_M_MSK.uexp" 239
"C:/Users/Murad/Documents/Unreal Projects/Peacekeeper_3D/Content/FPS_Weapon_Bundle/Weapons/Textures/Ammunition/T_762x39_M_MSK.ubulk" 240
"C:/Users/Murad/Documents/Unreal Projects/Peacekeeper_3D/Content/FPS_Weapon_Bundle/Weapons/Textures/Ammunition/T_762x39_ALB.uasset" 241
"C:/Users/Murad/Documents/Unreal Projects/Peacekeeper_3D/Content/FPS_Weapon_Bundle/Weapons/Textures/Ammunition/T_762x39_ALB.uexp" 242
"C:/Users/Murad/Documents/Unreal Projects/Peacekeeper_3D/Content/FPS_Weapon_Bundle/Weapons/Textures/Ammunition/T_762x39_ALB.ubulk" 243
"C:/Users/Murad/Documents/Unreal Projects/Peacekeeper_3D/Content/FPS_Weapon_Bundle/Weapons/Materials/Ammunition/M_762x39_Empty.uasset" 244
"C:/Users/Murad/Documents/Unreal Projects/Peacekeeper_3D/Content/FPS_Weapon_Bundle/Weapons/Materials/Ammunition/M_762x39_Empty.uexp" 245
"C:/Users/Murad/Documents/Unreal Projects/Peacekeeper_3D/Content/FPS_Weapon_Bundle/Weapons/Meshes/AR4/SK_AR4_X_Skeleton.uasset" 246
"C:/Users/Murad/Documents/Unreal Projects/Peacekeeper_3D/Content/FPS_Weapon_Bundle/Weapons/Meshes/AR4/SK_AR4_X_Skeleton.uexp" 247
"C:/Users/Murad/Documents/Unreal Projects/Peacekeeper_3D/Content/FPS_Weapon_Bundle/Weapons/Meshes/AR4/SK_AR4_X_Physics.uasset" 248
"C:/Users/Murad/Documents/Unreal Projects/Peacekeeper_3D/Content/FPS_Weapon_Bundle/Weapons/Meshes/AR4/SK_AR4_X_Physics.uexp" 249
"C:/Users/Murad/Documents/Unreal Projects/Peacekeeper_3D/Content/FPS_Weapon_Bundle/Weapons/Meshes/AR4/SK_AR4_X.uasset" 250
"C:/Users/Murad/Documents/Unreal Projects/Peacekeeper_3D/Content/FPS_Weapon_Bundle/Weapons/Meshes/AR4/SK_AR4_X.uexp" 251
"C:/Users/Murad/Documents/Unreal Projects/Peacekeeper_3D/Content/FPS_Weapon_Bundle/Weapons/Meshes/AR4/SM_AR4.uasset" 252
"C:/Users/Murad/Documents/Unreal Projects/Peacekeeper_3D/Content/FPS_Weapon_Bundle/Weapons/Meshes/AR4/SM_AR4.uexp" 253
"C:/Users/Murad/Documents/Unreal Projects/Peacekeeper_3D/Content/FPS_Weapon_Bundle/Weapons/Meshes/AR4/SM_AR4_X.uasset" 254
"C:/Users/Murad/Documents/Unreal Projects/Peacekeeper_3D/Content/FPS_Weapon_Bundle/Weapons/Meshes/AR4/SM_AR4_X.uexp" 255
"C:/Users/Murad/Documents/Unreal Projects/Peacekeeper_3D/Content/FPS_Weapon_Bundle/Weapons/Textures/G67_Grenade/T_G67_NRM.uasset" 256
"C:/Users/Murad/Documents/Unreal Projects/Peacekeeper_3D/Content/FPS_Weapon_Bundle/Weapons/Textures/G67_Grenade/T_G67_NRM.uexp" 257
"C:/Users/Murad/Documents/Unreal Projects/Peacekeeper_3D/Content/FPS_Weapon_Bundle/Weapons/Textures/G67_Grenade/T_G67_NRM.ubulk" 258
"C:/Users/Murad/Documents/Unreal Projects/Peacekeeper_3D/Content/FPS_Weapon_Bundle/Weapons/Textures/G67_Grenade/T_G67_M_MSK.uasset" 259
"C:/Users/Murad/Documents/Unreal Projects/Peacekeeper_3D/Content/FPS_Weapon_Bundle/Weapons/Textures/G67_Grenade/T_G67_M_MSK.uexp" 260
"C:/Users/Murad/Documents/Unreal Projects/Peacekeeper_3D/Content/FPS_Weapon_Bundle/Weapons/Textures/G67_Grenade/T_G67_M_MSK.ubulk" 261
"C:/Users/Murad/Documents/Unreal Projects/Peacekeeper_3D/Content/FPS_Weapon_Bundle/Weapons/Textures/G67_Grenade/T_G67_ALB.uasset" 262
"C:/Users/Murad/Documents/Unreal Projects/Peacekeeper_3D/Content/FPS_Weapon_Bundle/Weapons/Textures/G67_Grenade/T_G67_ALB.uexp" 263
"C:/Users/Murad/Documents/Unreal Projects/Peacekeeper_3D/Content/FPS_Weapon_Bundle/Weapons/Textures/G67_Grenade/T_G67_ALB.ubulk" 264
"C:/Users/Murad/Documents/Unreal Projects/Peacekeeper_3D/Content/FPS_Weapon_Bundle/Weapons/Materials/G67_Grenade/M_G67.uasset" 265
"C:/Users/Murad/Documents/Unreal Projects/Peacekeeper_3D/Content/FPS_Weapon_Bundle/Weapons/Materials/G67_Grenade/M_G67.uexp" 266
"C:/Users/Murad/Documents/Unreal Projects/Peacekeeper_3D/Content/FPS_Weapon_Bundle/Weapons/Meshes/G67_Grenade/SK_G67_Skeleton.uasset" 267
"C:/Users/Murad/Documents/Unreal Projects/Peacekeeper_3D/Content/FPS_Weapon_Bundle/Weapons/Meshes/G67_Grenade/SK_G67_Skeleton.uexp" 268
"C:/Users/Murad/Documents/Unreal Projects/Peacekeeper_3D/Content/FPS_Weapon_Bundle/Weapons/Meshes/G67_Grenade/SK_G67_Physics.uasset" 269
"C:/Users/Murad/Documents/Unreal Projects/Peacekeeper_3D/Content/FPS_Weapon_Bundle/Weapons/Meshes/G67_Grenade/SK_G67_Physics.uexp" 270
"C:/Users/Murad/Documents/Unreal Projects/Peacekeeper_3D/Content/FPS_Weapon_Bundle/Weapons/Meshes/G67_Grenade/SK_G67.uasset" 271
"C:/Users/Murad/Documents/Unreal Projects/Peacekeeper_3D/Content/FPS_Weapon_Bundle/Weapons/Meshes/G67_Grenade/SK_G67.uexp" 272
"C:/Users/Murad/Documents/Unreal Projects/Peacekeeper_3D/Content/FPS_Weapon_Bundle/Weapons/Meshes/G67_Grenade/SM_G67.uasset" 273
"C:/Users/Murad/Documents/Unreal Projects/Peacekeeper_3D/Content/FPS_Weapon_Bundle/Weapons/Meshes/G67_Grenade/SM_G67.uexp" 274
"C:/Users/Murad/Documents/Unreal Projects/Peacekeeper_3D/Content/FPS_Weapon_Bundle/Weapons/Meshes/G67_Grenade/SM_G67_Thrown.uasset" 275
"C:/Users/Murad/Documents/Unreal Projects/Peacekeeper_3D/Content/FPS_Weapon_Bundle/Weapons/Meshes/G67_Grenade/SM_G67_Thrown.uexp" 276
"C:/Users/Murad/Documents/Unreal Projects/Peacekeeper_3D/Content/FPS_Weapon_Bundle/Weapons/Meshes/G67_Grenade/SM_G67_X.uasset" 277
"C:/Users/Murad/Documents/Unreal Projects/Peacekeeper_3D/Content/FPS_Weapon_Bundle/Weapons/Meshes/G67_Grenade/SM_G67_X.uexp" 278
"C:/Users/Murad/Documents/Unreal Projects/Peacekeeper_3D/Content/FPS_Weapon_Bundle/Weapons/Meshes/Ka47/SK_KA47_X_Skeleton.uasset" 279
"C:/Users/Murad/Documents/Unreal Projects/Peacekeeper_3D/Content/FPS_Weapon_Bundle/Weapons/Meshes/Ka47/SK_KA47_X_Skeleton.uexp" 280
"C:/Users/Murad/Documents/Unreal Projects/Peacekeeper_3D/Content/FPS_Weapon_Bundle/Weapons/Meshes/Ka47/SK_KA47_X_Physics.uasset" 281
"C:/Users/Murad/Documents/Unreal Projects/Peacekeeper_3D/Content/FPS_Weapon_Bundle/Weapons/Meshes/Ka47/SK_KA47_X_Physics.uexp" 282
"C:/Users/Murad/Documents/Unreal Projects/Peacekeeper_3D/Content/FPS_Weapon_Bundle/Weapons/Meshes/Ka47/SK_KA47_X.uasset" 283
"C:/Users/Murad/Documents/Unreal Projects/Peacekeeper_3D/Content/FPS_Weapon_Bundle/Weapons/Meshes/Ka47/SK_KA47_X.uexp" 284
"C:/Users/Murad/Documents/Unreal Projects/Peacekeeper_3D/Content/FPS_Weapon_Bundle/Weapons/Meshes/Ka47/SM_KA47_X.uasset" 285
"C:/Users/Murad/Documents/Unreal Projects/Peacekeeper_3D/Content/FPS_Weapon_Bundle/Weapons/Meshes/Ka47/SM_KA47_X.uexp" 286
"C:/Users/Murad/Documents/Unreal Projects/Peacekeeper_3D/Content/FPS_Weapon_Bundle/Weapons/Meshes/KA74U/SK_KA74U_X_Skeleton.uasset" 287
"C:/Users/Murad/Documents/Unreal Projects/Peacekeeper_3D/Content/FPS_Weapon_Bundle/Weapons/Meshes/KA74U/SK_KA74U_X_Skeleton.uexp" 288
"C:/Users/Murad/Documents/Unreal Projects/Peacekeeper_3D/Content/FPS_Weapon_Bundle/Weapons/Meshes/KA74U/SK_KA74U_X_Physics.uasset" 289
"C:/Users/Murad/Documents/Unreal Projects/Peacekeeper_3D/Content/FPS_Weapon_Bundle/Weapons/Meshes/KA74U/SK_KA74U_X_Physics.uexp" 290
"C:/Users/Murad/Documents/Unreal Projects/Peacekeeper_3D/Content/FPS_Weapon_Bundle/Weapons/Meshes/KA74U/SK_KA74U_X.uasset" 291
"C:/Users/Murad/Documents/Unreal Projects/Peacekeeper_3D/Content/FPS_Weapon_Bundle/Weapons/Meshes/KA74U/SK_KA74U_X.uexp" 292
"C:/Users/Murad/Documents/Unreal Projects/Peacekeeper_3D/Content/FPS_Weapon_Bundle/Weapons/Meshes/KA74U/SM_KA74U_Mag_Empty_Y.uasset" 293
"C:/Users/Murad/Documents/Unreal Projects/Peacekeeper_3D/Content/FPS_Weapon_Bundle/Weapons/Meshes/KA74U/SM_KA74U_Mag_Empty_Y.uexp" 294
"C:/Users/Murad/Documents/Unreal Projects/Peacekeeper_3D/Content/FPS_Weapon_Bundle/Weapons/Meshes/KA74U/SM_KA74U_Mag_Y.uasset" 295
"C:/Users/Murad/Documents/Unreal Projects/Peacekeeper_3D/Content/FPS_Weapon_Bundle/Weapons/Meshes/KA74U/SM_KA74U_Mag_Y.uexp" 296
"C:/Users/Murad/Documents/Unreal Projects/Peacekeeper_3D/Content/FPS_Weapon_Bundle/Weapons/Meshes/KA74U/SM_KA74U_X.uasset" 297
"C:/Users/Murad/Documents/Unreal Projects/Peacekeeper_3D/Content/FPS_Weapon_Bundle/Weapons/Meshes/KA74U/SM_KA74U_X.uexp" 298
"C:/Users/Murad/Documents/Unreal Projects/Peacekeeper_3D/Content/FPS_Weapon_Bundle/Weapons/Meshes/KA_Val/SK_KA_Val_X_Skeleton.uasset" 299
"C:/Users/Murad/Documents/Unreal Projects/Peacekeeper_3D/Content/FPS_Weapon_Bundle/Weapons/Meshes/KA_Val/SK_KA_Val_X_Skeleton.uexp" 300
"C:/Users/Murad/Documents/Unreal Projects/Peacekeeper_3D/Content/FPS_Weapon_Bundle/Weapons/Meshes/KA_Val/SK_KA_Val_X_Physics.uasset" 301
"C:/Users/Murad/Documents/Unreal Projects/Peacekeeper_3D/Content/FPS_Weapon_Bundle/Weapons/Meshes/KA_Val/SK_KA_Val_X_Physics.uexp" 302
"C:/Users/Murad/Documents/Unreal Projects/Peacekeeper_3D/Content/FPS_Weapon_Bundle/Weapons/Meshes/KA_Val/SK_KA_Val_X.uasset" 303
"C:/Users/Murad/Documents/Unreal Projects/Peacekeeper_3D/Content/FPS_Weapon_Bundle/Weapons/Meshes/KA_Val/SK_KA_Val_X.uexp" 304
"C:/Users/Murad/Documents/Unreal Projects/Peacekeeper_3D/Content/FPS_Weapon_Bundle/Weapons/Meshes/KA_Val/SM_KA_Val_Mag_X.uasset" 305
"C:/Users/Murad/Documents/Unreal Projects/Peacekeeper_3D/Content/FPS_Weapon_Bundle/Weapons/Meshes/KA_Val/SM_KA_Val_Mag_X.uexp" 306
"C:/Users/Murad/Documents/Unreal Projects/Peacekeeper_3D/Content/FPS_Weapon_Bundle/Weapons/Meshes/KA_Val/SM_KA_Val_X.uasset" 307
"C:/Users/Murad/Documents/Unreal Projects/Peacekeeper_3D/Content/FPS_Weapon_Bundle/Weapons/Meshes/KA_Val/SM_KA_Val_X.uexp" 308
"C:/Users/Murad/Documents/Unreal Projects/Peacekeeper_3D/Content/FPS_Weapon_Bundle/Weapons/Meshes/M9_Knife/SK_M9_Knife_Skeleton.uasset" 309
"C:/Users/Murad/Documents/Unreal Projects/Peacekeeper_3D/Content/FPS_Weapon_Bundle/Weapons/Meshes/M9_Knife/SK_M9_Knife_Skeleton.uexp" 310
"C:/Users/Murad/Documents/Unreal Projects/Peacekeeper_3D/Content/FPS_Weapon_Bundle/Weapons/Meshes/M9_Knife/SK_M9_Knife_Physics.uasset" 311
"C:/Users/Murad/Documents/Unreal Projects/Peacekeeper_3D/Content/FPS_Weapon_Bundle/Weapons/Meshes/M9_Knife/SK_M9_Knife_Physics.uexp" 312
"C:/Users/Murad/Documents/Unreal Projects/Peacekeeper_3D/Content/FPS_Weapon_Bundle/Weapons/Textures/M9_Knife/T_M9_NRM.uasset" 313
"C:/Users/Murad/Documents/Unreal Projects/Peacekeeper_3D/Content/FPS_Weapon_Bundle/Weapons/Textures/M9_Knife/T_M9_NRM.uexp" 314
"C:/Users/Murad/Documents/Unreal Projects/Peacekeeper_3D/Content/FPS_Weapon_Bundle/Weapons/Textures/M9_Knife/T_M9_NRM.ubulk" 315
"C:/Users/Murad/Documents/Unreal Projects/Peacekeeper_3D/Content/FPS_Weapon_Bundle/Weapons/Textures/M9_Knife/T_M9_M_MSK.uasset" 316
"C:/Users/Murad/Documents/Unreal Projects/Peacekeeper_3D/Content/FPS_Weapon_Bundle/Weapons/Textures/M9_Knife/T_M9_M_MSK.uexp" 317
"C:/Users/Murad/Documents/Unreal Projects/Peacekeeper_3D/Content/FPS_Weapon_Bundle/Weapons/Textures/M9_Knife/T_M9_M_MSK.ubulk" 318
"C:/Users/Murad/Documents/Unreal Projects/Peacekeeper_3D/Content/FPS_Weapon_Bundle/Weapons/Textures/M9_Knife/T_M9_ALB.uasset" 319
"C:/Users/Murad/Documents/Unreal Projects/Peacekeeper_3D/Content/FPS_Weapon_Bundle/Weapons/Textures/M9_Knife/T_M9_ALB.uexp" 320
"C:/Users/Murad/Documents/Unreal Projects/Peacekeeper_3D/Content/FPS_Weapon_Bundle/Weapons/Textures/M9_Knife/T_M9_ALB.ubulk" 321
"C:/Users/Murad/Documents/Unreal Projects/Peacekeeper_3D/Content/FPS_Weapon_Bundle/Weapons/Materials/M9_Knife/M_M9_Knife.uasset" 322
"C:/Users/Murad/Documents/Unreal Projects/Peacekeeper_3D/Content/FPS_Weapon_Bundle/Weapons/Materials/M9_Knife/M_M9_Knife.uexp" 323
"C:/Users/Murad/Documents/Unreal Projects/Peacekeeper_3D/Content/FPS_Weapon_Bundle/Weapons/Meshes/M9_Knife/SK_M9_Knife.uasset" 324
"C:/Users/Murad/Documents/Unreal Projects/Peacekeeper_3D/Content/FPS_Weapon_Bundle/Weapons/Meshes/M9_Knife/SK_M9_Knife.uexp" 325
"C:/Users/Murad/Documents/Unreal Projects/Peacekeeper_3D/Content/FPS_Weapon_Bundle/Weapons/Meshes/M9_Knife/SM_M9_Knife.uasset" 326
"C:/Users/Murad/Documents/Unreal Projects/Peacekeeper_3D/Content/FPS_Weapon_Bundle/Weapons/Meshes/M9_Knife/SM_M9_Knife.uexp" 327
"C:/Users/Murad/Documents/Unreal Projects/Peacekeeper_3D/Content/FPS_Weapon_Bundle/Weapons/Meshes/M9_Knife/SM_M9_Knife_X.uasset" 328
"C:/Users/Murad/Documents/Unreal Projects/Peacekeeper_3D/Content/FPS_Weapon_Bundle/Weapons/Meshes/M9_Knife/SM_M9_Knife_X.uexp" 329
"C:/Users/Murad/Documents/Unreal Projects/Peacekeeper_3D/Content/FPS_Weapon_Bundle/Weapons/Textures/Ammunition/T_9mm_NRM.uasset" 330
"C:/Users/Murad/Documents/Unreal Projects/Peacekeeper_3D/Content/FPS_Weapon_Bundle/Weapons/Textures/Ammunition/T_9mm_NRM.uexp" 331
"C:/Users/Murad/Documents/Unreal Projects/Peacekeeper_3D/Content/FPS_Weapon_Bundle/Weapons/Textures/Ammunition/T_9mm_NRM.ubulk" 332
"C:/Users/Murad/Documents/Unreal Projects/Peacekeeper_3D/Content/FPS_Weapon_Bundle/Weapons/Textures/Ammunition/T_9mm_M_MSK.uasset" 333
"C:/Users/Murad/Documents/Unreal Projects/Peacekeeper_3D/Content/FPS_Weapon_Bundle/Weapons/Textures/Ammunition/T_9mm_M_MSK.uexp" 334
"C:/Users/Murad/Documents/Unreal Projects/Peacekeeper_3D/Content/FPS_Weapon_Bundle/Weapons/Textures/Ammunition/T_9mm_M_MSK.ubulk" 335
"C:/Users/Murad/Documents/Unreal Projects/Peacekeeper_3D/Content/FPS_Weapon_Bundle/Weapons/Textures/Ammunition/T_9mm_ALB.uasset" 336
"C:/Users/Murad/Documents/Unreal Projects/Peacekeeper_3D/Content/FPS_Weapon_Bundle/Weapons/Textures/Ammunition/T_9mm_ALB.uexp" 337
"C:/Users/Murad/Documents/Unreal Projects/Peacekeeper_3D/Content/FPS_Weapon_Bundle/Weapons/Textures/Ammunition/T_9mm_ALB.ubulk" 338
"C:/Users/Murad/Documents/Unreal Projects/Peacekeeper_3D/Content/FPS_Weapon_Bundle/Weapons/Materials/Ammunition/M_9mm.uasset" 339
"C:/Users/Murad/Documents/Unreal Projects/Peacekeeper_3D/Content/FPS_Weapon_Bundle/Weapons/Materials/Ammunition/M_9mm.uexp" 340
"C:/Users/Murad/Documents/Unreal Projects/Peacekeeper_3D/Content/FPS_Weapon_Bundle/Weapons/Meshes/SMG11/SK_SMG11_Nostock_X_Skeleton.uasset" 341
"C:/Users/Murad/Documents/Unreal Projects/Peacekeeper_3D/Content/FPS_Weapon_Bundle/Weapons/Meshes/SMG11/SK_SMG11_Nostock_X_Skeleton.uexp" 342
"C:/Users/Murad/Documents/Unreal Projects/Peacekeeper_3D/Content/FPS_Weapon_Bundle/Weapons/Meshes/SMG11/SK_SMG11_Nostock_X_Physics.uasset" 343
"C:/Users/Murad/Documents/Unreal Projects/Peacekeeper_3D/Content/FPS_Weapon_Bundle/Weapons/Meshes/SMG11/SK_SMG11_Nostock_X_Physics.uexp" 344
"C:/Users/Murad/Documents/Unreal Projects/Peacekeeper_3D/Content/FPS_Weapon_Bundle/Weapons/Textures/SMG11/T_SMG11_Rem_NRM.uasset" 345
"C:/Users/Murad/Documents/Unreal Projects/Peacekeeper_3D/Content/FPS_Weapon_Bundle/Weapons/Textures/SMG11/T_SMG11_Rem_NRM.uexp" 346
"C:/Users/Murad/Documents/Unreal Projects/Peacekeeper_3D/Content/FPS_Weapon_Bundle/Weapons/Textures/SMG11/T_SMG11_Rem_NRM.ubulk" 347
"C:/Users/Murad/Documents/Unreal Projects/Peacekeeper_3D/Content/FPS_Weapon_Bundle/Weapons/Textures/SMG11/T_SMG11_Rem_M_MSK.uasset" 348
"C:/Users/Murad/Documents/Unreal Projects/Peacekeeper_3D/Content/FPS_Weapon_Bundle/Weapons/Textures/SMG11/T_SMG11_Rem_M_MSK.uexp" 349
"C:/Users/Murad/Documents/Unreal Projects/Peacekeeper_3D/Content/FPS_Weapon_Bundle/Weapons/Textures/SMG11/T_SMG11_Rem_M_MSK.ubulk" 350
"C:/Users/Murad/Documents/Unreal Projects/Peacekeeper_3D/Content/FPS_Weapon_Bundle/Weapons/Textures/SMG11/T_SMG11_Rem_ALB.uasset" 351
"C:/Users/Murad/Documents/Unreal Projects/Peacekeeper_3D/Content/FPS_Weapon_Bundle/Weapons/Textures/SMG11/T_SMG11_Rem_ALB.uexp" 352
"C:/Users/Murad/Documents/Unreal Projects/Peacekeeper_3D/Content/FPS_Weapon_Bundle/Weapons/Textures/SMG11/T_SMG11_Rem_ALB.ubulk" 353
"C:/Users/Murad/Documents/Unreal Projects/Peacekeeper_3D/Content/FPS_Weapon_Bundle/Weapons/Materials/SMG11/M_SMG11_Rem.uasset" 354
"C:/Users/Murad/Documents/Unreal Projects/Peacekeeper_3D/Content/FPS_Weapon_Bundle/Weapons/Materials/SMG11/M_SMG11_Rem.uexp" 355
"C:/Users/Murad/Documents/Unreal Projects/Peacekeeper_3D/Content/FPS_Weapon_Bundle/Weapons/Meshes/SMG11/SK_SMG11_Nostock_X.uasset" 356
"C:/Users/Murad/Documents/Unreal Projects/Peacekeeper_3D/Content/FPS_Weapon_Bundle/Weapons/Meshes/SMG11/SK_SMG11_Nostock_X.uexp" 357
"C:/Users/Murad/Documents/Unreal Projects/Peacekeeper_3D/Content/FPS_Weapon_Bundle/Weapons/Meshes/SMG11/SK_SMG11_X_Skeleton.uasset" 358
"C:/Users/Murad/Documents/Unreal Projects/Peacekeeper_3D/Content/FPS_Weapon_Bundle/Weapons/Meshes/SMG11/SK_SMG11_X_Skeleton.uexp" 359
"C:/Users/Murad/Documents/Unreal Projects/Peacekeeper_3D/Content/FPS_Weapon_Bundle/Weapons/Meshes/SMG11/SK_SMG11_X_Physics.uasset" 360
"C:/Users/Murad/Documents/Unreal Projects/Peacekeeper_3D/Content/FPS_Weapon_Bundle/Weapons/Meshes/SMG11/SK_SMG11_X_Physics.uexp" 361
"C:/Users/Murad/Documents/Unreal Projects/Peacekeeper_3D/Content/FPS_Weapon_Bundle/Weapons/Meshes/SMG11/SK_SMG11_X.uasset" 362
"C:/Users/Murad/Documents/Unreal Projects/Peacekeeper_3D/Content/FPS_Weapon_Bundle/Weapons/Meshes/SMG11/SK_SMG11_X.uexp" 363
"C:/Users/Murad/Documents/Unreal Projects/Peacekeeper_3D/Content/FPS_Weapon_Bundle/Weapons/Meshes/SMG11/SM_SMG11_Mag_Empty_Y.uasset" 364
"C:/Users/Murad/Documents/Unreal Projects/Peacekeeper_3D/Content/FPS_Weapon_Bundle/Weapons/Meshes/SMG11/SM_SMG11_Mag_Empty_Y.uexp" 365
"C:/Users/Murad/Documents/Unreal Projects/Peacekeeper_3D/Content/FPS_Weapon_Bundle/Weapons/Meshes/SMG11/SM_SMG11_Nostock_X.uasset" 366
"C:/Users/Murad/Documents/Unreal Projects/Peacekeeper_3D/Content/FPS_Weapon_Bundle/Weapons/Meshes/SMG11/SM_SMG11_Nostock_X.uexp" 367
"C:/Users/Murad/Documents/Unreal Projects/Peacekeeper_3D/Content/FPS_Weapon_Bundle/Weapons/Meshes/SMG11/SM_SMG11_Nostock_Y.uasset" 368
"C:/Users/Murad/Documents/Unreal Projects/Peacekeeper_3D/Content/FPS_Weapon_Bundle/Weapons/Meshes/SMG11/SM_SMG11_Nostock_Y.uexp" 369
"C:/Users/Murad/Documents/Unreal Projects/Peacekeeper_3D/Content/FPS_Weapon_Bundle/Weapons/Meshes/SMG11/SM_SMG11_X.uasset" 370
"C:/Users/Murad/Documents/Unreal Projects/Peacekeeper_3D/Content/FPS_Weapon_Bundle/Weapons/Meshes/SMG11/SM_SMG11_X.uexp" 371
"C:/Users/Murad/Documents/Unreal Projects/Peacekeeper_3D/Content/FPS_Weapon_Bundle/Weapons/Meshes/SMG11/SM_SMG11_Y.uasset" 372
"C:/Users/Murad/Documents/Unreal Projects/Peacekeeper_3D/Content/FPS_Weapon_Bundle/Weapons/Meshes/SMG11/SM_SMG11_Y.uexp" 373
"C:/Users/Murad/Documents/Unreal Projects/Peacekeeper_3D/Content/FPS_Weapon_Bundle/Weapons/Textures/Patterns/T_80s_Pattern.uasset" 374
"C:/Users/Murad/Documents/Unreal Projects/Peacekeeper_3D/Content/FPS_Weapon_Bundle/Weapons/Textures/Patterns/T_80s_Pattern.uexp" 375
"C:/Users/Murad/Documents/Unreal Projects/Peacekeeper_3D/Content/FPS_Weapon_Bundle/Weapons/Textures/Patterns/T_80s_Pattern.ubulk" 376
"C:/Users/Murad/Documents/Unreal Projects/Peacekeeper_3D/Content/FPS_Weapon_Bundle/Weapons/Textures/Patterns/T_Chochip_Pattern.uasset" 377
"C:/Users/Murad/Documents/Unreal Projects/Peacekeeper_3D/Content/FPS_Weapon_Bundle/Weapons/Textures/Patterns/T_Chochip_Pattern.uexp" 378
"C:/Users/Murad/Documents/Unreal Projects/Peacekeeper_3D/Content/FPS_Weapon_Bundle/Weapons/Textures/Patterns/T_Chochip_Pattern.ubulk" 379
"C:/Users/Murad/Documents/Unreal Projects/Peacekeeper_3D/Content/FPS_Weapon_Bundle/Weapons/Textures/Patterns/T_Cracks_Pattern.uasset" 380
"C:/Users/Murad/Documents/Unreal Projects/Peacekeeper_3D/Content/FPS_Weapon_Bundle/Weapons/Textures/Patterns/T_Cracks_Pattern.uexp" 381
"C:/Users/Murad/Documents/Unreal Projects/Peacekeeper_3D/Content/FPS_Weapon_Bundle/Weapons/Textures/Patterns/T_Cracks_Pattern.ubulk" 382
"C:/Users/Murad/Documents/Unreal Projects/Peacekeeper_3D/Content/FPS_Weapon_Bundle/Weapons/Textures/Patterns/T_Hexagon_Glow_Pattern.uasset" 383
"C:/Users/Murad/Documents/Unreal Projects/Peacekeeper_3D/Content/FPS_Weapon_Bundle/Weapons/Textures/Patterns/T_Hexagon_Glow_Pattern.uexp" 384
"C:/Users/Murad/Documents/Unreal Projects/Peacekeeper_3D/Content/FPS_Weapon_Bundle/Weapons/Textures/Patterns/T_Hexagon_Glow_Pattern.ubulk" 385
"C:/Users/Murad/Documents/Unreal Projects/Peacekeeper_3D/Content/FPS_Weapon_Bundle/Weapons/Textures/Patterns/T_Hexagon_Pattern.uasset" 386
"C:/Users/Murad/Documents/Unreal Projects/Peacekeeper_3D/Content/FPS_Weapon_Bundle/Weapons/Textures/Patterns/T_Hexagon_Pattern.uexp" 387
"C:/Users/Murad/Documents/Unreal Projects/Peacekeeper_3D/Content/FPS_Weapon_Bundle/Weapons/Textures/Patterns/T_Hexagon_Pattern.ubulk" 388
"C:/Users/Murad/Documents/Unreal Projects/Peacekeeper_3D/Content/FPS_Weapon_Bundle/Weapons/Textures/Patterns/T_Ink_Pattern.uasset" 389
"C:/Users/Murad/Documents/Unreal Projects/Peacekeeper_3D/Content/FPS_Weapon_Bundle/Weapons/Textures/Patterns/T_Ink_Pattern.uexp" 390
"C:/Users/Murad/Documents/Unreal Projects/Peacekeeper_3D/Content/FPS_Weapon_Bundle/Weapons/Textures/Patterns/T_Net01_Pattern.uasset" 391
"C:/Users/Murad/Documents/Unreal Projects/Peacekeeper_3D/Content/FPS_Weapon_Bundle/Weapons/Textures/Patterns/T_Net01_Pattern.uexp" 392
"C:/Users/Murad/Documents/Unreal Projects/Peacekeeper_3D/Content/FPS_Weapon_Bundle/Weapons/Textures/Patterns/T_Net01_Pattern.ubulk" 393
"C:/Users/Murad/Documents/Unreal Projects/Peacekeeper_3D/Content/FPS_Weapon_Bundle/Weapons/Textures/Patterns/T_W90K_Pattern.uasset" 394
"C:/Users/Murad/Documents/Unreal Projects/Peacekeeper_3D/Content/FPS_Weapon_Bundle/Weapons/Textures/Patterns/T_W90K_Pattern.uexp" 395
"C:/Users/Murad/Documents/Unreal Projects/Peacekeeper_3D/Content/FPS_Weapon_Bundle/Weapons/Textures/Patterns/T_W90K_Pattern.ubulk" 396
"C:/Users/Murad/Documents/Unreal Projects/Peacekeeper_3D/Content/FPS_Weapon_Bundle/Weapons/Textures/Patterns/T_W90_Pattern.uasset" 397
"C:/Users/Murad/Documents/Unreal Projects/Peacekeeper_3D/Content/FPS_Weapon_Bundle/Weapons/Textures/Patterns/T_W90_Pattern.uexp" 398
"C:/Users/Murad/Documents/Unreal Projects/Peacekeeper_3D/Content/FPS_Weapon_Bundle/Weapons/Textures/Patterns/T_W90_Pattern.ubulk" 399
"C:/Users/Murad/Documents/Unreal Projects/Peacekeeper_3D/Content/Mannequin/Animations/ThirdPersonJump_End.uasset" 400
"C:/Users/Murad/Documents/Unreal Projects/Peacekeeper_3D/Content/Mannequin/Animations/ThirdPersonJump_End.uexp" 401
"C:/Users/Murad/Documents/Unreal Projects/Peacekeeper_3D/Content/Mannequin/Animations/ThirdPersonJump_Loop.uasset" 402
"C:/Users/Murad/Documents/Unreal Projects/Peacekeeper_3D/Content/Mannequin/Animations/ThirdPersonJump_Loop.uexp" 403
"C:/Users/Murad/Documents/Unreal Projects/Peacekeeper_3D/Content/Mannequin/Animations/ThirdPersonJump_Start.uasset" 404
"C:/Users/Murad/Documents/Unreal Projects/Peacekeeper_3D/Content/Mannequin/Animations/ThirdPersonJump_Start.uexp" 405
"../../../Engine/Content/EditorBlueprintResources/StandardMacros.uasset" 406
"../../../Engine/Content/EditorBlueprintResources/StandardMacros.uexp" 407
"C:/Users/Murad/Documents/Unreal Projects/Peacekeeper_3D/Content/ThirdPersonBP/Blueprints/Widgets/WB_Pause_Menu.uasset" 408
"C:/Users/Murad/Documents/Unreal Projects/Peacekeeper_3D/Content/ThirdPersonBP/Blueprints/Widgets/WB_Pause_Menu.uexp" 409
"C:/Users/Murad/Documents/Unreal Projects/Peacekeeper_3D/Content/ThirdPersonBP/Blueprints/Widgets/WB_Game_Over_Menu.uasset" 410
"C:/Users/Murad/Documents/Unreal Projects/Peacekeeper_3D/Content/ThirdPersonBP/Blueprints/Widgets/WB_Game_Over_Menu.uexp" 411
"../../../Engine/Content/VREditor/Sounds/UI/Flashlight_Switch.uasset" 412
"../../../Engine/Content/VREditor/Sounds/UI/Flashlight_Switch.uexp" 413
"../../../Engine/Content/VREditor/Sounds/UI/Dockable_Window_Pick_Up.uasset" 414
"../../../Engine/Content/VREditor/Sounds/UI/Dockable_Window_Pick_Up.uexp" 415
"../../../Engine/Content/EditorSounds/Notifications/CompileFailed.uasset" 416
"../../../Engine/Content/EditorSounds/Notifications/CompileFailed.uexp" 417
"C:/Users/Murad/Documents/Unreal Projects/Peacekeeper_3D/Content/ThirdPersonBP/Blueprints/Player/PlayerUpgrades/E_Upgrade.uasset" 418
"C:/Users/Murad/Documents/Unreal Projects/Peacekeeper_3D/Content/ThirdPersonBP/Blueprints/Player/PlayerUpgrades/E_Upgrade.uexp" 419
"C:/Users/Murad/Documents/Unreal Projects/Peacekeeper_3D/Content/ThirdPersonBP/Blueprints/Player/PlayerUpgrades/BPI_PlayerLevel.uasset" 420
"C:/Users/Murad/Documents/Unreal Projects/Peacekeeper_3D/Content/ThirdPersonBP/Blueprints/Player/PlayerUpgrades/BPI_PlayerLevel.uexp" 421
"C:/Users/Murad/Documents/Unreal Projects/Peacekeeper_3D/Content/ThirdPersonBP/Blueprints/Player/PlayerUpgrades/BPC_PLayerLevelStats.uasset" 422
"C:/Users/Murad/Documents/Unreal Projects/Peacekeeper_3D/Content/ThirdPersonBP/Blueprints/Player/PlayerUpgrades/BPC_PLayerLevelStats.uexp" 423
"C:/Users/Murad/Documents/Unreal Projects/Peacekeeper_3D/Content/ThirdPersonBP/Blueprints/Widgets/HUD/WB_Upgrade.uasset" 424
"C:/Users/Murad/Documents/Unreal Projects/Peacekeeper_3D/Content/ThirdPersonBP/Blueprints/Widgets/HUD/WB_Upgrade.uexp" 425
"C:/Users/Murad/Documents/Unreal Projects/Peacekeeper_3D/Content/ThirdPersonBP/Blueprints/Widgets/HUD/WB_UpgradeMenu.uasset" 426
"C:/Users/Murad/Documents/Unreal Projects/Peacekeeper_3D/Content/ThirdPersonBP/Blueprints/Widgets/HUD/WB_UpgradeMenu.uexp" 427
"C:/Users/Murad/Documents/Unreal Projects/Peacekeeper_3D/Content/ThirdPersonBP/Blueprints/Widgets/HUD/WB_Main_HUD.uasset" 428
"C:/Users/Murad/Documents/Unreal Projects/Peacekeeper_3D/Content/ThirdPersonBP/Blueprints/Widgets/HUD/WB_Main_HUD.uexp" 429
"C:/Users/Murad/Documents/Unreal Projects/Peacekeeper_3D/Content/ThirdPersonBP/Blueprints/Widgets/HUD/DynamicCrosshair.uasset" 430
"C:/Users/Murad/Documents/Unreal Projects/Peacekeeper_3D/Content/ThirdPersonBP/Blueprints/Widgets/HUD/DynamicCrosshair.uexp" 431
"C:/Users/Murad/Documents/Unreal Projects/Peacekeeper_3D/Content/ThirdPersonBP/Blueprints/Widgets/HUD/DamageVignette.uasset" 432
"C:/Users/Murad/Documents/Unreal Projects/Peacekeeper_3D/Content/ThirdPersonBP/Blueprints/Widgets/HUD/DamageVignette.uexp" 433
"C:/Users/Murad/Documents/Unreal Projects/Peacekeeper_3D/Content/ThirdPersonBP/Blueprints/Widgets/HUD/DamageEffect.uasset" 434
"C:/Users/Murad/Documents/Unreal Projects/Peacekeeper_3D/Content/ThirdPersonBP/Blueprints/Widgets/HUD/DamageEffect.uexp" 435
"../../../Engine/Content/EditorSounds/GamePreview/StartPlayInEditor.uasset" 436
"../../../Engine/Content/EditorSounds/GamePreview/StartPlayInEditor.uexp" 437
"../../../Engine/Content/Functions/Engine_MaterialFunctions01/Opacity/CameraDepthFade.uasset" 438
"../../../Engine/Content/Functions/Engine_MaterialFunctions01/Opacity/CameraDepthFade.uexp" 439
"../../../Engine/Content/EngineMaterials/T_Default_Material_Grid_N.uasset" 440
"../../../Engine/Content/EngineMaterials/T_Default_Material_Grid_N.uexp" 441
"../../../Engine/Content/EngineMaterials/T_Default_Material_Grid_N.ubulk" 442
"../../../Engine/Content/EngineMaterials/T_Default_Material_Grid_M.uasset" 443
"../../../Engine/Content/EngineMaterials/T_Default_Material_Grid_M.uexp" 444
"../../../Engine/Content/EngineMaterials/T_Default_Material_Grid_M.ubulk" 445
"../../../Engine/Content/EngineMaterials/DefaultMaterial.uasset" 446
"../../../Engine/Content/EngineMaterials/DefaultMaterial.uexp" 447
"../../../Engine/Content/EngineMeshes/MaterialSphere.uasset" 448
"../../../Engine/Content/EngineMeshes/MaterialSphere.uexp" 449
"../../../Engine/Content/Functions/Engine_MaterialFunctions01/Density/ExponentialDensity.uasset" 450
"../../../Engine/Content/Functions/Engine_MaterialFunctions01/Density/ExponentialDensity.uexp" 451
"../../../Engine/Content/Functions/Engine_MaterialFunctions01/Gradient/RadialGradientExponential.uasset" 452
"../../../Engine/Content/Functions/Engine_MaterialFunctions01/Gradient/RadialGradientExponential.uexp" 453
"C:/Users/Murad/Documents/Unreal Projects/Peacekeeper_3D/Content/Realistic_Starter_VFX_Pack_Vol2/Materials/M_Snow.uasset" 454
"C:/Users/Murad/Documents/Unreal Projects/Peacekeeper_3D/Content/Realistic_Starter_VFX_Pack_Vol2/Materials/M_Snow.uexp" 455
"C:/Users/Murad/Documents/Unreal Projects/Peacekeeper_3D/Content/Realistic_Starter_VFX_Pack_Vol2/Textures/T_Smoke_B.uasset" 456
"C:/Users/Murad/Documents/Unreal Projects/Peacekeeper_3D/Content/Realistic_Starter_VFX_Pack_Vol2/Textures/T_Smoke_B.uexp" 457
"C:/Users/Murad/Documents/Unreal Projects/Peacekeeper_3D/Content/Realistic_Starter_VFX_Pack_Vol2/Textures/T_Smoke_B.ubulk" 458
"C:/Users/Murad/Documents/Unreal Projects/Peacekeeper_3D/Content/Realistic_Starter_VFX_Pack_Vol2/Materials/M_Smoke_A.uasset" 459
"C:/Users/Murad/Documents/Unreal Projects/Peacekeeper_3D/Content/Realistic_Starter_VFX_Pack_Vol2/Materials/M_Smoke_A.uexp" 460
"C:/Users/Murad/Documents/Unreal Projects/Peacekeeper_3D/Content/Realistic_Starter_VFX_Pack_Vol2/Textures/T_Dirt_C.uasset" 461
"C:/Users/Murad/Documents/Unreal Projects/Peacekeeper_3D/Content/Realistic_Starter_VFX_Pack_Vol2/Textures/T_Dirt_C.uexp" 462
"C:/Users/Murad/Documents/Unreal Projects/Peacekeeper_3D/Content/Realistic_Starter_VFX_Pack_Vol2/Textures/T_Dirt_C.ubulk" 463
"../../../Engine/Content/Functions/Engine_MaterialFunctions02/Texturing/CustomRotator.uasset" 464
"../../../Engine/Content/Functions/Engine_MaterialFunctions02/Texturing/CustomRotator.uexp" 465
"C:/Users/Murad/Documents/Unreal Projects/Peacekeeper_3D/Content/Realistic_Starter_VFX_Pack_Vol2/Materials/M_Dirt_A.uasset" 466
"C:/Users/Murad/Documents/Unreal Projects/Peacekeeper_3D/Content/Realistic_Starter_VFX_Pack_Vol2/Materials/M_Dirt_A.uexp" 467
"C:/Users/Murad/Documents/Unreal Projects/Peacekeeper_3D/Content/Realistic_Starter_VFX_Pack_Vol2/Textures/T_Splash_A.uasset" 468
"C:/Users/Murad/Documents/Unreal Projects/Peacekeeper_3D/Content/Realistic_Starter_VFX_Pack_Vol2/Textures/T_Splash_A.uexp" 469
"C:/Users/Murad/Documents/Unreal Projects/Peacekeeper_3D/Content/Realistic_Starter_VFX_Pack_Vol2/Textures/T_Splash_A.ubulk" 470
"C:/Users/Murad/Documents/Unreal Projects/Peacekeeper_3D/Content/Realistic_Starter_VFX_Pack_Vol2/Materials/M_Blood_C.uasset" 471
"C:/Users/Murad/Documents/Unreal Projects/Peacekeeper_3D/Content/Realistic_Starter_VFX_Pack_Vol2/Materials/M_Blood_C.uexp" 472
"C:/Users/Murad/Documents/Unreal Projects/Peacekeeper_3D/Content/Realistic_Starter_VFX_Pack_Vol2/Particles/Blood/P_Blood_Splat_Cone.uasset" 473
"C:/Users/Murad/Documents/Unreal Projects/Peacekeeper_3D/Content/Realistic_Starter_VFX_Pack_Vol2/Particles/Blood/P_Blood_Splat_Cone.uexp" 474
"C:/Users/Murad/Documents/Unreal Projects/Peacekeeper_3D/Content/ThirdPersonBP/Blueprints/Projectiles/BP_Projectile_Base.uasset" 475
"C:/Users/Murad/Documents/Unreal Projects/Peacekeeper_3D/Content/ThirdPersonBP/Blueprints/Projectiles/BP_Projectile_Base.uexp" 476
"../../../Engine/Content/BasicShapes/BasicShapeMaterial.uasset" 477
"../../../Engine/Content/BasicShapes/BasicShapeMaterial.uexp" 478
"C:/Users/Murad/Documents/Unreal Projects/Peacekeeper_3D/Content/ThirdPersonBP/Blueprints/Projectiles/BP_Projectile_Player.uasset" 479
"C:/Users/Murad/Documents/Unreal Projects/Peacekeeper_3D/Content/ThirdPersonBP/Blueprints/Projectiles/BP_Projectile_Player.uexp" 480
"../../../Engine/Content/VREditor/Sounds/UI/Drop_Item_From_ContentBrowser.uasset" 481
"../../../Engine/Content/VREditor/Sounds/UI/Drop_Item_From_ContentBrowser.uexp" 482
"../../../Engine/Content/MapTemplates/Materials/BasicAsset01.uasset" 483
"../../../Engine/Content/MapTemplates/Materials/BasicAsset01.uexp" 484
"C:/Users/Murad/Documents/Unreal Projects/Peacekeeper_3D/Content/ThirdPersonBP/Blueprints/Projectiles/BP_Projectile_Enemy_Middle_Ranged.uasset" 485
"C:/Users/Murad/Documents/Unreal Projects/Peacekeeper_3D/Content/ThirdPersonBP/Blueprints/Projectiles/BP_Projectile_Enemy_Middle_Ranged.uexp" 486
"C:/Users/Murad/Documents/Unreal Projects/Peacekeeper_3D/Content/Mannequin/Character/Textures/T_Male_N.uasset" 487
"C:/Users/Murad/Documents/Unreal Projects/Peacekeeper_3D/Content/Mannequin/Character/Textures/T_Male_N.uexp" 488
"C:/Users/Murad/Documents/Unreal Projects/Peacekeeper_3D/Content/Mannequin/Character/Textures/T_Male_N.ubulk" 489
"C:/Users/Murad/Documents/Unreal Projects/Peacekeeper_3D/Content/Mannequin/Character/Textures/T_Male_Mask.uasset" 490
"C:/Users/Murad/Documents/Unreal Projects/Peacekeeper_3D/Content/Mannequin/Character/Textures/T_Male_Mask.uexp" 491
"C:/Users/Murad/Documents/Unreal Projects/Peacekeeper_3D/Content/Mannequin/Character/Textures/T_Male_Mask.ubulk" 492
"C:/Users/Murad/Documents/Unreal Projects/Peacekeeper_3D/Content/Mannequin/Character/Materials/MaterialLayers/T_ML_Rubber_Blue_01_N.uasset" 493
"C:/Users/Murad/Documents/Unreal Projects/Peacekeeper_3D/Content/Mannequin/Character/Materials/MaterialLayers/T_ML_Rubber_Blue_01_N.uexp" 494
"C:/Users/Murad/Documents/Unreal Projects/Peacekeeper_3D/Content/Mannequin/Character/Materials/MaterialLayers/T_ML_Rubber_Blue_01_N.ubulk" 495
"C:/Users/Murad/Documents/Unreal Projects/Peacekeeper_3D/Content/Mannequin/Character/Materials/MaterialLayers/T_ML_Rubber_Blue_01_D.uasset" 496
"C:/Users/Murad/Documents/Unreal Projects/Peacekeeper_3D/Content/Mannequin/Character/Materials/MaterialLayers/T_ML_Rubber_Blue_01_D.uexp" 497
"C:/Users/Murad/Documents/Unreal Projects/Peacekeeper_3D/Content/Mannequin/Character/Materials/MaterialLayers/T_ML_Rubber_Blue_01_D.ubulk" 498
"C:/Users/Murad/Documents/Unreal Projects/Peacekeeper_3D/Content/Mannequin/Character/Materials/MaterialLayers/T_ML_Aluminum01_N.uasset" 499
"C:/Users/Murad/Documents/Unreal Projects/Peacekeeper_3D/Content/Mannequin/Character/Materials/MaterialLayers/T_ML_Aluminum01_N.uexp" 500
"C:/Users/Murad/Documents/Unreal Projects/Peacekeeper_3D/Content/Mannequin/Character/Materials/MaterialLayers/T_ML_Aluminum01_N.ubulk" 501
"C:/Users/Murad/Documents/Unreal Projects/Peacekeeper_3D/Content/Mannequin/Character/Materials/MaterialLayers/T_ML_Aluminum01.uasset" 502
"C:/Users/Murad/Documents/Unreal Projects/Peacekeeper_3D/Content/Mannequin/Character/Materials/MaterialLayers/T_ML_Aluminum01.uexp" 503
"C:/Users/Murad/Documents/Unreal Projects/Peacekeeper_3D/Content/Mannequin/Character/Materials/MaterialLayers/T_ML_Aluminum01.ubulk" 504
"C:/Users/Murad/Documents/Unreal Projects/Peacekeeper_3D/Content/Mannequin/Character/Materials/MaterialLayers/ML_SoftMetal_UE4.uasset" 505
"C:/Users/Murad/Documents/Unreal Projects/Peacekeeper_3D/Content/Mannequin/Character/Materials/MaterialLayers/ML_SoftMetal_UE4.uexp" 506
"C:/Users/Murad/Documents/Unreal Projects/Peacekeeper_3D/Content/Mannequin/Character/Textures/T_UE4Logo_Mask.uasset" 507
"C:/Users/Murad/Documents/Unreal Projects/Peacekeeper_3D/Content/Mannequin/Character/Textures/T_UE4Logo_Mask.uexp" 508
"C:/Users/Murad/Documents/Unreal Projects/Peacekeeper_3D/Content/Mannequin/Character/Textures/T_UE4Logo_Mask.ubulk" 509
"C:/Users/Murad/Documents/Unreal Projects/Peacekeeper_3D/Content/Mannequin/Character/Materials/MaterialLayers/ML_Plastic_Shiny_Beige_LOGO.uasset" 510
"C:/Users/Murad/Documents/Unreal Projects/Peacekeeper_3D/Content/Mannequin/Character/Materials/MaterialLayers/ML_Plastic_Shiny_Beige_LOGO.uexp" 511
"C:/Users/Murad/Documents/Unreal Projects/Peacekeeper_3D/Content/Mannequin/Character/Materials/MaterialLayers/ML_Plastic_Shiny_Beige.uasset" 512
"C:/Users/Murad/Documents/Unreal Projects/Peacekeeper_3D/Content/Mannequin/Character/Materials/MaterialLayers/ML_Plastic_Shiny_Beige.uexp" 513
"C:/Users/Murad/Documents/Unreal Projects/Peacekeeper_3D/Content/Mannequin/Character/Materials/MaterialLayers/ML_GlossyBlack_Latex_UE4.uasset" 514
"C:/Users/Murad/Documents/Unreal Projects/Peacekeeper_3D/Content/Mannequin/Character/Materials/MaterialLayers/ML_GlossyBlack_Latex_UE4.uexp" 515
"../../../Engine/Content/Functions/MaterialLayerFunctions/MatLayerBlend_Simple.uasset" 516
"../../../Engine/Content/Functions/MaterialLayerFunctions/MatLayerBlend_Simple.uexp" 517
"../../../Engine/Content/Functions/Engine_MaterialFunctions02/Utility/BlendAngleCorrectedNormals.uasset" 518
"../../../Engine/Content/Functions/Engine_MaterialFunctions02/Utility/BlendAngleCorrectedNormals.uexp" 519
"../../../Engine/Content/Functions/MaterialLayerFunctions/MatLayerBlend_NormalBlend.uasset" 520
"../../../Engine/Content/Functions/MaterialLayerFunctions/MatLayerBlend_NormalBlend.uexp" 521
"C:/Users/Murad/Documents/Unreal Projects/Peacekeeper_3D/Content/Mannequin/Character/Materials/M_Enemy_Long_Ranged.uasset" 522
"C:/Users/Murad/Documents/Unreal Projects/Peacekeeper_3D/Content/Mannequin/Character/Materials/M_Enemy_Long_Ranged.uexp" 523
"C:/Users/Murad/Documents/Unreal Projects/Peacekeeper_3D/Content/ThirdPersonBP/Blueprints/Projectiles/BP_Projectile_Enemy_Long_Ranged.uasset" 524
"C:/Users/Murad/Documents/Unreal Projects/Peacekeeper_3D/Content/ThirdPersonBP/Blueprints/Projectiles/BP_Projectile_Enemy_Long_Ranged.uexp" 525
"C:/Users/Murad/Documents/Unreal Projects/Peacekeeper_3D/Content/DamageSystem/E_DamageType.uasset" 526
"C:/Users/Murad/Documents/Unreal Projects/Peacekeeper_3D/Content/DamageSystem/E_DamageType.uexp" 527
"C:/Users/Murad/Documents/Unreal Projects/Peacekeeper_3D/Content/DamageSystem/E_DamageResponse.uasset" 528
"C:/Users/Murad/Documents/Unreal Projects/Peacekeeper_3D/Content/DamageSystem/E_DamageResponse.uexp" 529
"C:/Users/Murad/Documents/Unreal Projects/Peacekeeper_3D/Content/DamageSystem/S_DamageInfo.uasset" 530
"C:/Users/Murad/Documents/Unreal Projects/Peacekeeper_3D/Content/DamageSystem/S_DamageInfo.uexp" 531
"C:/Users/Murad/Documents/Unreal Projects/Peacekeeper_3D/Content/DamageSystem/BPI_Damageable.uasset" 532
"C:/Users/Murad/Documents/Unreal Projects/Peacekeeper_3D/Content/DamageSystem/BPI_Damageable.uexp" 533
"C:/Users/Murad/Documents/Unreal Projects/Peacekeeper_3D/Content/ThirdPersonBP/Blueprints/Enemies/Attacks/BPC_Attacks.uasset" 534
"C:/Users/Murad/Documents/Unreal Projects/Peacekeeper_3D/Content/ThirdPersonBP/Blueprints/Enemies/Attacks/BPC_Attacks.uexp" 535
"C:/Users/Murad/Documents/Unreal Projects/Peacekeeper_3D/Content/ThirdPersonBP/Blueprints/Enemies/AI/Enums/E_AIStates.uasset" 536
"C:/Users/Murad/Documents/Unreal Projects/Peacekeeper_3D/Content/ThirdPersonBP/Blueprints/Enemies/AI/Enums/E_AIStates.uexp" 537
"C:/Users/Murad/Documents/Unreal Projects/Peacekeeper_3D/Content/ThirdPersonBP/Blueprints/Enemies/AI/Enums/E_AISense.uasset" 538
"C:/Users/Murad/Documents/Unreal Projects/Peacekeeper_3D/Content/ThirdPersonBP/Blueprints/Enemies/AI/Enums/E_AISense.uexp" 539
"C:/Users/Murad/Documents/Unreal Projects/Peacekeeper_3D/Content/ThirdPersonBP/Blueprints/Enemies/AI/BP_PatrolRoute.uasset" 540
"C:/Users/Murad/Documents/Unreal Projects/Peacekeeper_3D/Content/ThirdPersonBP/Blueprints/Enemies/AI/BP_PatrolRoute.uexp" 541
"C:/Users/Murad/Documents/Unreal Projects/Peacekeeper_3D/Content/ThirdPersonBP/Blueprints/Enemies/AI/Enums/E_MovementSpeed.uasset" 542
"C:/Users/Murad/Documents/Unreal Projects/Peacekeeper_3D/Content/ThirdPersonBP/Blueprints/Enemies/AI/Enums/E_MovementSpeed.uexp" 543
"C:/Users/Murad/Documents/Unreal Projects/Peacekeeper_3D/Content/ThirdPersonBP/Blueprints/Enemies/AI/BPI_EnemyAI.uasset" 544
"C:/Users/Murad/Documents/Unreal Projects/Peacekeeper_3D/Content/ThirdPersonBP/Blueprints/Enemies/AI/BPI_EnemyAI.uexp" 545
"C:/Users/Murad/Documents/Unreal Projects/Peacekeeper_3D/Content/ThirdPersonBP/Blueprints/Enemies/Weapons/BP_Weapon_Base.uasset" 546
"C:/Users/Murad/Documents/Unreal Projects/Peacekeeper_3D/Content/ThirdPersonBP/Blueprints/Enemies/Weapons/BP_Weapon_Base.uexp" 547
"C:/Users/Murad/Documents/Unreal Projects/Peacekeeper_3D/Content/ThirdPersonBP/Blueprints/Enemies/AI/Tasks/BTT_MoveAlongPatrolRoute.uasset" 548
"C:/Users/Murad/Documents/Unreal Projects/Peacekeeper_3D/Content/ThirdPersonBP/Blueprints/Enemies/AI/Tasks/BTT_MoveAlongPatrolRoute.uexp" 549
"C:/Users/Murad/Documents/Unreal Projects/Peacekeeper_3D/Content/ThirdPersonBP/Blueprints/Enemies/AI/Decorators/BTD_HasPatrolRoute.uasset" 550
"C:/Users/Murad/Documents/Unreal Projects/Peacekeeper_3D/Content/ThirdPersonBP/Blueprints/Enemies/AI/Decorators/BTD_HasPatrolRoute.uexp" 551
"C:/Users/Murad/Documents/Unreal Projects/Peacekeeper_3D/Content/ThirdPersonBP/Blueprints/Enemies/AI/Tasks/BTT_SetMovementSpeed.uasset" 552
"C:/Users/Murad/Documents/Unreal Projects/Peacekeeper_3D/Content/ThirdPersonBP/Blueprints/Enemies/AI/Tasks/BTT_SetMovementSpeed.uexp" 553
"C:/Users/Murad/Documents/Unreal Projects/Peacekeeper_3D/Content/ThirdPersonBP/Blueprints/Enemies/AI/Tasks/BTT_ClearFocus.uasset" 554
"C:/Users/Murad/Documents/Unreal Projects/Peacekeeper_3D/Content/ThirdPersonBP/Blueprints/Enemies/AI/Tasks/BTT_ClearFocus.uexp" 555
"C:/Users/Murad/Documents/Unreal Projects/Peacekeeper_3D/Content/ThirdPersonBP/Blueprints/Enemies/AI/BehaviorTrees/BP_Enemy_Base.uasset" 556
"C:/Users/Murad/Documents/Unreal Projects/Peacekeeper_3D/Content/ThirdPersonBP/Blueprints/Enemies/AI/BehaviorTrees/BP_Enemy_Base.uexp" 557
"C:/Users/Murad/Documents/Unreal Projects/Peacekeeper_3D/Content/ThirdPersonBP/Blueprints/Enemies/AI/BehaviorTrees/SubTrees/BT_Subtree_Passive.uasset" 558
"C:/Users/Murad/Documents/Unreal Projects/Peacekeeper_3D/Content/ThirdPersonBP/Blueprints/Enemies/AI/BehaviorTrees/SubTrees/BT_Subtree_Passive.uexp" 559
"C:/Users/Murad/Documents/Unreal Projects/Peacekeeper_3D/Content/ThirdPersonBP/Blueprints/Enemies/AI/Tasks/BTT_SetStateAsPassive.uasset" 560
"C:/Users/Murad/Documents/Unreal Projects/Peacekeeper_3D/Content/ThirdPersonBP/Blueprints/Enemies/AI/Tasks/BTT_SetStateAsPassive.uexp" 561
"C:/Users/Murad/Documents/Unreal Projects/Peacekeeper_3D/Content/ThirdPersonBP/Blueprints/Enemies/AI/BehaviorTrees/SubTrees/BT_Subtree_Investigating.uasset" 562
"C:/Users/Murad/Documents/Unreal Projects/Peacekeeper_3D/Content/ThirdPersonBP/Blueprints/Enemies/AI/BehaviorTrees/SubTrees/BT_Subtree_Investigating.uexp" 563
"C:/Users/Murad/Documents/Unreal Projects/Peacekeeper_3D/Content/ThirdPersonBP/Blueprints/Enemies/AI/BehaviorTrees/SubTrees/BT_Subtree_Frozen.uasset" 564
"C:/Users/Murad/Documents/Unreal Projects/Peacekeeper_3D/Content/ThirdPersonBP/Blueprints/Enemies/AI/BehaviorTrees/SubTrees/BT_Subtree_Frozen.uexp" 565
"C:/Users/Murad/Documents/Unreal Projects/Peacekeeper_3D/Content/ThirdPersonBP/Blueprints/Enemies/AI/BehaviorTrees/BT_Enemy_Base.uasset" 566
"C:/Users/Murad/Documents/Unreal Projects/Peacekeeper_3D/Content/ThirdPersonBP/Blueprints/Enemies/AI/BehaviorTrees/BT_Enemy_Base.uexp" 567
"C:/Users/Murad/Documents/Unreal Projects/Peacekeeper_3D/Content/AnimStarterPack/Equip_Rifle_Standing.uasset" 568
"C:/Users/Murad/Documents/Unreal Projects/Peacekeeper_3D/Content/AnimStarterPack/Equip_Rifle_Standing.uexp" 569
"C:/Users/Murad/Documents/Unreal Projects/Peacekeeper_3D/Content/ThirdPersonBP/Blueprints/Enemies/Montages/Montage_Unequip_Rifle_Standing.uasset" 570
"C:/Users/Murad/Documents/Unreal Projects/Peacekeeper_3D/Content/ThirdPersonBP/Blueprints/Enemies/Montages/Montage_Unequip_Rifle_Standing.uexp" 571
"C:/Users/Murad/Documents/Unreal Projects/Peacekeeper_3D/Content/AnimStarterPack/Hit_React_4.uasset" 572
"C:/Users/Murad/Documents/Unreal Projects/Peacekeeper_3D/Content/AnimStarterPack/Hit_React_4.uexp" 573
"C:/Users/Murad/Documents/Unreal Projects/Peacekeeper_3D/Content/ThirdPersonBP/Blueprints/Enemies/Montages/Montage_Hit.uasset" 574
"C:/Users/Murad/Documents/Unreal Projects/Peacekeeper_3D/Content/ThirdPersonBP/Blueprints/Enemies/Montages/Montage_Hit.uexp" 575
"C:/Users/Murad/Documents/Unreal Projects/Peacekeeper_3D/Content/AnimStarterPack/Idle_Rifle_Ironsights.uasset" 576
"C:/Users/Murad/Documents/Unreal Projects/Peacekeeper_3D/Content/AnimStarterPack/Idle_Rifle_Ironsights.uexp" 577
"C:/Users/Murad/Documents/Unreal Projects/Peacekeeper_3D/Content/AnimStarterPack/Idle_Rifle_Hip.uasset" 578
"C:/Users/Murad/Documents/Unreal Projects/Peacekeeper_3D/Content/AnimStarterPack/Idle_Rifle_Hip.uexp" 579
"C:/Users/Murad/Documents/Unreal Projects/Peacekeeper_3D/Content/AnimStarterPack/Crouch_Idle_Rifle_Hip.uasset" 580
"C:/Users/Murad/Documents/Unreal Projects/Peacekeeper_3D/Content/AnimStarterPack/Crouch_Idle_Rifle_Hip.uexp" 581
"C:/Users/Murad/Documents/Unreal Projects/Peacekeeper_3D/Content/AnimStarterPack/Jog_Rt_Rifle.uasset" 582
"C:/Users/Murad/Documents/Unreal Projects/Peacekeeper_3D/Content/AnimStarterPack/Jog_Rt_Rifle.uexp" 583
"C:/Users/Murad/Documents/Unreal Projects/Peacekeeper_3D/Content/AnimStarterPack/Jog_Lt_Rifle.uasset" 584
"C:/Users/Murad/Documents/Unreal Projects/Peacekeeper_3D/Content/AnimStarterPack/Jog_Lt_Rifle.uexp" 585
"C:/Users/Murad/Documents/Unreal Projects/Peacekeeper_3D/Content/AnimStarterPack/Jog_Fwd_Rifle.uasset" 586
"C:/Users/Murad/Documents/Unreal Projects/Peacekeeper_3D/Content/AnimStarterPack/Jog_Fwd_Rifle.uexp" 587
"C:/Users/Murad/Documents/Unreal Projects/Peacekeeper_3D/Content/AnimStarterPack/Jog_Bwd_Rifle.uasset" 588
"C:/Users/Murad/Documents/Unreal Projects/Peacekeeper_3D/Content/AnimStarterPack/Jog_Bwd_Rifle.uexp" 589
"C:/Users/Murad/Documents/Unreal Projects/Peacekeeper_3D/Content/AnimStarterPack/BS_Jog.uasset" 590
"C:/Users/Murad/Documents/Unreal Projects/Peacekeeper_3D/Content/AnimStarterPack/BS_Jog.uexp" 591
"C:/Users/Murad/Documents/Unreal Projects/Peacekeeper_3D/Content/AnimStarterPack/Crouch_Walk_Rt_Rifle_Hip.uasset" 592
"C:/Users/Murad/Documents/Unreal Projects/Peacekeeper_3D/Content/AnimStarterPack/Crouch_Walk_Rt_Rifle_Hip.uexp" 593
"C:/Users/Murad/Documents/Unreal Projects/Peacekeeper_3D/Content/AnimStarterPack/Crouch_Walk_Lt_Rifle_Hip.uasset" 594
"C:/Users/Murad/Documents/Unreal Projects/Peacekeeper_3D/Content/AnimStarterPack/Crouch_Walk_Lt_Rifle_Hip.uexp" 595
"C:/Users/Murad/Documents/Unreal Projects/Peacekeeper_3D/Content/AnimStarterPack/Crouch_Walk_Fwd_Rifle_Hip.uasset" 596
"C:/Users/Murad/Documents/Unreal Projects/Peacekeeper_3D/Content/AnimStarterPack/Crouch_Walk_Fwd_Rifle_Hip.uexp" 597
"C:/Users/Murad/Documents/Unreal Projects/Peacekeeper_3D/Content/AnimStarterPack/Crouch_Walk_Bwd_Rifle_Hip.uasset" 598
"C:/Users/Murad/Documents/Unreal Projects/Peacekeeper_3D/Content/AnimStarterPack/Crouch_Walk_Bwd_Rifle_Hip.uexp" 599
"C:/Users/Murad/Documents/Unreal Projects/Peacekeeper_3D/Content/AnimStarterPack/BS_CrouchWalk.uasset" 600
"C:/Users/Murad/Documents/Unreal Projects/Peacekeeper_3D/Content/AnimStarterPack/BS_CrouchWalk.uexp" 601
"C:/Users/Murad/Documents/Unreal Projects/Peacekeeper_3D/Content/Mannequin/Animations/Enemy_AnimBP.uasset" 602
"C:/Users/Murad/Documents/Unreal Projects/Peacekeeper_3D/Content/Mannequin/Animations/Enemy_AnimBP.uexp" 603
"C:/Users/Murad/Documents/Unreal Projects/Peacekeeper_3D/Content/Mannequin/Character/Materials/M_Male_Body.uasset" 604
"C:/Users/Murad/Documents/Unreal Projects/Peacekeeper_3D/Content/Mannequin/Character/Materials/M_Male_Body.uexp" 605
"C:/Users/Murad/Documents/Unreal Projects/Peacekeeper_3D/Content/Mannequin/Character/Mesh/SK_Mannequin_PhysicsAsset.uasset" 606
"C:/Users/Murad/Documents/Unreal Projects/Peacekeeper_3D/Content/Mannequin/Character/Mesh/SK_Mannequin_PhysicsAsset.uexp" 607
"C:/Users/Murad/Documents/Unreal Projects/Peacekeeper_3D/Content/Mannequin/Character/Textures/T_UE4Logo_N.uasset" 608
"C:/Users/Murad/Documents/Unreal Projects/Peacekeeper_3D/Content/Mannequin/Character/Textures/T_UE4Logo_N.uexp" 609
"C:/Users/Murad/Documents/Unreal Projects/Peacekeeper_3D/Content/Mannequin/Character/Textures/T_UE4Logo_N.ubulk" 610
"C:/Users/Murad/Documents/Unreal Projects/Peacekeeper_3D/Content/Mannequin/Character/Materials/M_UE4Man_ChestLogo.uasset" 611
"C:/Users/Murad/Documents/Unreal Projects/Peacekeeper_3D/Content/Mannequin/Character/Materials/M_UE4Man_ChestLogo.uexp" 612
"C:/Users/Murad/Documents/Unreal Projects/Peacekeeper_3D/Content/Mannequin/Character/Mesh/SK_Mannequin.uasset" 613
"C:/Users/Murad/Documents/Unreal Projects/Peacekeeper_3D/Content/Mannequin/Character/Mesh/SK_Mannequin.uexp" 614
"C:/Users/Murad/Documents/Unreal Projects/Peacekeeper_3D/Content/DamageSystem/W_HealthBar.uasset" 615
"C:/Users/Murad/Documents/Unreal Projects/Peacekeeper_3D/Content/DamageSystem/W_HealthBar.uexp" 616
"C:/Users/Murad/Documents/Unreal Projects/Peacekeeper_3D/Content/DamageSystem/BPC_DamageSystem.uasset" 617
"C:/Users/Murad/Documents/Unreal Projects/Peacekeeper_3D/Content/DamageSystem/BPC_DamageSystem.uexp" 618
"C:/Users/Murad/Documents/Unreal Projects/Peacekeeper_3D/Content/ThirdPersonBP/Blueprints/Enemies/BP_Enemy_Base.uasset" 619
"C:/Users/Murad/Documents/Unreal Projects/Peacekeeper_3D/Content/ThirdPersonBP/Blueprints/Enemies/BP_Enemy_Base.uexp" 620
"C:/Users/Murad/Documents/Unreal Projects/Peacekeeper_3D/Content/ThirdPersonBP/Blueprints/Enemies/AI/AIC_Enemy_Base.uasset" 621
"C:/Users/Murad/Documents/Unreal Projects/Peacekeeper_3D/Content/ThirdPersonBP/Blueprints/Enemies/AI/AIC_Enemy_Base.uexp" 622
"C:/Users/Murad/Documents/Unreal Projects/Peacekeeper_3D/Content/ThirdPersonBP/Blueprints/Explosion01.uasset" 623
"C:/Users/Murad/Documents/Unreal Projects/Peacekeeper_3D/Content/ThirdPersonBP/Blueprints/Explosion01.uexp" 624
"C:/Users/Murad/Documents/Unreal Projects/Peacekeeper_3D/Content/Realistic_Starter_VFX_Pack_Vol2/Textures/T_Flare_A.uasset" 625
"C:/Users/Murad/Documents/Unreal Projects/Peacekeeper_3D/Content/Realistic_Starter_VFX_Pack_Vol2/Textures/T_Flare_A.uexp" 626
"C:/Users/Murad/Documents/Unreal Projects/Peacekeeper_3D/Content/Realistic_Starter_VFX_Pack_Vol2/Textures/T_Flare_A.ubulk" 627
"C:/Users/Murad/Documents/Unreal Projects/Peacekeeper_3D/Content/Realistic_Starter_VFX_Pack_Vol2/Textures/T_Spark_B.uasset" 628
"C:/Users/Murad/Documents/Unreal Projects/Peacekeeper_3D/Content/Realistic_Starter_VFX_Pack_Vol2/Textures/T_Spark_B.uexp" 629
"C:/Users/Murad/Documents/Unreal Projects/Peacekeeper_3D/Content/Realistic_Starter_VFX_Pack_Vol2/Materials/M_Glow_C.uasset" 630
"C:/Users/Murad/Documents/Unreal Projects/Peacekeeper_3D/Content/Realistic_Starter_VFX_Pack_Vol2/Materials/M_Glow_C.uexp" 631
"C:/Users/Murad/Documents/Unreal Projects/Peacekeeper_3D/Content/Realistic_Starter_VFX_Pack_Vol2/Materials/M_Glow_C_Inst.uasset" 632
"C:/Users/Murad/Documents/Unreal Projects/Peacekeeper_3D/Content/Realistic_Starter_VFX_Pack_Vol2/Materials/M_Glow_C_Inst.uexp" 633
"C:/Users/Murad/Documents/Unreal Projects/Peacekeeper_3D/Content/Realistic_Starter_VFX_Pack_Vol2/Particles/Sparks/P_Sparks_C.uasset" 634
"C:/Users/Murad/Documents/Unreal Projects/Peacekeeper_3D/Content/Realistic_Starter_VFX_Pack_Vol2/Particles/Sparks/P_Sparks_C.uexp" 635
"C:/Users/Murad/Documents/Unreal Projects/Peacekeeper_3D/Content/Realistic_Starter_VFX_Pack_Vol2/Textures/T_Smoke_Ground.uasset" 636
"C:/Users/Murad/Documents/Unreal Projects/Peacekeeper_3D/Content/Realistic_Starter_VFX_Pack_Vol2/Textures/T_Smoke_Ground.uexp" 637
"C:/Users/Murad/Documents/Unreal Projects/Peacekeeper_3D/Content/Realistic_Starter_VFX_Pack_Vol2/Textures/T_Smoke_Ground.ubulk" 638
"C:/Users/Murad/Documents/Unreal Projects/Peacekeeper_3D/Content/Realistic_Starter_VFX_Pack_Vol2/Materials/M_Smoke_Ground.uasset" 639
"C:/Users/Murad/Documents/Unreal Projects/Peacekeeper_3D/Content/Realistic_Starter_VFX_Pack_Vol2/Materials/M_Smoke_Ground.uexp" 640
"C:/Users/Murad/Documents/Unreal Projects/Peacekeeper_3D/Content/Realistic_Starter_VFX_Pack_Vol2/Textures/T_Rocks_NM.uasset" 641
"C:/Users/Murad/Documents/Unreal Projects/Peacekeeper_3D/Content/Realistic_Starter_VFX_Pack_Vol2/Textures/T_Rocks_NM.uexp" 642
"C:/Users/Murad/Documents/Unreal Projects/Peacekeeper_3D/Content/Realistic_Starter_VFX_Pack_Vol2/Textures/T_Rocks.uasset" 643
"C:/Users/Murad/Documents/Unreal Projects/Peacekeeper_3D/Content/Realistic_Starter_VFX_Pack_Vol2/Textures/T_Rocks.uexp" 644
"C:/Users/Murad/Documents/Unreal Projects/Peacekeeper_3D/Content/Realistic_Starter_VFX_Pack_Vol2/Textures/T_Rocks.ubulk" 645
"C:/Users/Murad/Documents/Unreal Projects/Peacekeeper_3D/Content/Realistic_Starter_VFX_Pack_Vol2/Materials/M_Rock_B.uasset" 646
"C:/Users/Murad/Documents/Unreal Projects/Peacekeeper_3D/Content/Realistic_Starter_VFX_Pack_Vol2/Materials/M_Rock_B.uexp" 647
"C:/Users/Murad/Documents/Unreal Projects/Peacekeeper_3D/Content/Realistic_Starter_VFX_Pack_Vol2/Textures/T_Impact_Flare.uasset" 648
"C:/Users/Murad/Documents/Unreal Projects/Peacekeeper_3D/Content/Realistic_Starter_VFX_Pack_Vol2/Textures/T_Impact_Flare.uexp" 649
"C:/Users/Murad/Documents/Unreal Projects/Peacekeeper_3D/Content/Realistic_Starter_VFX_Pack_Vol2/Textures/T_Impact_Flare.ubulk" 650
"C:/Users/Murad/Documents/Unreal Projects/Peacekeeper_3D/Content/Realistic_Starter_VFX_Pack_Vol2/Materials/M_Impact_B.uasset" 651
"C:/Users/Murad/Documents/Unreal Projects/Peacekeeper_3D/Content/Realistic_Starter_VFX_Pack_Vol2/Materials/M_Impact_B.uexp" 652
"C:/Users/Murad/Documents/Unreal Projects/Peacekeeper_3D/Content/Realistic_Starter_VFX_Pack_Vol2/Textures/T_Explosion_Air.uasset" 653
"C:/Users/Murad/Documents/Unreal Projects/Peacekeeper_3D/Content/Realistic_Starter_VFX_Pack_Vol2/Textures/T_Explosion_Air.uexp" 654
"C:/Users/Murad/Documents/Unreal Projects/Peacekeeper_3D/Content/Realistic_Starter_VFX_Pack_Vol2/Textures/T_Explosion_Air.ubulk" 655
"C:/Users/Murad/Documents/Unreal Projects/Peacekeeper_3D/Content/Realistic_Starter_VFX_Pack_Vol2/Textures/T_NoiseNormal_B.uasset" 656
"C:/Users/Murad/Documents/Unreal Projects/Peacekeeper_3D/Content/Realistic_Starter_VFX_Pack_Vol2/Textures/T_NoiseNormal_B.uexp" 657
"C:/Users/Murad/Documents/Unreal Projects/Peacekeeper_3D/Content/Realistic_Starter_VFX_Pack_Vol2/Textures/T_NoiseNormal_B.ubulk" 658
"C:/Users/Murad/Documents/Unreal Projects/Peacekeeper_3D/Content/Realistic_Starter_VFX_Pack_Vol2/Materials/M_Explosion_i.uasset" 659
"C:/Users/Murad/Documents/Unreal Projects/Peacekeeper_3D/Content/Realistic_Starter_VFX_Pack_Vol2/Materials/M_Explosion_i.uexp" 660
"../../../Engine/Content/Functions/Engine_MaterialFunctions01/Gradient/SphereGradient-2D.uasset" 661
"../../../Engine/Content/Functions/Engine_MaterialFunctions01/Gradient/SphereGradient-2D.uexp" 662
"C:/Users/Murad/Documents/Unreal Projects/Peacekeeper_3D/Content/Realistic_Starter_VFX_Pack_Vol2/Materials/M_Distortion.uasset" 663
"C:/Users/Murad/Documents/Unreal Projects/Peacekeeper_3D/Content/Realistic_Starter_VFX_Pack_Vol2/Materials/M_Distortion.uexp" 664
"C:/Users/Murad/Documents/Unreal Projects/Peacekeeper_3D/Content/Realistic_Starter_VFX_Pack_Vol2/Vectorfields/VectorField_A.uasset" 665
"C:/Users/Murad/Documents/Unreal Projects/Peacekeeper_3D/Content/Realistic_Starter_VFX_Pack_Vol2/Vectorfields/VectorField_A.uexp" 666
"C:/Users/Murad/Documents/Unreal Projects/Peacekeeper_3D/Content/Realistic_Starter_VFX_Pack_Vol2/Particles/Explosion/P_Explosion_Side.uasset" 667
"C:/Users/Murad/Documents/Unreal Projects/Peacekeeper_3D/Content/Realistic_Starter_VFX_Pack_Vol2/Particles/Explosion/P_Explosion_Side.uexp" 668
"C:/Users/Murad/Documents/Unreal Projects/Peacekeeper_3D/Content/FPS_Weapon_Bundle/Weapons/Meshes/AR4/SK_AR4_Skeleton.uasset" 669
"C:/Users/Murad/Documents/Unreal Projects/Peacekeeper_3D/Content/FPS_Weapon_Bundle/Weapons/Meshes/AR4/SK_AR4_Skeleton.uexp" 670
"C:/Users/Murad/Documents/Unreal Projects/Peacekeeper_3D/Content/FPS_Weapon_Bundle/Weapons/Meshes/AR4/SK_AR4_Physics.uasset" 671
"C:/Users/Murad/Documents/Unreal Projects/Peacekeeper_3D/Content/FPS_Weapon_Bundle/Weapons/Meshes/AR4/SK_AR4_Physics.uexp" 672
"C:/Users/Murad/Documents/Unreal Projects/Peacekeeper_3D/Content/FPS_Weapon_Bundle/Weapons/Meshes/AR4/SK_AR4.uasset" 673
"C:/Users/Murad/Documents/Unreal Projects/Peacekeeper_3D/Content/FPS_Weapon_Bundle/Weapons/Meshes/AR4/SK_AR4.uexp" 674
"C:/Users/Murad/Documents/Unreal Projects/Peacekeeper_3D/Content/ThirdPersonBP/Blueprints/Player/BP_Player.uasset" 675
"C:/Users/Murad/Documents/Unreal Projects/Peacekeeper_3D/Content/ThirdPersonBP/Blueprints/Player/BP_Player.uexp" 676
"C:/Users/Murad/Documents/Unreal Projects/Peacekeeper_3D/Content/Mannequin/Animations/Player_AnimBP.uasset" 677
"C:/Users/Murad/Documents/Unreal Projects/Peacekeeper_3D/Content/Mannequin/Animations/Player_AnimBP.uexp" 678
"C:/Users/Murad/Documents/Unreal Projects/Peacekeeper_3D/Content/Mannequin/Animations/ThirdPersonWalk.uasset" 679
"C:/Users/Murad/Documents/Unreal Projects/Peacekeeper_3D/Content/Mannequin/Animations/ThirdPersonWalk.uexp" 680
"C:/Users/Murad/Documents/Unreal Projects/Peacekeeper_3D/Content/Mannequin/Animations/ThirdPersonRun.uasset" 681
"C:/Users/Murad/Documents/Unreal Projects/Peacekeeper_3D/Content/Mannequin/Animations/ThirdPersonRun.uexp" 682
"C:/Users/Murad/Documents/Unreal Projects/Peacekeeper_3D/Content/Mannequin/Animations/ThirdPersonIdle.uasset" 683
"C:/Users/Murad/Documents/Unreal Projects/Peacekeeper_3D/Content/Mannequin/Animations/ThirdPersonIdle.uexp" 684
"C:/Users/Murad/Documents/Unreal Projects/Peacekeeper_3D/Content/Mannequin/Animations/ThirdPerson_IdleRun_2D.uasset" 685
"C:/Users/Murad/Documents/Unreal Projects/Peacekeeper_3D/Content/Mannequin/Animations/ThirdPerson_IdleRun_2D.uexp" 686
"C:/Users/Murad/Documents/Unreal Projects/Peacekeeper_3D/Content/Mannequin/Animations/ThirdPerson_Jump.uasset" 687
"C:/Users/Murad/Documents/Unreal Projects/Peacekeeper_3D/Content/Mannequin/Animations/ThirdPerson_Jump.uexp" 688
"C:/Users/Murad/Documents/Unreal Projects/Peacekeeper_3D/Content/Mannequin/Character/Textures/T_Female_N.uasset" 689
"C:/Users/Murad/Documents/Unreal Projects/Peacekeeper_3D/Content/Mannequin/Character/Textures/T_Female_N.uexp" 690
"C:/Users/Murad/Documents/Unreal Projects/Peacekeeper_3D/Content/Mannequin/Character/Textures/T_Female_N.ubulk" 691
"C:/Users/Murad/Documents/Unreal Projects/Peacekeeper_3D/Content/Mannequin/Character/Textures/T_Female_Mask.uasset" 692
"C:/Users/Murad/Documents/Unreal Projects/Peacekeeper_3D/Content/Mannequin/Character/Textures/T_Female_Mask.uexp" 693
"C:/Users/Murad/Documents/Unreal Projects/Peacekeeper_3D/Content/Mannequin/Character/Textures/T_Female_Mask.ubulk" 694
"C:/Users/Murad/Documents/Unreal Projects/Peacekeeper_3D/Content/Mannequin/Character/Materials/MI_Female_Body.uasset" 695
"C:/Users/Murad/Documents/Unreal Projects/Peacekeeper_3D/Content/Mannequin/Character/Materials/MI_Female_Body.uexp" 696
"C:/Users/Murad/Documents/Unreal Projects/Peacekeeper_3D/Content/Mannequin/Character/Mesh/SK_Mannequin_Female_PhysicsAsset.uasset" 697
"C:/Users/Murad/Documents/Unreal Projects/Peacekeeper_3D/Content/Mannequin/Character/Mesh/SK_Mannequin_Female_PhysicsAsset.uexp" 698
"C:/Users/Murad/Documents/Unreal Projects/Peacekeeper_3D/Content/Mannequin/Character/Mesh/SK_Mannequin_Female.uasset" 699
"C:/Users/Murad/Documents/Unreal Projects/Peacekeeper_3D/Content/Mannequin/Character/Mesh/SK_Mannequin_Female.uexp" 700
"C:/Users/Murad/Documents/Unreal Projects/Peacekeeper_3D/Content/Realistic_Starter_VFX_Pack_Vol2/Demo_Room/Textures/T_UnrealEngineDecal.uasset" 701
"C:/Users/Murad/Documents/Unreal Projects/Peacekeeper_3D/Content/Realistic_Starter_VFX_Pack_Vol2/Demo_Room/Textures/T_UnrealEngineDecal.uexp" 702
"C:/Users/Murad/Documents/Unreal Projects/Peacekeeper_3D/Content/Realistic_Starter_VFX_Pack_Vol2/Demo_Room/Textures/T_Pattern_M.uasset" 703
"C:/Users/Murad/Documents/Unreal Projects/Peacekeeper_3D/Content/Realistic_Starter_VFX_Pack_Vol2/Demo_Room/Textures/T_Pattern_M.uexp" 704
"C:/Users/Murad/Documents/Unreal Projects/Peacekeeper_3D/Content/Realistic_Starter_VFX_Pack_Vol2/Demo_Room/Textures/T_Pattern_M.ubulk" 705
"C:/Users/Murad/Documents/Unreal Projects/Peacekeeper_3D/Content/Realistic_Starter_VFX_Pack_Vol2/Demo_Room/Materials/M_DemoWallPattern.uasset" 706
"C:/Users/Murad/Documents/Unreal Projects/Peacekeeper_3D/Content/Realistic_Starter_VFX_Pack_Vol2/Demo_Room/Materials/M_DemoWallPattern.uexp" 707
"C:/Users/Murad/Documents/Unreal Projects/Peacekeeper_3D/Content/Realistic_Starter_VFX_Pack_Vol2/Demo_Room/Materials/M_DemoWallPattern_Inst.uasset" 708
"C:/Users/Murad/Documents/Unreal Projects/Peacekeeper_3D/Content/Realistic_Starter_VFX_Pack_Vol2/Demo_Room/Materials/M_DemoWallPattern_Inst.uexp" 709
"C:/Users/Murad/Documents/Unreal Projects/Peacekeeper_3D/Content/Realistic_Starter_VFX_Pack_Vol2/Demo_Room/Meshes/SM_URoom_Wall.uasset" 710
"C:/Users/Murad/Documents/Unreal Projects/Peacekeeper_3D/Content/Realistic_Starter_VFX_Pack_Vol2/Demo_Room/Meshes/SM_URoom_Wall.uexp" 711
"C:/Users/Murad/Documents/Unreal Projects/Peacekeeper_3D/Content/Realistic_Starter_VFX_Pack_Vol2/Demo_Room/Textures/T_RoomTiles_N.uasset" 712
"C:/Users/Murad/Documents/Unreal Projects/Peacekeeper_3D/Content/Realistic_Starter_VFX_Pack_Vol2/Demo_Room/Textures/T_RoomTiles_N.uexp" 713
"C:/Users/Murad/Documents/Unreal Projects/Peacekeeper_3D/Content/Realistic_Starter_VFX_Pack_Vol2/Demo_Room/Textures/T_RoomTiles_N.ubulk" 714
"C:/Users/Murad/Documents/Unreal Projects/Peacekeeper_3D/Content/Realistic_Starter_VFX_Pack_Vol2/Demo_Room/Textures/T_RoomTiles_M.uasset" 715
"C:/Users/Murad/Documents/Unreal Projects/Peacekeeper_3D/Content/Realistic_Starter_VFX_Pack_Vol2/Demo_Room/Textures/T_RoomTiles_M.uexp" 716
"C:/Users/Murad/Documents/Unreal Projects/Peacekeeper_3D/Content/Realistic_Starter_VFX_Pack_Vol2/Demo_Room/Textures/T_RoomTiles_M.ubulk" 717
"C:/Users/Murad/Documents/Unreal Projects/Peacekeeper_3D/Content/Realistic_Starter_VFX_Pack_Vol2/Demo_Room/Materials/M_DemoRoomTiles.uasset" 718
"C:/Users/Murad/Documents/Unreal Projects/Peacekeeper_3D/Content/Realistic_Starter_VFX_Pack_Vol2/Demo_Room/Materials/M_DemoRoomTiles.uexp" 719
"C:/Users/Murad/Documents/Unreal Projects/Peacekeeper_3D/Content/Realistic_Starter_VFX_Pack_Vol2/Demo_Room/Materials/M_DemoRoomTiles_Inst.uasset" 720
"C:/Users/Murad/Documents/Unreal Projects/Peacekeeper_3D/Content/Realistic_Starter_VFX_Pack_Vol2/Demo_Room/Materials/M_DemoRoomTiles_Inst.uexp" 721
"C:/Users/Murad/Documents/Unreal Projects/Peacekeeper_3D/Content/Realistic_Starter_VFX_Pack_Vol2/Demo_Room/Materials/M_DemoWall.uasset" 722
"C:/Users/Murad/Documents/Unreal Projects/Peacekeeper_3D/Content/Realistic_Starter_VFX_Pack_Vol2/Demo_Room/Materials/M_DemoWall.uexp" 723
"C:/Users/Murad/Documents/Unreal Projects/Peacekeeper_3D/Content/Realistic_Starter_VFX_Pack_Vol2/Demo_Room/Materials/M_DemoWall_Inst.uasset" 724
"C:/Users/Murad/Documents/Unreal Projects/Peacekeeper_3D/Content/Realistic_Starter_VFX_Pack_Vol2/Demo_Room/Materials/M_DemoWall_Inst.uexp" 725
"C:/Users/Murad/Documents/Unreal Projects/Peacekeeper_3D/Content/Realistic_Starter_VFX_Pack_Vol2/Demo_Room/Materials/M_DemoWall_Inst_3.uasset" 726
"C:/Users/Murad/Documents/Unreal Projects/Peacekeeper_3D/Content/Realistic_Starter_VFX_Pack_Vol2/Demo_Room/Materials/M_DemoWall_Inst_3.uexp" 727
"C:/Users/Murad/Documents/Unreal Projects/Peacekeeper_3D/Content/Realistic_Starter_VFX_Pack_Vol2/Demo_Room/Materials/M_DemoWall_Inst_NamePlate.uasset" 728
"C:/Users/Murad/Documents/Unreal Projects/Peacekeeper_3D/Content/Realistic_Starter_VFX_Pack_Vol2/Demo_Room/Materials/M_DemoWall_Inst_NamePlate.uexp" 729
"C:/Users/Murad/Documents/Unreal Projects/Peacekeeper_3D/Content/Realistic_Starter_VFX_Pack_Vol2/Demo_Room/Materials/M_DemoWall_Inst_BaseFloor_Inst.uasset" 730
"C:/Users/Murad/Documents/Unreal Projects/Peacekeeper_3D/Content/Realistic_Starter_VFX_Pack_Vol2/Demo_Room/Materials/M_DemoWall_Inst_BaseFloor_Inst.uexp" 731
"C:/Users/Murad/Documents/Unreal Projects/Peacekeeper_3D/Content/Realistic_Starter_VFX_Pack_Vol2/Demo_Room/Meshes/SM_DemoRoomU_Hole.uasset" 732
"C:/Users/Murad/Documents/Unreal Projects/Peacekeeper_3D/Content/Realistic_Starter_VFX_Pack_Vol2/Demo_Room/Meshes/SM_DemoRoomU_Hole.uexp" 733
"C:/Users/Murad/Documents/Unreal Projects/Peacekeeper_3D/Content/Realistic_Starter_VFX_Pack_Vol2/Demo_Room/Meshes/SM_DemoRoomU2.uasset" 734
"C:/Users/Murad/Documents/Unreal Projects/Peacekeeper_3D/Content/Realistic_Starter_VFX_Pack_Vol2/Demo_Room/Meshes/SM_DemoRoomU2.uexp" 735
"C:/Users/Murad/Documents/Unreal Projects/Peacekeeper_3D/Content/Realistic_Starter_VFX_Pack_Vol2/Demo_Room/Meshes/SM_DemoRoomU.uasset" 736
"C:/Users/Murad/Documents/Unreal Projects/Peacekeeper_3D/Content/Realistic_Starter_VFX_Pack_Vol2/Demo_Room/Meshes/SM_DemoRoomU.uexp" 737
"C:/Users/Murad/Documents/Unreal Projects/Peacekeeper_3D/Content/Realistic_Starter_VFX_Pack_Vol2/Demo_Room/Meshes/SM_DemoRoomTrimAdd.uasset" 738
"C:/Users/Murad/Documents/Unreal Projects/Peacekeeper_3D/Content/Realistic_Starter_VFX_Pack_Vol2/Demo_Room/Meshes/SM_DemoRoomTrimAdd.uexp" 739
"C:/Users/Murad/Documents/Unreal Projects/Peacekeeper_3D/Content/Realistic_Starter_VFX_Pack_Vol2/Demo_Room/Materials/M_LightTube.uasset" 740
"C:/Users/Murad/Documents/Unreal Projects/Peacekeeper_3D/Content/Realistic_Starter_VFX_Pack_Vol2/Demo_Room/Materials/M_LightTube.uexp" 741
"C:/Users/Murad/Documents/Unreal Projects/Peacekeeper_3D/Content/Realistic_Starter_VFX_Pack_Vol2/Demo_Room/Materials/M_LightTube_Inst.uasset" 742
"C:/Users/Murad/Documents/Unreal Projects/Peacekeeper_3D/Content/Realistic_Starter_VFX_Pack_Vol2/Demo_Room/Materials/M_LightTube_Inst.uexp" 743
"C:/Users/Murad/Documents/Unreal Projects/Peacekeeper_3D/Content/Realistic_Starter_VFX_Pack_Vol2/Demo_Room/Materials/M_DemoWall_Inst2.uasset" 744
"C:/Users/Murad/Documents/Unreal Projects/Peacekeeper_3D/Content/Realistic_Starter_VFX_Pack_Vol2/Demo_Room/Materials/M_DemoWall_Inst2.uexp" 745
"C:/Users/Murad/Documents/Unreal Projects/Peacekeeper_3D/Content/Realistic_Starter_VFX_Pack_Vol2/Demo_Room/Meshes/SM_DemoRoomTrim2.uasset" 746
"C:/Users/Murad/Documents/Unreal Projects/Peacekeeper_3D/Content/Realistic_Starter_VFX_Pack_Vol2/Demo_Room/Meshes/SM_DemoRoomTrim2.uexp" 747
"C:/Users/Murad/Documents/Unreal Projects/Peacekeeper_3D/Content/Realistic_Starter_VFX_Pack_Vol2/Demo_Room/Meshes/SM_DemoRoomTrim.uasset" 748
"C:/Users/Murad/Documents/Unreal Projects/Peacekeeper_3D/Content/Realistic_Starter_VFX_Pack_Vol2/Demo_Room/Meshes/SM_DemoRoomTrim.uexp" 749
"C:/Users/Murad/Documents/Unreal Projects/Peacekeeper_3D/Content/Realistic_Starter_VFX_Pack_Vol2/Demo_Room/Meshes/SM_DemoRoomLTrim.uasset" 750
"C:/Users/Murad/Documents/Unreal Projects/Peacekeeper_3D/Content/Realistic_Starter_VFX_Pack_Vol2/Demo_Room/Meshes/SM_DemoRoomLTrim.uexp" 751
"C:/Users/Murad/Documents/Unreal Projects/Peacekeeper_3D/Content/Realistic_Starter_VFX_Pack_Vol2/Demo_Room/Meshes/SM_DemoRoomL.uasset" 752
"C:/Users/Murad/Documents/Unreal Projects/Peacekeeper_3D/Content/Realistic_Starter_VFX_Pack_Vol2/Demo_Room/Meshes/SM_DemoRoomL.uexp" 753
"C:/Users/Murad/Documents/Unreal Projects/Peacekeeper_3D/Content/Realistic_Starter_VFX_Pack_Vol2/Demo_Room/Meshes/SM_DemoRoomClamp2.uasset" 754
"C:/Users/Murad/Documents/Unreal Projects/Peacekeeper_3D/Content/Realistic_Starter_VFX_Pack_Vol2/Demo_Room/Meshes/SM_DemoRoomClamp2.uexp" 755
"C:/Users/Murad/Documents/Unreal Projects/Peacekeeper_3D/Content/Realistic_Starter_VFX_Pack_Vol2/Demo_Room/Meshes/SM_DemoRoomClamp.uasset" 756
"C:/Users/Murad/Documents/Unreal Projects/Peacekeeper_3D/Content/Realistic_Starter_VFX_Pack_Vol2/Demo_Room/Meshes/SM_DemoRoomClamp.uexp" 757
"C:/Users/Murad/Documents/Unreal Projects/Peacekeeper_3D/Content/Realistic_Starter_VFX_Pack_Vol2/Demo_Room/Materials/M_DemoWall_MattPlastic.uasset" 758
"C:/Users/Murad/Documents/Unreal Projects/Peacekeeper_3D/Content/Realistic_Starter_VFX_Pack_Vol2/Demo_Room/Materials/M_DemoWall_MattPlastic.uexp" 759
"C:/Users/Murad/Documents/Unreal Projects/Peacekeeper_3D/Content/Realistic_Starter_VFX_Pack_Vol2/Demo_Room/Meshes/SM_DemoRoomBackWall2.uasset" 760
"C:/Users/Murad/Documents/Unreal Projects/Peacekeeper_3D/Content/Realistic_Starter_VFX_Pack_Vol2/Demo_Room/Meshes/SM_DemoRoomBackWall2.uexp" 761
"C:/Users/Murad/Documents/Unreal Projects/Peacekeeper_3D/Content/Realistic_Starter_VFX_Pack_Vol2/Demo_Room/Meshes/SM_DemoRoomBackWall.uasset" 762
"C:/Users/Murad/Documents/Unreal Projects/Peacekeeper_3D/Content/Realistic_Starter_VFX_Pack_Vol2/Demo_Room/Meshes/SM_DemoRoomBackWall.uexp" 763
"C:/Users/Murad/Documents/Unreal Projects/Peacekeeper_3D/Content/Realistic_Starter_VFX_Pack_Vol2/Demo_Room/Meshes/SM_DemoDivider_2.uasset" 764
"C:/Users/Murad/Documents/Unreal Projects/Peacekeeper_3D/Content/Realistic_Starter_VFX_Pack_Vol2/Demo_Room/Meshes/SM_DemoDivider_2.uexp" 765
"C:/Users/Murad/Documents/Unreal Projects/Peacekeeper_3D/Content/Realistic_Starter_VFX_Pack_Vol2/Demo_Room/Meshes/SM_DemoDivider_1.uasset" 766
"C:/Users/Murad/Documents/Unreal Projects/Peacekeeper_3D/Content/Realistic_Starter_VFX_Pack_Vol2/Demo_Room/Meshes/SM_DemoDivider_1.uexp" 767
"C:/Users/Murad/Documents/Unreal Projects/Peacekeeper_3D/Content/Realistic_Starter_VFX_Pack_Vol2/Demo_Room/BluePrint/BP_DemoRoom_Enum.uasset" 768
"C:/Users/Murad/Documents/Unreal Projects/Peacekeeper_3D/Content/Realistic_Starter_VFX_Pack_Vol2/Demo_Room/BluePrint/BP_DemoRoom_Enum.uexp" 769
"C:/Users/Murad/Documents/Unreal Projects/Peacekeeper_3D/Content/Realistic_Starter_VFX_Pack_Vol2/Demo_Room/Materials/M_Glass.uasset" 770
"C:/Users/Murad/Documents/Unreal Projects/Peacekeeper_3D/Content/Realistic_Starter_VFX_Pack_Vol2/Demo_Room/Materials/M_Glass.uexp" 771
"C:/Users/Murad/Documents/Unreal Projects/Peacekeeper_3D/Content/Realistic_Starter_VFX_Pack_Vol2/Demo_Room/Materials/M_Glass_Inst.uasset" 772
"C:/Users/Murad/Documents/Unreal Projects/Peacekeeper_3D/Content/Realistic_Starter_VFX_Pack_Vol2/Demo_Room/Materials/M_Glass_Inst.uexp" 773
"C:/Users/Murad/Documents/Unreal Projects/Peacekeeper_3D/Content/Realistic_Starter_VFX_Pack_Vol2/Demo_Room/Materials/M_DemoWallPattern_NoText.uasset" 774
"C:/Users/Murad/Documents/Unreal Projects/Peacekeeper_3D/Content/Realistic_Starter_VFX_Pack_Vol2/Demo_Room/Materials/M_DemoWallPattern_NoText.uexp" 775
"C:/Users/Murad/Documents/Unreal Projects/Peacekeeper_3D/Content/Realistic_Starter_VFX_Pack_Vol2/Demo_Room/Meshes/SM_URoom_Wall2.uasset" 776
"C:/Users/Murad/Documents/Unreal Projects/Peacekeeper_3D/Content/Realistic_Starter_VFX_Pack_Vol2/Demo_Room/Meshes/SM_URoom_Wall2.uexp" 777
"C:/Users/Murad/Documents/Unreal Projects/Peacekeeper_3D/Content/Realistic_Starter_VFX_Pack_Vol2/Demo_Room/Materials/M_DemoWallPattern_Inst_Mirrored.uasset" 778
"C:/Users/Murad/Documents/Unreal Projects/Peacekeeper_3D/Content/Realistic_Starter_VFX_Pack_Vol2/Demo_Room/Materials/M_DemoWallPattern_Inst_Mirrored.uexp" 779
"../../../Engine/Content/EngineFonts/RobotoDistanceField.uasset" 780
"../../../Engine/Content/EngineFonts/RobotoDistanceField.uexp" 781
"C:/Users/Murad/Documents/Unreal Projects/Peacekeeper_3D/Content/Realistic_Starter_VFX_Pack_Vol2/Demo_Room/Materials/DefaultTextMaterialTranslucentUnlit.uasset" 782
"C:/Users/Murad/Documents/Unreal Projects/Peacekeeper_3D/Content/Realistic_Starter_VFX_Pack_Vol2/Demo_Room/Materials/DefaultTextMaterialTranslucentUnlit.uexp" 783
"C:/Users/Murad/Documents/Unreal Projects/Peacekeeper_3D/Content/Realistic_Starter_VFX_Pack_Vol2/Demo_Room/BluePrint/BP_DemoRoom.uasset" 784
"C:/Users/Murad/Documents/Unreal Projects/Peacekeeper_3D/Content/Realistic_Starter_VFX_Pack_Vol2/Demo_Room/BluePrint/BP_DemoRoom.uexp" 785
"C:/Users/Murad/Documents/Unreal Projects/Peacekeeper_3D/Content/Realistic_Starter_VFX_Pack_Vol2/Materials/M_Mud.uasset" 786
"C:/Users/Murad/Documents/Unreal Projects/Peacekeeper_3D/Content/Realistic_Starter_VFX_Pack_Vol2/Materials/M_Mud.uexp" 787
"C:/Users/Murad/Documents/Unreal Projects/Peacekeeper_3D/Content/Realistic_Starter_VFX_Pack_Vol2/Mesh/SM_Splash_A.uasset" 788
"C:/Users/Murad/Documents/Unreal Projects/Peacekeeper_3D/Content/Realistic_Starter_VFX_Pack_Vol2/Mesh/SM_Splash_A.uexp" 789
"C:/Users/Murad/Documents/Unreal Projects/Peacekeeper_3D/Content/Realistic_Starter_VFX_Pack_Vol2/Mesh/SM_Splash_B.uasset" 790
"C:/Users/Murad/Documents/Unreal Projects/Peacekeeper_3D/Content/Realistic_Starter_VFX_Pack_Vol2/Mesh/SM_Splash_B.uexp" 791
"C:/Users/Murad/Documents/Unreal Projects/Peacekeeper_3D/Content/Realistic_Starter_VFX_Pack_Vol2/Textures/T_Smoke_Wisp.uasset" 792
"C:/Users/Murad/Documents/Unreal Projects/Peacekeeper_3D/Content/Realistic_Starter_VFX_Pack_Vol2/Textures/T_Smoke_Wisp.uexp" 793
"C:/Users/Murad/Documents/Unreal Projects/Peacekeeper_3D/Content/Realistic_Starter_VFX_Pack_Vol2/Textures/T_Smoke_Wisp.ubulk" 794
"C:/Users/Murad/Documents/Unreal Projects/Peacekeeper_3D/Content/Realistic_Starter_VFX_Pack_Vol2/Materials/M_Smoke_Wisp.uasset" 795
"C:/Users/Murad/Documents/Unreal Projects/Peacekeeper_3D/Content/Realistic_Starter_VFX_Pack_Vol2/Materials/M_Smoke_Wisp.uexp" 796
"C:/Users/Murad/Documents/Unreal Projects/Peacekeeper_3D/Content/Realistic_Starter_VFX_Pack_Vol2/Textures/T_Dirt_A.uasset" 797
"C:/Users/Murad/Documents/Unreal Projects/Peacekeeper_3D/Content/Realistic_Starter_VFX_Pack_Vol2/Textures/T_Dirt_A.uexp" 798
"C:/Users/Murad/Documents/Unreal Projects/Peacekeeper_3D/Content/Realistic_Starter_VFX_Pack_Vol2/Textures/T_Dirt_A.ubulk" 799
"C:/Users/Murad/Documents/Unreal Projects/Peacekeeper_3D/Content/Realistic_Starter_VFX_Pack_Vol2/Materials/M_Dirt_B.uasset" 800
"C:/Users/Murad/Documents/Unreal Projects/Peacekeeper_3D/Content/Realistic_Starter_VFX_Pack_Vol2/Materials/M_Dirt_B.uexp" 801
"C:/Users/Murad/Documents/Unreal Projects/Peacekeeper_3D/Content/Realistic_Starter_VFX_Pack_Vol2/Textures/T_Wood.uasset" 802
"C:/Users/Murad/Documents/Unreal Projects/Peacekeeper_3D/Content/Realistic_Starter_VFX_Pack_Vol2/Textures/T_Wood.uexp" 803
"C:/Users/Murad/Documents/Unreal Projects/Peacekeeper_3D/Content/Realistic_Starter_VFX_Pack_Vol2/Textures/T_Wood.ubulk" 804
"C:/Users/Murad/Documents/Unreal Projects/Peacekeeper_3D/Content/Realistic_Starter_VFX_Pack_Vol2/Textures/T_NoiseNormal_A.uasset" 805
"C:/Users/Murad/Documents/Unreal Projects/Peacekeeper_3D/Content/Realistic_Starter_VFX_Pack_Vol2/Textures/T_NoiseNormal_A.uexp" 806
"C:/Users/Murad/Documents/Unreal Projects/Peacekeeper_3D/Content/Realistic_Starter_VFX_Pack_Vol2/Textures/T_NoiseNormal_A.ubulk" 807
"C:/Users/Murad/Documents/Unreal Projects/Peacekeeper_3D/Content/Realistic_Starter_VFX_Pack_Vol2/Materials/M_Wood.uasset" 808
"C:/Users/Murad/Documents/Unreal Projects/Peacekeeper_3D/Content/Realistic_Starter_VFX_Pack_Vol2/Materials/M_Wood.uexp" 809
"C:/Users/Murad/Documents/Unreal Projects/Peacekeeper_3D/Content/Realistic_Starter_VFX_Pack_Vol2/Particles/Hit/P_Wood.uasset" 810
"C:/Users/Murad/Documents/Unreal Projects/Peacekeeper_3D/Content/Realistic_Starter_VFX_Pack_Vol2/Particles/Hit/P_Wood.uexp" 811
"C:/Users/Murad/Documents/Unreal Projects/Peacekeeper_3D/Content/Realistic_Starter_VFX_Pack_Vol2/Textures/T_Fire_E.uasset" 812
"C:/Users/Murad/Documents/Unreal Projects/Peacekeeper_3D/Content/Realistic_Starter_VFX_Pack_Vol2/Textures/T_Fire_E.uexp" 813
"C:/Users/Murad/Documents/Unreal Projects/Peacekeeper_3D/Content/Realistic_Starter_VFX_Pack_Vol2/Textures/T_Fire_E.ubulk" 814
"C:/Users/Murad/Documents/Unreal Projects/Peacekeeper_3D/Content/ThirdPersonBP/Blueprints/DamageArea.uasset" 815
"C:/Users/Murad/Documents/Unreal Projects/Peacekeeper_3D/Content/ThirdPersonBP/Blueprints/DamageArea.uexp" 816
"../../../Engine/Content/BasicShapes/Sphere.uasset" 817
"../../../Engine/Content/BasicShapes/Sphere.uexp" 818
"C:/Users/Murad/Documents/Unreal Projects/Peacekeeper_3D/Content/ThirdPersonBP/Blueprints/Player/BP_Player_Projectile_Outdated.uasset" 819
"C:/Users/Murad/Documents/Unreal Projects/Peacekeeper_3D/Content/ThirdPersonBP/Blueprints/Player/BP_Player_Projectile_Outdated.uexp" 820
"C:/Users/Murad/Documents/Unreal Projects/Peacekeeper_3D/Content/ThirdPersonBP/Blueprints/Enemies/Montages/Montage_Equip_Rifle_Standing.uasset" 821
"C:/Users/Murad/Documents/Unreal Projects/Peacekeeper_3D/Content/ThirdPersonBP/Blueprints/Enemies/Montages/Montage_Equip_Rifle_Standing.uexp" 822
"C:/Users/Murad/Documents/Unreal Projects/Peacekeeper_3D/Content/AnimStarterPack/Fire_Rifle_Ironsights.uasset" 823
"C:/Users/Murad/Documents/Unreal Projects/Peacekeeper_3D/Content/AnimStarterPack/Fire_Rifle_Ironsights.uexp" 824
"C:/Users/Murad/Documents/Unreal Projects/Peacekeeper_3D/Content/ThirdPersonBP/Blueprints/Enemies/Montages/Montage_Fire_Rifle_Ironsights.uasset" 825
"C:/Users/Murad/Documents/Unreal Projects/Peacekeeper_3D/Content/ThirdPersonBP/Blueprints/Enemies/Montages/Montage_Fire_Rifle_Ironsights.uexp" 826
"C:/Users/Murad/Documents/Unreal Projects/Peacekeeper_3D/Content/AnimStarterPack/Fire_Shotgun_Hip.uasset" 827
"C:/Users/Murad/Documents/Unreal Projects/Peacekeeper_3D/Content/AnimStarterPack/Fire_Shotgun_Hip.uexp" 828
"C:/Users/Murad/Documents/Unreal Projects/Peacekeeper_3D/Content/ThirdPersonBP/Blueprints/Enemies/Montages/Montage_Fire_Shotgun_Hip.uasset" 829
"C:/Users/Murad/Documents/Unreal Projects/Peacekeeper_3D/Content/ThirdPersonBP/Blueprints/Enemies/Montages/Montage_Fire_Shotgun_Hip.uexp" 830
"C:/Users/Murad/Documents/Unreal Projects/Peacekeeper_3D/Content/ThirdPersonBP/Blueprints/Enemies/AI/EQS/EQS_Context_AttackTarget.uasset" 831
"C:/Users/Murad/Documents/Unreal Projects/Peacekeeper_3D/Content/ThirdPersonBP/Blueprints/Enemies/AI/EQS/EQS_Context_AttackTarget.uexp" 832
"C:/Users/Murad/Documents/Unreal Projects/Peacekeeper_3D/Content/ThirdPersonBP/Blueprints/Enemies/AI/EQS/EQS_FindCover.uasset" 833
"C:/Users/Murad/Documents/Unreal Projects/Peacekeeper_3D/Content/ThirdPersonBP/Blueprints/Enemies/AI/EQS/EQS_FindCover.uexp" 834
"C:/Users/Murad/Documents/Unreal Projects/Peacekeeper_3D/Content/ThirdPersonBP/Blueprints/Enemies/AI/Tasks/BTT_MoveToIdealRange.uasset" 835
"C:/Users/Murad/Documents/Unreal Projects/Peacekeeper_3D/Content/ThirdPersonBP/Blueprints/Enemies/AI/Tasks/BTT_MoveToIdealRange.uexp" 836
"C:/Users/Murad/Documents/Unreal Projects/Peacekeeper_3D/Content/ThirdPersonBP/Blueprints/Enemies/AI/Tasks/BTT_DefaultAttack.uasset" 837
"C:/Users/Murad/Documents/Unreal Projects/Peacekeeper_3D/Content/ThirdPersonBP/Blueprints/Enemies/AI/Tasks/BTT_DefaultAttack.uexp" 838
"C:/Users/Murad/Documents/Unreal Projects/Peacekeeper_3D/Content/ThirdPersonBP/Blueprints/Enemies/AI/BehaviorTrees/SubTrees/BT_Subtree_FindCover.uasset" 839
"C:/Users/Murad/Documents/Unreal Projects/Peacekeeper_3D/Content/ThirdPersonBP/Blueprints/Enemies/AI/BehaviorTrees/SubTrees/BT_Subtree_FindCover.uexp" 840
"C:/Users/Murad/Documents/Unreal Projects/Peacekeeper_3D/Content/ThirdPersonBP/Blueprints/Enemies/AI/Tasks/BTT_UnequipWeapon.uasset" 841
"C:/Users/Murad/Documents/Unreal Projects/Peacekeeper_3D/Content/ThirdPersonBP/Blueprints/Enemies/AI/Tasks/BTT_UnequipWeapon.uexp" 842
"C:/Users/Murad/Documents/Unreal Projects/Peacekeeper_3D/Content/ThirdPersonBP/Blueprints/Enemies/AI/Tasks/BTT_Focus.uasset" 843
"C:/Users/Murad/Documents/Unreal Projects/Peacekeeper_3D/Content/ThirdPersonBP/Blueprints/Enemies/AI/Tasks/BTT_Focus.uexp" 844
"C:/Users/Murad/Documents/Unreal Projects/Peacekeeper_3D/Content/ThirdPersonBP/Blueprints/Enemies/AI/Tasks/BTT_EquipWeapon.uasset" 845
"C:/Users/Murad/Documents/Unreal Projects/Peacekeeper_3D/Content/ThirdPersonBP/Blueprints/Enemies/AI/Tasks/BTT_EquipWeapon.uexp" 846
"C:/Users/Murad/Documents/Unreal Projects/Peacekeeper_3D/Content/ThirdPersonBP/Blueprints/Enemies/AI/Tasks/BTT_MiddleRangeAttack.uasset" 847
"C:/Users/Murad/Documents/Unreal Projects/Peacekeeper_3D/Content/ThirdPersonBP/Blueprints/Enemies/AI/Tasks/BTT_MiddleRangeAttack.uexp" 848
"../../../Engine/Content/EngineMaterials/WorldGridMaterial.uasset" 849
"../../../Engine/Content/EngineMaterials/WorldGridMaterial.uexp" 850
"../../../Engine/Content/ArtTools/RenderToTexture/Meshes/S_1_Unit_Plane.uasset" 851
"../../../Engine/Content/ArtTools/RenderToTexture/Meshes/S_1_Unit_Plane.uexp" 852
"../../../Engine/Content/BasicShapes/Cone.uasset" 853
"../../../Engine/Content/BasicShapes/Cone.uexp" 854
"../../../Engine/Content/EditorLandscapeResources/DataLayer.uasset" 855
"../../../Engine/Content/EditorLandscapeResources/DataLayer.uexp" 856
"../../../Engine/Content/EditorLandscapeResources/DefaultAlphaTexture.uasset" 857
"../../../Engine/Content/EditorLandscapeResources/DefaultAlphaTexture.uexp" 858
"../../../Engine/Content/EditorMaterials/MAT_Groups_Toggle.uasset" 859
"../../../Engine/Content/EditorMaterials/MAT_Groups_Toggle.uexp" 860
"../../../Engine/Content/EditorMaterials/MAT_Groups_Visibility.uasset" 861
"../../../Engine/Content/EditorMaterials/MAT_Groups_Visibility.uexp" 862
"../../../Engine/Content/EditorMaterials/PreviewShadowIndicator.uasset" 863
"../../../Engine/Content/EditorMaterials/PreviewShadowIndicator.uexp" 864
"../../../Engine/Content/EditorMaterials/PreviewShadowIndicator.ubulk" 865
"../../../Engine/Content/EditorMaterials/PreviewShadowIndicatorMaterial.uasset" 866
"../../../Engine/Content/EditorMaterials/PreviewShadowIndicatorMaterial.uexp" 867
"../../../Engine/Content/EditorMaterials/MatineeGroups/MAT_ColorTrack.uasset" 868
"../../../Engine/Content/EditorMaterials/MatineeGroups/MAT_ColorTrack.uexp" 869
"../../../Engine/Content/EditorMaterials/MatineeGroups/MAT_Groups_Anim.uasset" 870
"../../../Engine/Content/EditorMaterials/MatineeGroups/MAT_Groups_Anim.uexp" 871
"../../../Engine/Content/EditorMaterials/MatineeGroups/MAT_Groups_AudioMaster.uasset" 872
"../../../Engine/Content/EditorMaterials/MatineeGroups/MAT_Groups_AudioMaster.uexp" 873
"../../../Engine/Content/EditorMaterials/MatineeGroups/MAT_Groups_Director.uasset" 874
"../../../Engine/Content/EditorMaterials/MatineeGroups/MAT_Groups_Director.uexp" 875
"../../../Engine/Content/EditorMaterials/MatineeGroups/MAT_Groups_Event.uasset" 876
"../../../Engine/Content/EditorMaterials/MatineeGroups/MAT_Groups_Event.uexp" 877
"../../../Engine/Content/EditorMaterials/MatineeGroups/MAT_Groups_Fade.uasset" 878
"../../../Engine/Content/EditorMaterials/MatineeGroups/MAT_Groups_Fade.uexp" 879
"../../../Engine/Content/EditorMaterials/MatineeGroups/MAT_Groups_Float.uasset" 880
"../../../Engine/Content/EditorMaterials/MatineeGroups/MAT_Groups_Float.uexp" 881
"../../../Engine/Content/EditorMaterials/MatineeGroups/MAT_Groups_Move.uasset" 882
"../../../Engine/Content/EditorMaterials/MatineeGroups/MAT_Groups_Move.uexp" 883
"../../../Engine/Content/EditorMaterials/MatineeGroups/MAT_Groups_Slomo.uasset" 884
"../../../Engine/Content/EditorMaterials/MatineeGroups/MAT_Groups_Slomo.uexp" 885
"../../../Engine/Content/EditorMaterials/MatineeGroups/MAT_Groups_Sound.uasset" 886
"../../../Engine/Content/EditorMaterials/MatineeGroups/MAT_Groups_Sound.uexp" 887
"../../../Engine/Content/EditorMaterials/MatineeGroups/MAT_Groups_Vector.uasset" 888
"../../../Engine/Content/EditorMaterials/MatineeGroups/MAT_Groups_Vector.uexp" 889
"../../../Engine/Content/EditorMaterials/ParticleSystems/PSysThumbnail_NoImage.uasset" 890
"../../../Engine/Content/EditorMaterials/ParticleSystems/PSysThumbnail_NoImage.uexp" 891
"../../../Engine/Content/EditorMaterials/ParticleSystems/PSysThumbnail_NoImage.ubulk" 892
"../../../Engine/Content/EditorMaterials/ParticleSystems/PSysThumbnail_OOD.uasset" 893
"../../../Engine/Content/EditorMaterials/ParticleSystems/PSysThumbnail_OOD.uexp" 894
"../../../Engine/Content/EditorMaterials/ParticleSystems/PSysThumbnail_OOD.ubulk" 895
"../../../Engine/Content/EditorMaterials/Camera/CineMat.uasset" 896
"../../../Engine/Content/EditorMaterials/Camera/CineMat.uexp" 897
"../../../Engine/Content/EditorMaterials/Camera/MI_CineMat_Rig.uasset" 898
"../../../Engine/Content/EditorMaterials/Camera/MI_CineMat_Rig.uexp" 899
"../../../Engine/Content/EditorMeshes/Camera/SM_CraneRig_Arm.uasset" 900
"../../../Engine/Content/EditorMeshes/Camera/SM_CraneRig_Arm.uexp" 901
"../../../Engine/Content/EditorMeshes/Camera/SM_CraneRig_Base.uasset" 902
"../../../Engine/Content/EditorMeshes/Camera/SM_CraneRig_Base.uexp" 903
"../../../Engine/Content/EditorMeshes/Camera/SM_CraneRig_Body.uasset" 904
"../../../Engine/Content/EditorMeshes/Camera/SM_CraneRig_Body.uexp" 905
"../../../Engine/Content/EditorMeshes/Camera/SM_CraneRig_Mount.uasset" 906
"../../../Engine/Content/EditorMeshes/Camera/SM_CraneRig_Mount.uexp" 907
"../../../Engine/Content/EditorMeshes/Camera/SM_RailRig_Mount.uasset" 908
"../../../Engine/Content/EditorMeshes/Camera/SM_RailRig_Mount.uexp" 909
"../../../Engine/Content/EditorMeshes/Camera/SM_RailRig_Track.uasset" 910
"../../../Engine/Content/EditorMeshes/Camera/SM_RailRig_Track.uexp" 911
"../../../Engine/Content/EditorResources/BSPVertex.uasset" 912
"../../../Engine/Content/EditorResources/BSPVertex.uexp" 913
"../../../Engine/Content/EditorResources/EmptyActor.uasset" 914
"../../../Engine/Content/EditorResources/EmptyActor.uexp" 915
"../../../Engine/Content/EditorResources/S_Actor.uasset" 916
"../../../Engine/Content/EditorResources/S_Actor.uexp" 917
"../../../Engine/Content/EditorResources/S_Actor.ubulk" 918
"../../../Engine/Content/EditorResources/S_Note.uasset" 919
"../../../Engine/Content/EditorResources/S_Note.uexp" 920
"../../../Engine/Content/EditorResources/S_Note.ubulk" 921
"../../../Engine/Content/EditorResources/S_Solver.uasset" 922
"../../../Engine/Content/EditorResources/S_Solver.uexp" 923
"../../../Engine/Content/EditorResources/S_Solver.ubulk" 924
"../../../Engine/Content/EditorResources/S_Terrain.uasset" 925
"../../../Engine/Content/EditorResources/S_Terrain.uexp" 926
"../../../Engine/Content/EditorResources/S_Terrain.ubulk" 927
"../../../Engine/Content/EditorResources/S_Trigger.uasset" 928
"../../../Engine/Content/EditorResources/S_Trigger.uexp" 929
"../../../Engine/Content/EditorResources/S_Trigger.ubulk" 930
"../../../Engine/Content/EditorResources/LightIcons/S_LightError.uasset" 931
"../../../Engine/Content/EditorResources/LightIcons/S_LightError.uexp" 932
"../../../Engine/Content/EditorResources/SequenceRecorder/Countdown.uasset" 933
"../../../Engine/Content/EditorResources/SequenceRecorder/Countdown.uexp" 934
"../../../Engine/Content/EditorResources/SequenceRecorder/RecordingIndicator.uasset" 935
"../../../Engine/Content/EditorResources/SequenceRecorder/RecordingIndicator.uexp" 936
"../../../Engine/Content/EngineDamageTypes/DmgTypeBP_Environmental.uasset" 937
"../../../Engine/Content/EngineDamageTypes/DmgTypeBP_Environmental.uexp" 938
"../../../Engine/Content/EngineDebugMaterials/DebugEditorMaterial.uasset" 939
"../../../Engine/Content/EngineDebugMaterials/DebugEditorMaterial.uexp" 940
"../../../Engine/Content/EngineDebugMaterials/DebugMeshMaterial.uasset" 941
"../../../Engine/Content/EngineDebugMaterials/DebugMeshMaterial.uexp" 942
"../../../Engine/Content/EngineDebugMaterials/M_SimpleUnlitTranslucent.uasset" 943
"../../../Engine/Content/EngineDebugMaterials/M_SimpleUnlitTranslucent.uexp" 944
"../../../Engine/Content/EngineDebugMaterials/VolumeToRender.uasset" 945
"../../../Engine/Content/EngineDebugMaterials/VolumeToRender.uexp" 946
"../../../Engine/Content/Functions/Engine_MaterialFunctions02/Utility/CameraDirectionVector.uasset" 947
"../../../Engine/Content/Functions/Engine_MaterialFunctions02/Utility/CameraDirectionVector.uexp" 948
"../../../Engine/Content/EngineDebugMaterials/M_VolumeRenderSphereTracePP.uasset" 949
"../../../Engine/Content/EngineDebugMaterials/M_VolumeRenderSphereTracePP.uexp" 950
"../../../Engine/Content/Functions/Engine_MaterialFunctions01/Shading/ConvertFromDiffSpec.uasset" 951
"../../../Engine/Content/Functions/Engine_MaterialFunctions01/Shading/ConvertFromDiffSpec.uexp" 952
"../../../Engine/Content/EngineDebugMaterials/VertexColorMaterial.uasset" 953
"../../../Engine/Content/EngineDebugMaterials/VertexColorMaterial.uexp" 954
"../../../Engine/Content/EngineDebugMaterials/WireframeMaterial.uasset" 955
"../../../Engine/Content/EngineDebugMaterials/WireframeMaterial.uexp" 956
"../../../Engine/Content/EngineFonts/Faces/RobotoRegular.uasset" 957
"../../../Engine/Content/EngineFonts/Faces/RobotoRegular.uexp" 958
"../../../Engine/Content/EngineFonts/Faces/RobotoRegular.ufont" 959
"../../../Engine/Content/EngineFonts/Faces/RobotoLight.uasset" 960
"../../../Engine/Content/EngineFonts/Faces/RobotoLight.uexp" 961
"../../../Engine/Content/EngineFonts/Faces/RobotoLight.ufont" 962
"../../../Engine/Content/EngineFonts/Faces/RobotoItalic.uasset" 963
"../../../Engine/Content/EngineFonts/Faces/RobotoItalic.uexp" 964
"../../../Engine/Content/EngineFonts/Faces/RobotoItalic.ufont" 965
"../../../Engine/Content/EngineFonts/Faces/RobotoBoldItalic.uasset" 966
"../../../Engine/Content/EngineFonts/Faces/RobotoBoldItalic.uexp" 967
"../../../Engine/Content/EngineFonts/Faces/RobotoBoldItalic.ufont" 968
"../../../Engine/Content/EngineFonts/Faces/RobotoBold.uasset" 969
"../../../Engine/Content/EngineFonts/Faces/RobotoBold.uexp" 970
"../../../Engine/Content/EngineFonts/Faces/RobotoBold.ufont" 971
"../../../Engine/Content/EngineFonts/Faces/DroidSansFallback.uasset" 972
"../../../Engine/Content/EngineFonts/Faces/DroidSansFallback.uexp" 973
"../../../Engine/Content/EngineFonts/Faces/DroidSansFallback.ufont" 974
"../../../Engine/Content/EngineFonts/Roboto.uasset" 975
"../../../Engine/Content/EngineFonts/Roboto.uexp" 976
"../../../Engine/Content/EngineMaterials/BaseFlattenNormalMap.uasset" 977
"../../../Engine/Content/EngineMaterials/BaseFlattenNormalMap.uexp" 978
"../../../Engine/Content/EngineMaterials/BaseFlattenGrayscaleMap.uasset" 979
"../../../Engine/Content/EngineMaterials/BaseFlattenGrayscaleMap.uexp" 980
"../../../Engine/Content/EngineMaterials/BaseFlattenEmissiveMap.uasset" 981
"../../../Engine/Content/EngineMaterials/BaseFlattenEmissiveMap.uexp" 982
"../../../Engine/Content/EngineMaterials/BaseFlattenDiffuseMap.uasset" 983
"../../../Engine/Content/EngineMaterials/BaseFlattenDiffuseMap.uexp" 984
"../../../Engine/Content/EngineMaterials/BaseFlattenMaterial.uasset" 985
"../../../Engine/Content/EngineMaterials/BaseFlattenMaterial.uexp" 986
"../../../Engine/Content/EngineMaterials/BlueNoise.uasset" 987
"../../../Engine/Content/EngineMaterials/BlueNoise.uexp" 988
"../../../Engine/Content/EngineMaterials/DefaultBloomKernel.uasset" 989
"../../../Engine/Content/EngineMaterials/DefaultBloomKernel.uexp" 990
"../../../Engine/Content/EngineMaterials/DefaultBokeh.uasset" 991
"../../../Engine/Content/EngineMaterials/DefaultBokeh.uexp" 992
"../../../Engine/Content/EngineMaterials/DefaultDiffuse.uasset" 993
"../../../Engine/Content/EngineMaterials/DefaultDiffuse.uexp" 994
"../../../Engine/Content/EngineMaterials/DefaultDiffuse.ubulk" 995
"../../../Engine/Content/EngineMaterials/DefaultDeferredDecalMaterial.uasset" 996
"../../../Engine/Content/EngineMaterials/DefaultDeferredDecalMaterial.uexp" 997
"../../../Engine/Content/EngineMaterials/DefaultLightFunctionMaterial.uasset" 998
"../../../Engine/Content/EngineMaterials/DefaultLightFunctionMaterial.uexp" 999
"../../../Engine/Content/EngineMaterials/DefaultPhysicalMaterial.uasset" 1000
"../../../Engine/Content/EngineMaterials/DefaultPhysicalMaterial.uexp" 1001
"../../../Engine/Content/Functions/Engine_MaterialFunctions02/Utility/BreakOutFloat2Components.uasset" 1002
"../../../Engine/Content/Functions/Engine_MaterialFunctions02/Utility/BreakOutFloat2Components.uexp" 1003
"../../../Engine/Content/EngineMaterials/DefaultPostProcessMaterial.uasset" 1004
"../../../Engine/Content/EngineMaterials/DefaultPostProcessMaterial.uexp" 1005
"../../../Engine/Content/EngineMaterials/DefaultTextMaterialOpaque.uasset" 1006
"../../../Engine/Content/EngineMaterials/DefaultTextMaterialOpaque.uexp" 1007
"../../../Engine/Content/EngineMaterials/DefaultWhiteGrid.uasset" 1008
"../../../Engine/Content/EngineMaterials/DefaultWhiteGrid.uexp" 1009
"../../../Engine/Content/EngineMaterials/DefaultWhiteGrid.ubulk" 1010
"../../../Engine/Content/EngineMaterials/DefaultWhiteGrid_Low.uasset" 1011
"../../../Engine/Content/EngineMaterials/DefaultWhiteGrid_Low.uexp" 1012
"../../../Engine/Content/EngineMaterials/EmissiveMeshMaterial.uasset" 1013
"../../../Engine/Content/EngineMaterials/EmissiveMeshMaterial.uexp" 1014
"../../../Engine/Content/EngineMaterials/GizmoMaterial.uasset" 1015
"../../../Engine/Content/EngineMaterials/GizmoMaterial.uexp" 1016
"../../../Engine/Content/EngineMaterials/Good64x64TilingNoiseHighFreq.uasset" 1017
"../../../Engine/Content/EngineMaterials/Good64x64TilingNoiseHighFreq.uexp" 1018
"../../../Engine/Content/EngineMaterials/MiniFont.uasset" 1019
"../../../Engine/Content/EngineMaterials/MiniFont.uexp" 1020
"../../../Engine/Content/EngineMaterials/InvalidLightmapSettings.uasset" 1021
"../../../Engine/Content/EngineMaterials/InvalidLightmapSettings.uexp" 1022
"../../../Engine/Content/EngineMaterials/InvalidLightmapSettings.ubulk" 1023
"../../../Engine/Content/EngineMaterials/M_InvalidLightmapSettings.uasset" 1024
"../../../Engine/Content/EngineMaterials/M_InvalidLightmapSettings.uexp" 1025
"../../../Engine/Content/Functions/Engine_MaterialFunctions02/WorldPositionOffset/CameraOffset.uasset" 1026
"../../../Engine/Content/Functions/Engine_MaterialFunctions02/WorldPositionOffset/CameraOffset.uexp" 1027
"../../../Engine/Content/EngineMaterials/PhAT_JointLimitMaterial.uasset" 1028
"../../../Engine/Content/EngineMaterials/PhAT_JointLimitMaterial.uexp" 1029
"../../../Engine/Content/EngineMaterials/DefaultCalibrationColor.uasset" 1030
"../../../Engine/Content/EngineMaterials/DefaultCalibrationColor.uexp" 1031
"../../../Engine/Content/EngineMaterials/PPM_DefaultCalibrationColor.uasset" 1032
"../../../Engine/Content/EngineMaterials/PPM_DefaultCalibrationColor.uexp" 1033
"../../../Engine/Content/EngineMaterials/DefaultCalibrationGrayscale.uasset" 1034
"../../../Engine/Content/EngineMaterials/DefaultCalibrationGrayscale.uexp" 1035
"../../../Engine/Content/EngineMaterials/PPM_DefaultCalibrationGrayscale.uasset" 1036
"../../../Engine/Content/EngineMaterials/PPM_DefaultCalibrationGrayscale.uexp" 1037
"../../../Engine/Content/EngineMaterials/PreintegratedSkinBRDF.uasset" 1038
"../../../Engine/Content/EngineMaterials/PreintegratedSkinBRDF.uexp" 1039
"../../../Engine/Content/EngineMaterials/RemoveSurfaceMaterial.uasset" 1040
"../../../Engine/Content/EngineMaterials/RemoveSurfaceMaterial.uexp" 1041
"../../../Engine/Content/EngineMaterials/WeightMapPlaceholderTexture.uasset" 1042
"../../../Engine/Content/EngineMaterials/WeightMapPlaceholderTexture.uexp" 1043
"../../../Engine/Content/EngineResources/WhiteSquareTexture.uasset" 1044
"../../../Engine/Content/EngineResources/WhiteSquareTexture.uexp" 1045
"../../../Engine/Content/EngineMaterials/Widget3DPassThrough.uasset" 1046
"../../../Engine/Content/EngineMaterials/Widget3DPassThrough.uexp" 1047
"../../../Engine/Content/EngineMaterials/Widget3DPassThrough_Masked.uasset" 1048
"../../../Engine/Content/EngineMaterials/Widget3DPassThrough_Masked.uexp" 1049
"../../../Engine/Content/EngineMaterials/Widget3DPassThrough_Opaque.uasset" 1050
"../../../Engine/Content/EngineMaterials/Widget3DPassThrough_Opaque.uexp" 1051
"../../../Engine/Content/EngineMaterials/Widget3DPassThrough_Masked_OneSided.uasset" 1052
"../../../Engine/Content/EngineMaterials/Widget3DPassThrough_Masked_OneSided.uexp" 1053
"../../../Engine/Content/EngineMaterials/Widget3DPassThrough_Opaque_OneSided.uasset" 1054
"../../../Engine/Content/EngineMaterials/Widget3DPassThrough_Opaque_OneSided.uexp" 1055
"../../../Engine/Content/EngineMaterials/Widget3DPassThrough_Translucent.uasset" 1056
"../../../Engine/Content/EngineMaterials/Widget3DPassThrough_Translucent.uexp" 1057
"../../../Engine/Content/EngineMaterials/Widget3DPassThrough_Translucent_OneSided.uasset" 1058
"../../../Engine/Content/EngineMaterials/Widget3DPassThrough_Translucent_OneSided.uexp" 1059
"../../../Engine/Content/EngineMeshes/Cylinder.uasset" 1060
"../../../Engine/Content/EngineMeshes/Cylinder.uexp" 1061
"../../../Engine/Content/EngineMeshes/Sphere.uasset" 1062
"../../../Engine/Content/EngineMeshes/Sphere.uexp" 1063
"../../../Engine/Content/EngineResources/DefaultTexture.uasset" 1064
"../../../Engine/Content/EngineResources/DefaultTexture.uexp" 1065
"../../../Engine/Content/EngineResources/DefaultTexture.ubulk" 1066
"../../../Engine/Content/EngineResources/DefaultTextureCube.uasset" 1067
"../../../Engine/Content/EngineResources/DefaultTextureCube.uexp" 1068
"../../../Engine/Content/EngineResources/DefaultVolumeTexture2D.uasset" 1069
"../../../Engine/Content/EngineResources/DefaultVolumeTexture2D.uexp" 1070
"../../../Engine/Content/EngineResources/DefaultVolumeTexture.uasset" 1071
"../../../Engine/Content/EngineResources/DefaultVolumeTexture.uexp" 1072
"../../../Engine/Content/EngineResources/GradientTexture0.uasset" 1073
"../../../Engine/Content/EngineResources/GradientTexture0.uexp" 1074
"../../../Engine/Content/EngineSky/VolumetricClouds/T_NoiseShape64.uasset" 1075
"../../../Engine/Content/EngineSky/VolumetricClouds/T_NoiseShape64.uexp" 1076
"../../../Engine/Content/EngineSky/VolumetricClouds/T_NoiseShape64.ubulk" 1077
"../../../Engine/Content/EngineSky/VolumetricClouds/T_VolumeNoiseShape64.uasset" 1078
"../../../Engine/Content/EngineSky/VolumetricClouds/T_VolumeNoiseShape64.uexp" 1079
"../../../Engine/Content/EngineSky/VolumetricClouds/T_NoiseErosion.uasset" 1080
"../../../Engine/Content/EngineSky/VolumetricClouds/T_NoiseErosion.uexp" 1081
"../../../Engine/Content/EngineSky/VolumetricClouds/T_NoiseErosion.ubulk" 1082
"../../../Engine/Content/EngineSky/VolumetricClouds/T_VolumeNoiseErosion32.uasset" 1083
"../../../Engine/Content/EngineSky/VolumetricClouds/T_VolumeNoiseErosion32.uexp" 1084
"../../../Engine/Content/EngineSky/VolumetricClouds/CloudWeatherTexture.uasset" 1085
"../../../Engine/Content/EngineSky/VolumetricClouds/CloudWeatherTexture.uexp" 1086
"../../../Engine/Content/EngineSky/VolumetricClouds/CloudGradientTexture.uasset" 1087
"../../../Engine/Content/EngineSky/VolumetricClouds/CloudGradientTexture.uexp" 1088
"../../../Engine/Content/Functions/Engine_MaterialFunctions02/Utility/MakeFloat2.uasset" 1089
"../../../Engine/Content/Functions/Engine_MaterialFunctions02/Utility/MakeFloat2.uexp" 1090
"../../../Engine/Content/EngineSky/VolumetricClouds/m_SimpleVolumetricCloud.uasset" 1091
"../../../Engine/Content/EngineSky/VolumetricClouds/m_SimpleVolumetricCloud.uexp" 1092
"../../../Engine/Content/EngineSky/VolumetricClouds/m_SimpleVolumetricCloud_Inst.uasset" 1093
"../../../Engine/Content/EngineSky/VolumetricClouds/m_SimpleVolumetricCloud_Inst.uexp" 1094
"../../../Engine/Content/EngineSounds/Master.uasset" 1095
"../../../Engine/Content/EngineSounds/Master.uexp" 1096
"../../../Engine/Content/Functions/Engine_MaterialFunctions01/Shading/PowerToRoughness.uasset" 1097
"../../../Engine/Content/Functions/Engine_MaterialFunctions01/Shading/PowerToRoughness.uexp" 1098
"../../../Engine/Content/Maps/Templates/Thumbnails/Default.uasset" 1099
"../../../Engine/Content/Maps/Templates/Thumbnails/Default.uexp" 1100
"../../../Engine/Content/Maps/Templates/Thumbnails/TimeOfDay.uasset" 1101
"../../../Engine/Content/Maps/Templates/Thumbnails/TimeOfDay.uexp" 1102
"../../../Engine/Content/Maps/Templates/Thumbnails/VR-Basic.uasset" 1103
"../../../Engine/Content/Maps/Templates/Thumbnails/VR-Basic.uexp" 1104
"../../../Engine/Content/MobileResources/T_MobileControls_texture.uasset" 1105
"../../../Engine/Content/MobileResources/T_MobileControls_texture.uexp" 1106
"../../../Engine/Content/MobileResources/T_MobileMenu2.uasset" 1107
"../../../Engine/Content/MobileResources/T_MobileMenu2.uexp" 1108
"../../../Engine/Content/MobileResources/HUD/AnalogHat.uasset" 1109
"../../../Engine/Content/MobileResources/HUD/AnalogHat.uexp" 1110
"../../../Engine/Content/MobileResources/HUD/VirtualJoystick_Thumb.uasset" 1111
"../../../Engine/Content/MobileResources/HUD/VirtualJoystick_Thumb.uexp" 1112
"../../../Engine/Content/MobileResources/HUD/VirtualJoystick_Background.uasset" 1113
"../../../Engine/Content/MobileResources/HUD/VirtualJoystick_Background.uexp" 1114
"../../../Engine/Content/MobileResources/HUD/DefaultVirtualJoysticks.uasset" 1115
"../../../Engine/Content/MobileResources/HUD/DefaultVirtualJoysticks.uexp" 1116
"../../../Engine/Content/MobileResources/HUD/LeftVirtualJoystickOnly.uasset" 1117
"../../../Engine/Content/MobileResources/HUD/LeftVirtualJoystickOnly.uexp" 1118
"../../../Engine/Content/MobileResources/HUD/MobileHUDButton1_off.uasset" 1119
"../../../Engine/Content/MobileResources/HUD/MobileHUDButton1_off.uexp" 1120
"../../../Engine/Content/MobileResources/HUD/MobileHUDButton1_on.uasset" 1121
"../../../Engine/Content/MobileResources/HUD/MobileHUDButton1_on.uexp" 1122
"../../../Engine/Content/MobileResources/HUD/MobileHUDButton2_off.uasset" 1123
"../../../Engine/Content/MobileResources/HUD/MobileHUDButton2_off.uexp" 1124
"../../../Engine/Content/MobileResources/HUD/MobileHUDButton2_on.uasset" 1125
"../../../Engine/Content/MobileResources/HUD/MobileHUDButton2_on.uexp" 1126
"../../../Engine/Content/MobileResources/HUD/MobileHUDButton3.uasset" 1127
"../../../Engine/Content/MobileResources/HUD/MobileHUDButton3.uexp" 1128
"../../../Engine/Content/MobileResources/HUD/MobileHUDButtonFire.uasset" 1129
"../../../Engine/Content/MobileResources/HUD/MobileHUDButtonFire.uexp" 1130
"../../../Engine/Content/MobileResources/HUD/MobileHUDDirectionPad.uasset" 1131
"../../../Engine/Content/MobileResources/HUD/MobileHUDDirectionPad.uexp" 1132
"../../../Engine/Content/MobileResources/HUD/MobileHUDDirectionPad2.uasset" 1133
"../../../Engine/Content/MobileResources/HUD/MobileHUDDirectionPad2.uexp" 1134
"../../../Engine/Content/MobileResources/HUD/MobileHUDDirectionPad3.uasset" 1135
"../../../Engine/Content/MobileResources/HUD/MobileHUDDirectionPad3.uexp" 1136
"../../../Engine/Content/MobileResources/HUD/MobileHUDDirectionStick.uasset" 1137
"../../../Engine/Content/MobileResources/HUD/MobileHUDDirectionStick.uexp" 1138
"../../../Engine/Content/MobileResources/HUD/T_Castle_ThumbstickInner.uasset" 1139
"../../../Engine/Content/MobileResources/HUD/T_Castle_ThumbstickInner.uexp" 1140
"../../../Engine/Content/MobileResources/HUD/T_Castle_ThumbstickOutter.uasset" 1141
"../../../Engine/Content/MobileResources/HUD/T_Castle_ThumbstickOutter.uexp" 1142
"../../../Engine/Content/Tutorial/ContentIntroCurve.uasset" 1143
"../../../Engine/Content/Tutorial/ContentIntroCurve.uexp" 1144
"../../../Engine/Content/Tutorial/Basics/TutorialAssets/icon_tab_Levels_40x.uasset" 1145
"../../../Engine/Content/Tutorial/Basics/TutorialAssets/icon_tab_Levels_40x.uexp" 1146
"../../../Engine/Content/Tutorial/BlueprintTutorials/TutorialAssets/Blueprint_64x.uasset" 1147
"../../../Engine/Content/Tutorial/BlueprintTutorials/TutorialAssets/Blueprint_64x.uexp" 1148
"../../../Engine/Content/Tutorial/BlueprintTutorials/TutorialAssets/BlueprintInterface_64x.uasset" 1149
"../../../Engine/Content/Tutorial/BlueprintTutorials/TutorialAssets/BlueprintInterface_64x.uexp" 1150
"../../../Engine/Content/Tutorial/BlueprintTutorials/TutorialAssets/BlueprintMacroLibrary_64x.uasset" 1151
"../../../Engine/Content/Tutorial/BlueprintTutorials/TutorialAssets/BlueprintMacroLibrary_64x.uexp" 1152
"../../../Engine/Content/Tutorial/BlueprintTutorials/TutorialAssets/Tutorial_BP_Interface.uasset" 1153
"../../../Engine/Content/Tutorial/BlueprintTutorials/TutorialAssets/Tutorial_BP_Interface.uexp" 1154
"../../../Engine/Content/Tutorial/SubEditors/TutorialAssets/TutorialMaterial.uasset" 1155
"../../../Engine/Content/Tutorial/SubEditors/TutorialAssets/TutorialMaterial.uexp" 1156
"../../../Engine/Content/Tutorial/SubEditors/TutorialAssets/T_soft_smoke.uasset" 1157
"../../../Engine/Content/Tutorial/SubEditors/TutorialAssets/T_soft_smoke.uexp" 1158
"../../../Engine/Content/Tutorial/SubEditors/TutorialAssets/T_soft_smoke.ubulk" 1159
"../../../Engine/Content/Tutorial/SubEditors/TutorialAssets/T_SmokeSubUV_8X8.uasset" 1160
"../../../Engine/Content/Tutorial/SubEditors/TutorialAssets/T_SmokeSubUV_8X8.uexp" 1161
"../../../Engine/Content/Tutorial/SubEditors/TutorialAssets/T_SmokeSubUV_8X8.ubulk" 1162
"../../../Engine/Content/Tutorial/SubEditors/TutorialAssets/M_smoke_subUV_blackbody.uasset" 1163
"../../../Engine/Content/Tutorial/SubEditors/TutorialAssets/M_smoke_subUV_blackbody.uexp" 1164
"../../../Engine/Content/Tutorial/SubEditors/TutorialAssets/TutorialParticleSystem.uasset" 1165
"../../../Engine/Content/Tutorial/SubEditors/TutorialAssets/TutorialParticleSystem.uexp" 1166
"../../../Engine/Content/VREditor/TransformGizmo/TranslucentTransformGizmoMaterial.uasset" 1167
"../../../Engine/Content/VREditor/TransformGizmo/TranslucentTransformGizmoMaterial.uexp" 1168
"../../../Engine/Content/VREditor/LaserPointer/VR_LaserPower_01.uasset" 1169
"../../../Engine/Content/VREditor/LaserPointer/VR_LaserPower_01.uexp" 1170
"../../../Engine/Content/VREditor/LaserPointer/VR_LaserPower_01.ubulk" 1171
"../../../Engine/Content/VREditor/TransformGizmo/TransformGizmoMaterial.uasset" 1172
"../../../Engine/Content/VREditor/TransformGizmo/TransformGizmoMaterial.uexp" 1173
"../../../Engine/Content/VREditor/TransformGizmo/BoundingBoxCorner.uasset" 1174
"../../../Engine/Content/VREditor/TransformGizmo/BoundingBoxCorner.uexp" 1175
"../../../Engine/Content/VREditor/TransformGizmo/BoundingBoxEdge.uasset" 1176
"../../../Engine/Content/VREditor/TransformGizmo/BoundingBoxEdge.uexp" 1177
"../../../Engine/Content/VREditor/TransformGizmo/PlaneTranslationHandle.uasset" 1178
"../../../Engine/Content/VREditor/TransformGizmo/PlaneTranslationHandle.uexp" 1179
"../../../Engine/Content/VREditor/TransformGizmo/Xray.uasset" 1180
"../../../Engine/Content/VREditor/TransformGizmo/Xray.uexp" 1181
"../../../Engine/Content/VREditor/TransformGizmo/Main.uasset" 1182
"../../../Engine/Content/VREditor/TransformGizmo/Main.uexp" 1183
"../../../Engine/Content/VREditor/TransformGizmo/SM_Sequencer_Key.uasset" 1184
"../../../Engine/Content/VREditor/TransformGizmo/SM_Sequencer_Key.uexp" 1185
"../../../Engine/Content/VREditor/TransformGizmo/SM_Sequencer_Node.uasset" 1186
"../../../Engine/Content/VREditor/TransformGizmo/SM_Sequencer_Node.uexp" 1187
"../../../Engine/Plugins/2D/Paper2D/Content/PlaceholderTextures/DummySpriteTexture.uasset" 1188
"../../../Engine/Plugins/2D/Paper2D/Content/PlaceholderTextures/DummySpriteTexture.uexp" 1189
"../../../Engine/Plugins/2D/Paper2D/Content/PlaceholderTextures/DummySpriteTexture.ubulk" 1190
"../../../Engine/Plugins/2D/Paper2D/Content/DummySprite.uasset" 1191
"../../../Engine/Plugins/2D/Paper2D/Content/DummySprite.uexp" 1192
"../../../Engine/Plugins/2D/Paper2D/Content/DefaultPaperTerrainMaterial.uasset" 1193
"../../../Engine/Plugins/2D/Paper2D/Content/DefaultPaperTerrainMaterial.uexp" 1194
"../../../Engine/Plugins/2D/Paper2D/Content/DefaultSpriteMaterial.uasset" 1195
"../../../Engine/Plugins/2D/Paper2D/Content/DefaultSpriteMaterial.uexp" 1196
"../../../Engine/Plugins/2D/Paper2D/Content/MaskedUnlitSpriteMaterial.uasset" 1197
"../../../Engine/Plugins/2D/Paper2D/Content/MaskedUnlitSpriteMaterial.uexp" 1198
"../../../Engine/Plugins/2D/Paper2D/Content/OpaqueUnlitSpriteMaterial.uasset" 1199
"../../../Engine/Plugins/2D/Paper2D/Content/OpaqueUnlitSpriteMaterial.uexp" 1200
"../../../Engine/Content/ArtTools/RenderToTexture/Materials/Debug/M_Emissive_Color.uasset" 1201
"../../../Engine/Content/ArtTools/RenderToTexture/Materials/Debug/M_Emissive_Color.uexp" 1202
"../../../Engine/Content/BasicShapes/Cylinder.uasset" 1203
"../../../Engine/Content/BasicShapes/Cylinder.uexp" 1204
"../../../Engine/Plugins/Lumin/MagicLeapPassableWorld/Content/MagicLeapARPinInfoActor.uasset" 1205
"../../../Engine/Plugins/Lumin/MagicLeapPassableWorld/Content/MagicLeapARPinInfoActor.uexp" 1206
"../../../Engine/Plugins/Runtime/OpenXR/Content/Devices/GoogleDaydream/MRTexture.uasset" 1207
"../../../Engine/Plugins/Runtime/OpenXR/Content/Devices/GoogleDaydream/MRTexture.uexp" 1208
"../../../Engine/Plugins/Runtime/OpenXR/Content/Devices/GoogleDaydream/MRTexture.ubulk" 1209
"../../../Engine/Plugins/Runtime/OpenXR/Content/Devices/GoogleDaydream/BaseTexture.uasset" 1210
"../../../Engine/Plugins/Runtime/OpenXR/Content/Devices/GoogleDaydream/BaseTexture.uexp" 1211
"../../../Engine/Plugins/Runtime/OpenXR/Content/Devices/GoogleDaydream/BaseTexture.ubulk" 1212
"../../../Engine/Content/EngineResources/Black.uasset" 1213
"../../../Engine/Content/EngineResources/Black.uexp" 1214
"../../../Engine/Plugins/Runtime/OpenXR/Content/Devices/M_XRController.uasset" 1215
"../../../Engine/Plugins/Runtime/OpenXR/Content/Devices/M_XRController.uexp" 1216
"../../../Engine/Plugins/Runtime/OpenXR/Content/Devices/GoogleDaydream/MI_GoogleDaydream.uasset" 1217
"../../../Engine/Plugins/Runtime/OpenXR/Content/Devices/GoogleDaydream/MI_GoogleDaydream.uexp" 1218
"../../../Engine/Plugins/Runtime/OpenXR/Content/Devices/GoogleDaydream/GoogleDaydreamController.uasset" 1219
"../../../Engine/Plugins/Runtime/OpenXR/Content/Devices/GoogleDaydream/GoogleDaydreamController.uexp" 1220
"../../../Engine/Plugins/Runtime/OpenXR/Content/Devices/HTCVive/BaseTexture.uasset" 1221
"../../../Engine/Plugins/Runtime/OpenXR/Content/Devices/HTCVive/BaseTexture.uexp" 1222
"../../../Engine/Plugins/Runtime/OpenXR/Content/Devices/HTCVive/BaseTexture.ubulk" 1223
"../../../Engine/Plugins/Runtime/OpenXR/Content/Devices/HTCVive/MI_HTCVive.uasset" 1224
"../../../Engine/Plugins/Runtime/OpenXR/Content/Devices/HTCVive/MI_HTCVive.uexp" 1225
"../../../Engine/Plugins/Runtime/OpenXR/Content/Devices/HTCVive/HTCViveController.uasset" 1226
"../../../Engine/Plugins/Runtime/OpenXR/Content/Devices/HTCVive/HTCViveController.uexp" 1227
"../../../Engine/Plugins/Runtime/OpenXR/Content/Devices/MicrosoftMixedReality/NormalTexture.uasset" 1228
"../../../Engine/Plugins/Runtime/OpenXR/Content/Devices/MicrosoftMixedReality/NormalTexture.uexp" 1229
"../../../Engine/Plugins/Runtime/OpenXR/Content/Devices/MicrosoftMixedReality/NormalTexture.ubulk" 1230
"../../../Engine/Plugins/Runtime/OpenXR/Content/Devices/MicrosoftMixedReality/MRTexture.uasset" 1231
"../../../Engine/Plugins/Runtime/OpenXR/Content/Devices/MicrosoftMixedReality/MRTexture.uexp" 1232
"../../../Engine/Plugins/Runtime/OpenXR/Content/Devices/MicrosoftMixedReality/MRTexture.ubulk" 1233
"../../../Engine/Plugins/Runtime/OpenXR/Content/Devices/MicrosoftMixedReality/EmissiveTexture.uasset" 1234
"../../../Engine/Plugins/Runtime/OpenXR/Content/Devices/MicrosoftMixedReality/EmissiveTexture.uexp" 1235
"../../../Engine/Plugins/Runtime/OpenXR/Content/Devices/MicrosoftMixedReality/EmissiveTexture.ubulk" 1236
"../../../Engine/Plugins/Runtime/OpenXR/Content/Devices/MicrosoftMixedReality/BaseTexture.uasset" 1237
"../../../Engine/Plugins/Runtime/OpenXR/Content/Devices/MicrosoftMixedReality/BaseTexture.uexp" 1238
"../../../Engine/Plugins/Runtime/OpenXR/Content/Devices/MicrosoftMixedReality/BaseTexture.ubulk" 1239
"../../../Engine/Plugins/Runtime/OpenXR/Content/Devices/MicrosoftMixedReality/MI_MicrosoftMixedReality.uasset" 1240
"../../../Engine/Plugins/Runtime/OpenXR/Content/Devices/MicrosoftMixedReality/MI_MicrosoftMixedReality.uexp" 1241
"../../../Engine/Plugins/Runtime/OpenXR/Content/Devices/MicrosoftMixedReality/Left/left_MicrosoftMixedRealityController.uasset" 1242
"../../../Engine/Plugins/Runtime/OpenXR/Content/Devices/MicrosoftMixedReality/Left/left_MicrosoftMixedRealityController.uexp" 1243
"../../../Engine/Plugins/Runtime/OpenXR/Content/Devices/MicrosoftMixedReality/Right/right_MicrosoftMixedRealityController.uasset" 1244
"../../../Engine/Plugins/Runtime/OpenXR/Content/Devices/MicrosoftMixedReality/Right/right_MicrosoftMixedRealityController.uexp" 1245
"../../../Engine/Plugins/Runtime/OpenXR/Content/Devices/OculusGo/BaseTexture.uasset" 1246
"../../../Engine/Plugins/Runtime/OpenXR/Content/Devices/OculusGo/BaseTexture.uexp" 1247
"../../../Engine/Plugins/Runtime/OpenXR/Content/Devices/OculusGo/BaseTexture.ubulk" 1248
"../../../Engine/Plugins/Runtime/OpenXR/Content/Devices/OculusGo/MI_OculusGo.uasset" 1249
"../../../Engine/Plugins/Runtime/OpenXR/Content/Devices/OculusGo/MI_OculusGo.uexp" 1250
"../../../Engine/Plugins/Runtime/OpenXR/Content/Devices/OculusGo/OculusGoController.uasset" 1251
"../../../Engine/Plugins/Runtime/OpenXR/Content/Devices/OculusGo/OculusGoController.uexp" 1252
"../../../Engine/Plugins/Runtime/OpenXR/Content/Devices/OculusTouch/MRTexture.uasset" 1253
"../../../Engine/Plugins/Runtime/OpenXR/Content/Devices/OculusTouch/MRTexture.uexp" 1254
"../../../Engine/Plugins/Runtime/OpenXR/Content/Devices/OculusTouch/MRTexture.ubulk" 1255
"../../../Engine/Plugins/Runtime/OpenXR/Content/Devices/OculusTouch/BaseTexture.uasset" 1256
"../../../Engine/Plugins/Runtime/OpenXR/Content/Devices/OculusTouch/BaseTexture.uexp" 1257
"../../../Engine/Plugins/Runtime/OpenXR/Content/Devices/OculusTouch/BaseTexture.ubulk" 1258
"../../../Engine/Plugins/Runtime/OpenXR/Content/Devices/OculusTouch/MI_OculusTouch.uasset" 1259
"../../../Engine/Plugins/Runtime/OpenXR/Content/Devices/OculusTouch/MI_OculusTouch.uexp" 1260
"../../../Engine/Plugins/Runtime/OpenXR/Content/Devices/OculusTouch/Left/left_OculusTouchController.uasset" 1261
"../../../Engine/Plugins/Runtime/OpenXR/Content/Devices/OculusTouch/Left/left_OculusTouchController.uexp" 1262
"../../../Engine/Plugins/Runtime/OpenXR/Content/Devices/OculusTouch/Right/right_OculusTouchController.uasset" 1263
"../../../Engine/Plugins/Runtime/OpenXR/Content/Devices/OculusTouch/Right/right_OculusTouchController.uexp" 1264
"../../../Engine/Plugins/Runtime/OpenXR/Content/Devices/OculusTouch_v2/MRTexture.uasset" 1265
"../../../Engine/Plugins/Runtime/OpenXR/Content/Devices/OculusTouch_v2/MRTexture.uexp" 1266
"../../../Engine/Plugins/Runtime/OpenXR/Content/Devices/OculusTouch_v2/MRTexture.ubulk" 1267
"../../../Engine/Plugins/Runtime/OpenXR/Content/Devices/OculusTouch_v2/BaseTexture.uasset" 1268
"../../../Engine/Plugins/Runtime/OpenXR/Content/Devices/OculusTouch_v2/BaseTexture.uexp" 1269
"../../../Engine/Plugins/Runtime/OpenXR/Content/Devices/OculusTouch_v2/BaseTexture.ubulk" 1270
"../../../Engine/Plugins/Runtime/OpenXR/Content/Devices/OculusTouch_v2/MI_OculusTouch_v2.uasset" 1271
"../../../Engine/Plugins/Runtime/OpenXR/Content/Devices/OculusTouch_v2/MI_OculusTouch_v2.uexp" 1272
"../../../Engine/Plugins/Runtime/OpenXR/Content/Devices/OculusTouch_v2/Left/left_OculusTouch_v2Controller.uasset" 1273
"../../../Engine/Plugins/Runtime/OpenXR/Content/Devices/OculusTouch_v2/Left/left_OculusTouch_v2Controller.uexp" 1274
"../../../Engine/Plugins/Runtime/OpenXR/Content/Devices/OculusTouch_v2/Right/right_OculusTouch_v2Controller.uasset" 1275
"../../../Engine/Plugins/Runtime/OpenXR/Content/Devices/OculusTouch_v2/Right/right_OculusTouch_v2Controller.uexp" 1276
"../../../Engine/Plugins/Runtime/OpenXR/Content/Devices/OculusTouch_v3/MRTexture.uasset" 1277
"../../../Engine/Plugins/Runtime/OpenXR/Content/Devices/OculusTouch_v3/MRTexture.uexp" 1278
"../../../Engine/Plugins/Runtime/OpenXR/Content/Devices/OculusTouch_v3/MRTexture.ubulk" 1279
"../../../Engine/Plugins/Runtime/OpenXR/Content/Devices/OculusTouch_v3/BaseTexture.uasset" 1280
"../../../Engine/Plugins/Runtime/OpenXR/Content/Devices/OculusTouch_v3/BaseTexture.uexp" 1281
"../../../Engine/Plugins/Runtime/OpenXR/Content/Devices/OculusTouch_v3/BaseTexture.ubulk" 1282
"../../../Engine/Plugins/Runtime/OpenXR/Content/Devices/OculusTouch_v3/MI_OculusTouch_v3.uasset" 1283
"../../../Engine/Plugins/Runtime/OpenXR/Content/Devices/OculusTouch_v3/MI_OculusTouch_v3.uexp" 1284
"../../../Engine/Plugins/Runtime/OpenXR/Content/Devices/OculusTouch_v3/Left/left_OculusTouch_v3Controller.uasset" 1285
"../../../Engine/Plugins/Runtime/OpenXR/Content/Devices/OculusTouch_v3/Left/left_OculusTouch_v3Controller.uexp" 1286
"../../../Engine/Plugins/Runtime/OpenXR/Content/Devices/OculusTouch_v3/Right/right_OculusTouch_v3Controller.uasset" 1287
"../../../Engine/Plugins/Runtime/OpenXR/Content/Devices/OculusTouch_v3/Right/right_OculusTouch_v3Controller.uexp" 1288
"../../../Engine/Plugins/Runtime/OpenXR/Content/Devices/ValveIndex/MRTexture.uasset" 1289
"../../../Engine/Plugins/Runtime/OpenXR/Content/Devices/ValveIndex/MRTexture.uexp" 1290
"../../../Engine/Plugins/Runtime/OpenXR/Content/Devices/ValveIndex/MRTexture.ubulk" 1291
"../../../Engine/Plugins/Runtime/OpenXR/Content/Devices/ValveIndex/BaseTexture.uasset" 1292
"../../../Engine/Plugins/Runtime/OpenXR/Content/Devices/ValveIndex/BaseTexture.uexp" 1293
"../../../Engine/Plugins/Runtime/OpenXR/Content/Devices/ValveIndex/BaseTexture.ubulk" 1294
"../../../Engine/Plugins/Runtime/OpenXR/Content/Devices/ValveIndex/Left/MI_left_ValveIndex.uasset" 1295
"../../../Engine/Plugins/Runtime/OpenXR/Content/Devices/ValveIndex/Left/MI_left_ValveIndex.uexp" 1296
"../../../Engine/Plugins/Runtime/OpenXR/Content/Devices/ValveIndex/Left/left_ValveIndexController.uasset" 1297
"../../../Engine/Plugins/Runtime/OpenXR/Content/Devices/ValveIndex/Left/left_ValveIndexController.uexp" 1298
"../../../Engine/Plugins/Runtime/OpenXR/Content/Devices/ValveIndex/Right/MI_right_ValveIndex.uasset" 1299
"../../../Engine/Plugins/Runtime/OpenXR/Content/Devices/ValveIndex/Right/MI_right_ValveIndex.uexp" 1300
"../../../Engine/Plugins/Runtime/OpenXR/Content/Devices/ValveIndex/Right/right_ValveIndexController.uasset" 1301
"../../../Engine/Plugins/Runtime/OpenXR/Content/Devices/ValveIndex/Right/right_ValveIndexController.uexp" 1302
"../../../Engine/Content/Functions/Engine_MaterialFunctions02/Utility/BreakOutFloat3Components.uasset" 1303
"../../../Engine/Content/Functions/Engine_MaterialFunctions02/Utility/BreakOutFloat3Components.uexp" 1304
"../../../Engine/Plugins/Editor/SpeedTreeImporter/Content/SpeedTree9/UnpackInteger3.uasset" 1305
"../../../Engine/Plugins/Editor/SpeedTreeImporter/Content/SpeedTree9/UnpackInteger3.uexp" 1306
"../../../Engine/Plugins/Editor/SpeedTreeImporter/Content/SpeedTree9/UnpackDirection.uasset" 1307
"../../../Engine/Plugins/Editor/SpeedTreeImporter/Content/SpeedTree9/UnpackDirection.uexp" 1308
"../../../Engine/Plugins/Editor/SpeedTreeImporter/Content/SpeedTree9/game_wind_noise.uasset" 1309
"../../../Engine/Plugins/Editor/SpeedTreeImporter/Content/SpeedTree9/game_wind_noise.uexp" 1310
"../../../Engine/Plugins/Editor/SpeedTreeImporter/Content/SpeedTree9/game_wind_noise.ubulk" 1311
"../../../Engine/Content/Functions/Engine_MaterialFunctions02/SafeNormalize.uasset" 1312
"../../../Engine/Content/Functions/Engine_MaterialFunctions02/SafeNormalize.uexp" 1313
"../../../Engine/Plugins/Editor/SpeedTreeImporter/Content/SpeedTree9/SpeedTreeWindMotion.uasset" 1314
"../../../Engine/Plugins/Editor/SpeedTreeImporter/Content/SpeedTree9/SpeedTreeWindMotion.uexp" 1315
"../../../Engine/Plugins/Editor/SpeedTreeImporter/Content/SpeedTree9/SpeedTreeBranchMotion.uasset" 1316
"../../../Engine/Plugins/Editor/SpeedTreeImporter/Content/SpeedTree9/SpeedTreeBranchMotion.uexp" 1317
"../../../Engine/Content/Functions/Engine_MaterialFunctions02/ObjectLocalBounds.uasset" 1318
"../../../Engine/Content/Functions/Engine_MaterialFunctions02/ObjectLocalBounds.uexp" 1319
"../../../Engine/Content/Functions/Engine_MaterialFunctions02/UVs/BoundingBoxBased_0-1_UVW.uasset" 1320
"../../../Engine/Content/Functions/Engine_MaterialFunctions02/UVs/BoundingBoxBased_0-1_UVW.uexp" 1321
"../../../Engine/Content/Functions/Engine_MaterialFunctions02/Utility/VectorLength.uasset" 1322
"../../../Engine/Content/Functions/Engine_MaterialFunctions02/Utility/VectorLength.uexp" 1323
"../../../Engine/Content/Functions/Engine_MaterialFunctions02/WorldPositionOffset/ObjectScale.uasset" 1324
"../../../Engine/Content/Functions/Engine_MaterialFunctions02/WorldPositionOffset/ObjectScale.uexp" 1325
"../../../Engine/Plugins/Editor/SpeedTreeImporter/Content/SpeedTree9/SpeedTreeWind.uasset" 1326
"../../../Engine/Plugins/Editor/SpeedTreeImporter/Content/SpeedTree9/SpeedTreeWind.uexp" 1327
"../../../Engine/Plugins/Editor/SpeedTreeImporter/Content/SpeedTree9/SpeedTreeBillboard.uasset" 1328
"../../../Engine/Plugins/Editor/SpeedTreeImporter/Content/SpeedTree9/SpeedTreeBillboard.uexp" 1329
"../../../Engine/Plugins/Editor/SpeedTreeImporter/Content/SpeedTree9/EmptyNormal.uasset" 1330
"../../../Engine/Plugins/Editor/SpeedTreeImporter/Content/SpeedTree9/EmptyNormal.uexp" 1331
"../../../Engine/Plugins/Editor/SpeedTreeImporter/Content/SpeedTree9/Empty.uasset" 1332
"../../../Engine/Plugins/Editor/SpeedTreeImporter/Content/SpeedTree9/Empty.uexp" 1333
"../../../Engine/Plugins/Editor/SpeedTreeImporter/Content/SpeedTree9/SpeedTreeBillboardMaster.uasset" 1334
"../../../Engine/Plugins/Editor/SpeedTreeImporter/Content/SpeedTree9/SpeedTreeBillboardMaster.uexp" 1335
"../../../Engine/Plugins/Editor/SpeedTreeImporter/Content/SpeedTree9/SpeedTreeCameraFacing.uasset" 1336
"../../../Engine/Plugins/Editor/SpeedTreeImporter/Content/SpeedTree9/SpeedTreeCameraFacing.uexp" 1337
"../../../Engine/Plugins/Editor/SpeedTreeImporter/Content/SpeedTree9/SpeedTreeMaster.uasset" 1338
"../../../Engine/Plugins/Editor/SpeedTreeImporter/Content/SpeedTree9/SpeedTreeMaster.uexp" 1339
"../../../Engine/Content/Functions/Engine_MaterialFunctions02/Utility/BreakOutFloat4Components.uasset" 1340
"../../../Engine/Content/Functions/Engine_MaterialFunctions02/Utility/BreakOutFloat4Components.uexp" 1341
"../../../Engine/Content/Functions/Engine_MaterialFunctions02/Utility/MakeFloat3.uasset" 1342
"../../../Engine/Content/Functions/Engine_MaterialFunctions02/Utility/MakeFloat3.uexp" 1343
"../../../Engine/Plugins/Runtime/Oculus/OculusVR/Content/Materials/OculusMR_ChromaKey.uasset" 1344
"../../../Engine/Plugins/Runtime/Oculus/OculusVR/Content/Materials/OculusMR_ChromaKey.uexp" 1345
"../../../Engine/Plugins/Runtime/Oculus/OculusVR/Content/Materials/OculusMR_OpaqueColoredMaterial.uasset" 1346
"../../../Engine/Plugins/Runtime/Oculus/OculusVR/Content/Materials/OculusMR_OpaqueColoredMaterial.uexp" 1347
"../../../Engine/Plugins/Runtime/Oculus/OculusVR/Content/Materials/PokeAHoleMaterial.uasset" 1348
"../../../Engine/Plugins/Runtime/Oculus/OculusVR/Content/Materials/PokeAHoleMaterial.uexp" 1349
"../../../Engine/Plugins/Runtime/Oculus/OculusVR/Content/Textures/touchController_controlmap.uasset" 1350
"../../../Engine/Plugins/Runtime/Oculus/OculusVR/Content/Textures/touchController_controlmap.uexp" 1351
"../../../Engine/Plugins/Runtime/Oculus/OculusVR/Content/Textures/touchController_controlmap.ubulk" 1352
"../../../Engine/Plugins/Runtime/Oculus/OculusVR/Content/Textures/touchController_albedo.uasset" 1353
"../../../Engine/Plugins/Runtime/Oculus/OculusVR/Content/Textures/touchController_albedo.uexp" 1354
"../../../Engine/Plugins/Runtime/Oculus/OculusVR/Content/Textures/touchController_albedo.ubulk" 1355
"../../../Engine/Plugins/Runtime/Oculus/OculusVR/Content/Materials/touchController_mat.uasset" 1356
"../../../Engine/Plugins/Runtime/Oculus/OculusVR/Content/Materials/touchController_mat.uexp" 1357
"../../../Engine/Plugins/Runtime/Oculus/OculusVR/Content/Meshes/LeftTouchController.uasset" 1358
"../../../Engine/Plugins/Runtime/Oculus/OculusVR/Content/Meshes/LeftTouchController.uexp" 1359
"../../../Engine/Plugins/Runtime/Oculus/OculusVR/Content/Textures/TouchForQuestRiftSController_albedo.uasset" 1360
"../../../Engine/Plugins/Runtime/Oculus/OculusVR/Content/Textures/TouchForQuestRiftSController_albedo.uexp" 1361
"../../../Engine/Plugins/Runtime/Oculus/OculusVR/Content/Textures/TouchForQuestRiftSController_albedo.ubulk" 1362
"../../../Engine/Plugins/Runtime/Oculus/OculusVR/Content/Materials/TouchForQuestRiftSControllerMaterial.uasset" 1363
"../../../Engine/Plugins/Runtime/Oculus/OculusVR/Content/Materials/TouchForQuestRiftSControllerMaterial.uexp" 1364
"../../../Engine/Plugins/Runtime/Oculus/OculusVR/Content/Meshes/LeftTouchForQuestRiftSController.uasset" 1365
"../../../Engine/Plugins/Runtime/Oculus/OculusVR/Content/Meshes/LeftTouchForQuestRiftSController.uexp" 1366
"../../../Engine/Plugins/Runtime/Oculus/OculusVR/Content/Meshes/RiftHMD.uasset" 1367
"../../../Engine/Plugins/Runtime/Oculus/OculusVR/Content/Meshes/RiftHMD.uexp" 1368
"../../../Engine/Plugins/Runtime/Oculus/OculusVR/Content/Meshes/RightTouchController.uasset" 1369
"../../../Engine/Plugins/Runtime/Oculus/OculusVR/Content/Meshes/RightTouchController.uexp" 1370
"../../../Engine/Plugins/Runtime/Oculus/OculusVR/Content/Meshes/RightTouchForQuestRiftSController.uasset" 1371
"../../../Engine/Plugins/Runtime/Oculus/OculusVR/Content/Meshes/RightTouchForQuestRiftSController.uexp" 1372
"C:/Users/Murad/Documents/Unreal Projects/Peacekeeper_3D/Content/AnimStarterPack/Idle_Rifle_Hip_Break2.uasset" 1373
"C:/Users/Murad/Documents/Unreal Projects/Peacekeeper_3D/Content/AnimStarterPack/Idle_Rifle_Hip_Break2.uexp" 1374
"C:/Users/Murad/Documents/Unreal Projects/Peacekeeper_3D/Content/AnimStarterPack/Idle_Rifle_Hip_Break1.uasset" 1375
"C:/Users/Murad/Documents/Unreal Projects/Peacekeeper_3D/Content/AnimStarterPack/Idle_Rifle_Hip_Break1.uexp" 1376
"C:/Users/Murad/Documents/Unreal Projects/Peacekeeper_3D/Content/AnimStarterPack/Hit_React_3.uasset" 1377
"C:/Users/Murad/Documents/Unreal Projects/Peacekeeper_3D/Content/AnimStarterPack/Hit_React_3.uexp" 1378
"C:/Users/Murad/Documents/Unreal Projects/Peacekeeper_3D/Content/AnimStarterPack/Hit_React_2.uasset" 1379
"C:/Users/Murad/Documents/Unreal Projects/Peacekeeper_3D/Content/AnimStarterPack/Hit_React_2.uexp" 1380
"C:/Users/Murad/Documents/Unreal Projects/Peacekeeper_3D/Content/AnimStarterPack/Hit_React_1.uasset" 1381
"C:/Users/Murad/Documents/Unreal Projects/Peacekeeper_3D/Content/AnimStarterPack/Hit_React_1.uexp" 1382
"C:/Users/Murad/Documents/Unreal Projects/Peacekeeper_3D/Content/AnimStarterPack/Equip_Pistol_Standing.uasset" 1383
"C:/Users/Murad/Documents/Unreal Projects/Peacekeeper_3D/Content/AnimStarterPack/Equip_Pistol_Standing.uexp" 1384
"C:/Users/Murad/Documents/Unreal Projects/Peacekeeper_3D/Content/AnimStarterPack/Crouch_Walk_Fwd_Rifle_Ironsights.uasset" 1385
"C:/Users/Murad/Documents/Unreal Projects/Peacekeeper_3D/Content/AnimStarterPack/Crouch_Walk_Fwd_Rifle_Ironsights.uexp" 1386
"C:/Users/Murad/Documents/Unreal Projects/Peacekeeper_3D/Content/AnimStarterPack/Crouch_Idle_Rifle_Ironsights.uasset" 1387
"C:/Users/Murad/Documents/Unreal Projects/Peacekeeper_3D/Content/AnimStarterPack/Crouch_Idle_Rifle_Ironsights.uexp" 1388
"C:/Users/Murad/Documents/Unreal Projects/Peacekeeper_3D/Content/AnimStarterPack/Reload_Rifle_Hip.uasset" 1389
"C:/Users/Murad/Documents/Unreal Projects/Peacekeeper_3D/Content/AnimStarterPack/Reload_Rifle_Hip.uexp" 1390
"C:/Users/Murad/Documents/Unreal Projects/Peacekeeper_3D/Content/AnimStarterPack/Walk_Fwd_Rifle_Ironsights.uasset" 1391
"C:/Users/Murad/Documents/Unreal Projects/Peacekeeper_3D/Content/AnimStarterPack/Walk_Fwd_Rifle_Ironsights.uexp" 1392
"../../../Engine/Content/EngineSky/T_Sky_Blue.uasset" 1393
"../../../Engine/Content/EngineSky/T_Sky_Blue.uexp" 1394
"../../../Engine/Content/EngineSky/T_Sky_Blue.ubulk" 1395
"../../../Engine/Content/EngineSky/T_Sky_Clouds_M.uasset" 1396
"../../../Engine/Content/EngineSky/T_Sky_Clouds_M.uexp" 1397
"../../../Engine/Content/EngineSky/T_Sky_Clouds_M.ubulk" 1398
"../../../Engine/Content/EngineSky/T_Sky_Stars.uasset" 1399
"../../../Engine/Content/EngineSky/T_Sky_Stars.uexp" 1400
"../../../Engine/Content/EngineSky/T_Sky_Stars.ubulk" 1401
"../../../Engine/Content/EngineSky/M_Sky_Panning_Clouds2.uasset" 1402
"../../../Engine/Content/EngineSky/M_Sky_Panning_Clouds2.uexp" 1403
"../../../Engine/Content/EngineSky/SM_SkySphere.uasset" 1404
"../../../Engine/Content/EngineSky/SM_SkySphere.uexp" 1405
"../../../Engine/Content/EngineSky/C_Sky_Zenith_Color.uasset" 1406
"../../../Engine/Content/EngineSky/C_Sky_Zenith_Color.uexp" 1407
"../../../Engine/Content/EngineSky/C_Sky_Horizon_Color.uasset" 1408
"../../../Engine/Content/EngineSky/C_Sky_Horizon_Color.uexp" 1409
"../../../Engine/Content/EngineSky/C_Sky_Cloud_Color.uasset" 1410
"../../../Engine/Content/EngineSky/C_Sky_Cloud_Color.uexp" 1411
"../../../Engine/Content/EngineSky/BP_Sky_Sphere.uasset" 1412
"../../../Engine/Content/EngineSky/BP_Sky_Sphere.uexp" 1413
"../../../Engine/Content/TemplateResources/M_Template_Master.uasset" 1414
"../../../Engine/Content/TemplateResources/M_Template_Master.uexp" 1415
"../../../Engine/Content/TemplateResources/MI_Template_BaseGray_03_Metal.uasset" 1416
"../../../Engine/Content/TemplateResources/MI_Template_BaseGray_03_Metal.uexp" 1417
"C:/Users/Murad/Documents/Unreal Projects/Peacekeeper_3D/Content/AnimStarterPack/UE4_Mannequin/Mesh/UE4_Mannequin_Skeleton.uasset" 1418
"C:/Users/Murad/Documents/Unreal Projects/Peacekeeper_3D/Content/AnimStarterPack/UE4_Mannequin/Mesh/UE4_Mannequin_Skeleton.uexp" 1419
"C:/Users/Murad/Documents/Unreal Projects/Peacekeeper_3D/Content/AnimStarterPack/UE4_Mannequin/Mesh/SK_Mannequin_PhysicsAsset.uasset" 1420
"C:/Users/Murad/Documents/Unreal Projects/Peacekeeper_3D/Content/AnimStarterPack/UE4_Mannequin/Mesh/SK_Mannequin_PhysicsAsset.uexp" 1421
"C:/Users/Murad/Documents/Unreal Projects/Peacekeeper_3D/Content/AnimStarterPack/UE4_Mannequin/Textures/UE4Man_Logo_N.uasset" 1422
"C:/Users/Murad/Documents/Unreal Projects/Peacekeeper_3D/Content/AnimStarterPack/UE4_Mannequin/Textures/UE4Man_Logo_N.uexp" 1423
"C:/Users/Murad/Documents/Unreal Projects/Peacekeeper_3D/Content/AnimStarterPack/UE4_Mannequin/Textures/UE4Man_Logo_N.ubulk" 1424
"C:/Users/Murad/Documents/Unreal Projects/Peacekeeper_3D/Content/AnimStarterPack/UE4_Mannequin/Textures/UE4_Mannequin_occlusion_Mobile.uasset" 1425
"C:/Users/Murad/Documents/Unreal Projects/Peacekeeper_3D/Content/AnimStarterPack/UE4_Mannequin/Textures/UE4_Mannequin_occlusion_Mobile.uexp" 1426
"C:/Users/Murad/Documents/Unreal Projects/Peacekeeper_3D/Content/AnimStarterPack/UE4_Mannequin/Textures/UE4_Mannequin_occlusion_Mobile.ubulk" 1427
"C:/Users/Murad/Documents/Unreal Projects/Peacekeeper_3D/Content/AnimStarterPack/UE4_Mannequin/Textures/UE4_Mannequin_MAT_MASKA.uasset" 1428
"C:/Users/Murad/Documents/Unreal Projects/Peacekeeper_3D/Content/AnimStarterPack/UE4_Mannequin/Textures/UE4_Mannequin_MAT_MASKA.uexp" 1429
"C:/Users/Murad/Documents/Unreal Projects/Peacekeeper_3D/Content/AnimStarterPack/UE4_Mannequin/Textures/UE4_Mannequin_MAT_MASKA.ubulk" 1430
"C:/Users/Murad/Documents/Unreal Projects/Peacekeeper_3D/Content/AnimStarterPack/UE4_Mannequin/Textures/UE4_Mannequin__normals.uasset" 1431
"C:/Users/Murad/Documents/Unreal Projects/Peacekeeper_3D/Content/AnimStarterPack/UE4_Mannequin/Textures/UE4_Mannequin__normals.uexp" 1432
"C:/Users/Murad/Documents/Unreal Projects/Peacekeeper_3D/Content/AnimStarterPack/UE4_Mannequin/Textures/UE4_Mannequin__normals.ubulk" 1433
"C:/Users/Murad/Documents/Unreal Projects/Peacekeeper_3D/Content/AnimStarterPack/UE4_Mannequin/Materials/MaterialLayers/T_ML_Aluminum01_N.uasset" 1434
"C:/Users/Murad/Documents/Unreal Projects/Peacekeeper_3D/Content/AnimStarterPack/UE4_Mannequin/Materials/MaterialLayers/T_ML_Aluminum01_N.uexp" 1435
"C:/Users/Murad/Documents/Unreal Projects/Peacekeeper_3D/Content/AnimStarterPack/UE4_Mannequin/Materials/MaterialLayers/T_ML_Aluminum01_N.ubulk" 1436
"C:/Users/Murad/Documents/Unreal Projects/Peacekeeper_3D/Content/AnimStarterPack/UE4_Mannequin/Materials/MaterialLayers/T_ML_Aluminum01.uasset" 1437
"C:/Users/Murad/Documents/Unreal Projects/Peacekeeper_3D/Content/AnimStarterPack/UE4_Mannequin/Materials/MaterialLayers/T_ML_Aluminum01.uexp" 1438
"C:/Users/Murad/Documents/Unreal Projects/Peacekeeper_3D/Content/AnimStarterPack/UE4_Mannequin/Materials/MaterialLayers/T_ML_Aluminum01.ubulk" 1439
"C:/Users/Murad/Documents/Unreal Projects/Peacekeeper_3D/Content/AnimStarterPack/UE4_Mannequin/Materials/MaterialLayers/ML_SoftMetal_UE4.uasset" 1440
"C:/Users/Murad/Documents/Unreal Projects/Peacekeeper_3D/Content/AnimStarterPack/UE4_Mannequin/Materials/MaterialLayers/ML_SoftMetal_UE4.uexp" 1441
"C:/Users/Murad/Documents/Unreal Projects/Peacekeeper_3D/Content/AnimStarterPack/UE4_Mannequin/Textures/UE4_LOGO_CARD.uasset" 1442
"C:/Users/Murad/Documents/Unreal Projects/Peacekeeper_3D/Content/AnimStarterPack/UE4_Mannequin/Textures/UE4_LOGO_CARD.uexp" 1443
"C:/Users/Murad/Documents/Unreal Projects/Peacekeeper_3D/Content/AnimStarterPack/UE4_Mannequin/Textures/UE4_LOGO_CARD.ubulk" 1444
"C:/Users/Murad/Documents/Unreal Projects/Peacekeeper_3D/Content/AnimStarterPack/UE4_Mannequin/Materials/MaterialLayers/ML_Plastic_Shiny_Beige_LOGO.uasset" 1445
"C:/Users/Murad/Documents/Unreal Projects/Peacekeeper_3D/Content/AnimStarterPack/UE4_Mannequin/Materials/MaterialLayers/ML_Plastic_Shiny_Beige_LOGO.uexp" 1446
"C:/Users/Murad/Documents/Unreal Projects/Peacekeeper_3D/Content/AnimStarterPack/UE4_Mannequin/Materials/MaterialLayers/ML_Plastic_Shiny_Beige.uasset" 1447
"C:/Users/Murad/Documents/Unreal Projects/Peacekeeper_3D/Content/AnimStarterPack/UE4_Mannequin/Materials/MaterialLayers/ML_Plastic_Shiny_Beige.uexp" 1448
"C:/Users/Murad/Documents/Unreal Projects/Peacekeeper_3D/Content/AnimStarterPack/UE4_Mannequin/Materials/MaterialLayers/T_ML_Rubber_Blue_01_N.uasset" 1449
"C:/Users/Murad/Documents/Unreal Projects/Peacekeeper_3D/Content/AnimStarterPack/UE4_Mannequin/Materials/MaterialLayers/T_ML_Rubber_Blue_01_N.uexp" 1450
"C:/Users/Murad/Documents/Unreal Projects/Peacekeeper_3D/Content/AnimStarterPack/UE4_Mannequin/Materials/MaterialLayers/T_ML_Rubber_Blue_01_N.ubulk" 1451
"C:/Users/Murad/Documents/Unreal Projects/Peacekeeper_3D/Content/AnimStarterPack/UE4_Mannequin/Materials/MaterialLayers/T_ML_Rubber_Blue_01_D.uasset" 1452
"C:/Users/Murad/Documents/Unreal Projects/Peacekeeper_3D/Content/AnimStarterPack/UE4_Mannequin/Materials/MaterialLayers/T_ML_Rubber_Blue_01_D.uexp" 1453
"C:/Users/Murad/Documents/Unreal Projects/Peacekeeper_3D/Content/AnimStarterPack/UE4_Mannequin/Materials/MaterialLayers/T_ML_Rubber_Blue_01_D.ubulk" 1454
"C:/Users/Murad/Documents/Unreal Projects/Peacekeeper_3D/Content/AnimStarterPack/UE4_Mannequin/Materials/MaterialLayers/ML_GlossyBlack_Latex_UE4.uasset" 1455
"C:/Users/Murad/Documents/Unreal Projects/Peacekeeper_3D/Content/AnimStarterPack/UE4_Mannequin/Materials/MaterialLayers/ML_GlossyBlack_Latex_UE4.uexp" 1456
"../../../Engine/Content/Functions/MaterialLayerFunctions/MatLayerBlend_AO.uasset" 1457
"../../../Engine/Content/Functions/MaterialLayerFunctions/MatLayerBlend_AO.uexp" 1458
"C:/Users/Murad/Documents/Unreal Projects/Peacekeeper_3D/Content/AnimStarterPack/UE4_Mannequin/Materials/M_UE4Man_Body.uasset" 1459
"C:/Users/Murad/Documents/Unreal Projects/Peacekeeper_3D/Content/AnimStarterPack/UE4_Mannequin/Materials/M_UE4Man_Body.uexp" 1460
"C:/Users/Murad/Documents/Unreal Projects/Peacekeeper_3D/Content/AnimStarterPack/UE4_Mannequin/Materials/M_UE4Man_ChestLogo.uasset" 1461
"C:/Users/Murad/Documents/Unreal Projects/Peacekeeper_3D/Content/AnimStarterPack/UE4_Mannequin/Materials/M_UE4Man_ChestLogo.uexp" 1462
"C:/Users/Murad/Documents/Unreal Projects/Peacekeeper_3D/Content/AnimStarterPack/UE4_Mannequin/Mesh/SK_Mannequin.uasset" 1463
"C:/Users/Murad/Documents/Unreal Projects/Peacekeeper_3D/Content/AnimStarterPack/UE4_Mannequin/Mesh/SK_Mannequin.uexp" 1464
"C:/Users/Murad/Documents/Unreal Projects/Peacekeeper_3D/Content/AnimStarterPack/Showcase.uexp" 1465
"C:/Users/Murad/Documents/Unreal Projects/Peacekeeper_3D/Content/AnimStarterPack/Showcase.ubulk" 1466
"C:/Users/Murad/Documents/Unreal Projects/Peacekeeper_3D/Content/AnimStarterPack/Showcase.umap" 1467
"C:/Users/Murad/Documents/Unreal Projects/Peacekeeper_3D/Content/FPS_Weapon_Bundle/Weapons/Meshes/SMG11/SM_SMG11_Mag_X.uasset" 1468
"C:/Users/Murad/Documents/Unreal Projects/Peacekeeper_3D/Content/FPS_Weapon_Bundle/Weapons/Meshes/SMG11/SM_SMG11_Mag_X.uexp" 1469
"C:/Users/Murad/Documents/Unreal Projects/Peacekeeper_3D/Content/FPS_Weapon_Bundle/Weapons/Meshes/SMG11/SM_SMG11_Mag_Empty_X.uasset" 1470
"C:/Users/Murad/Documents/Unreal Projects/Peacekeeper_3D/Content/FPS_Weapon_Bundle/Weapons/Meshes/SMG11/SM_SMG11_Mag_Empty_X.uexp" 1471
"C:/Users/Murad/Documents/Unreal Projects/Peacekeeper_3D/Content/FPS_Weapon_Bundle/Weapons/Meshes/SMG11/SK_SMG11_Y_Skeleton.uasset" 1472
"C:/Users/Murad/Documents/Unreal Projects/Peacekeeper_3D/Content/FPS_Weapon_Bundle/Weapons/Meshes/SMG11/SK_SMG11_Y_Skeleton.uexp" 1473
"C:/Users/Murad/Documents/Unreal Projects/Peacekeeper_3D/Content/FPS_Weapon_Bundle/Weapons/Meshes/SMG11/SK_SMG11_Y_Physics.uasset" 1474
"C:/Users/Murad/Documents/Unreal Projects/Peacekeeper_3D/Content/FPS_Weapon_Bundle/Weapons/Meshes/SMG11/SK_SMG11_Y_Physics.uexp" 1475
"C:/Users/Murad/Documents/Unreal Projects/Peacekeeper_3D/Content/FPS_Weapon_Bundle/Weapons/Meshes/SMG11/SK_SMG11_Y.uasset" 1476
"C:/Users/Murad/Documents/Unreal Projects/Peacekeeper_3D/Content/FPS_Weapon_Bundle/Weapons/Meshes/SMG11/SK_SMG11_Y.uexp" 1477
"C:/Users/Murad/Documents/Unreal Projects/Peacekeeper_3D/Content/FPS_Weapon_Bundle/Weapons/Meshes/SMG11/SK_SMG11_Nostock_Y_Skeleton.uasset" 1478
"C:/Users/Murad/Documents/Unreal Projects/Peacekeeper_3D/Content/FPS_Weapon_Bundle/Weapons/Meshes/SMG11/SK_SMG11_Nostock_Y_Skeleton.uexp" 1479
"C:/Users/Murad/Documents/Unreal Projects/Peacekeeper_3D/Content/FPS_Weapon_Bundle/Weapons/Meshes/SMG11/SK_SMG11_Nostock_Y_Physics.uasset" 1480
"C:/Users/Murad/Documents/Unreal Projects/Peacekeeper_3D/Content/FPS_Weapon_Bundle/Weapons/Meshes/SMG11/SK_SMG11_Nostock_Y_Physics.uexp" 1481
"C:/Users/Murad/Documents/Unreal Projects/Peacekeeper_3D/Content/FPS_Weapon_Bundle/Weapons/Meshes/SMG11/SK_SMG11_Nostock_Y.uasset" 1482
"C:/Users/Murad/Documents/Unreal Projects/Peacekeeper_3D/Content/FPS_Weapon_Bundle/Weapons/Meshes/SMG11/SK_SMG11_Nostock_Y.uexp" 1483
"C:/Users/Murad/Documents/Unreal Projects/Peacekeeper_3D/Content/FPS_Weapon_Bundle/Weapons/Meshes/M9_Knife/SK_M9_Knife_X_Skeleton.uasset" 1484
"C:/Users/Murad/Documents/Unreal Projects/Peacekeeper_3D/Content/FPS_Weapon_Bundle/Weapons/Meshes/M9_Knife/SK_M9_Knife_X_Skeleton.uexp" 1485
"C:/Users/Murad/Documents/Unreal Projects/Peacekeeper_3D/Content/FPS_Weapon_Bundle/Weapons/Meshes/M9_Knife/SK_M9_Knife_X_Physics.uasset" 1486
"C:/Users/Murad/Documents/Unreal Projects/Peacekeeper_3D/Content/FPS_Weapon_Bundle/Weapons/Meshes/M9_Knife/SK_M9_Knife_X_Physics.uexp" 1487
"C:/Users/Murad/Documents/Unreal Projects/Peacekeeper_3D/Content/FPS_Weapon_Bundle/Weapons/Meshes/M9_Knife/SK_M9_Knife_X.uasset" 1488
"C:/Users/Murad/Documents/Unreal Projects/Peacekeeper_3D/Content/FPS_Weapon_Bundle/Weapons/Meshes/M9_Knife/SK_M9_Knife_X.uexp" 1489
"C:/Users/Murad/Documents/Unreal Projects/Peacekeeper_3D/Content/FPS_Weapon_Bundle/Weapons/Meshes/KA_Val/SM_KA_Val_Mag_Y.uasset" 1490
"C:/Users/Murad/Documents/Unreal Projects/Peacekeeper_3D/Content/FPS_Weapon_Bundle/Weapons/Meshes/KA_Val/SM_KA_Val_Mag_Y.uexp" 1491
"C:/Users/Murad/Documents/Unreal Projects/Peacekeeper_3D/Content/FPS_Weapon_Bundle/Weapons/Meshes/KA_Val/SM_KA_Val_MAG_Loaded_Y.uasset" 1492
"C:/Users/Murad/Documents/Unreal Projects/Peacekeeper_3D/Content/FPS_Weapon_Bundle/Weapons/Meshes/KA_Val/SM_KA_Val_MAG_Loaded_Y.uexp" 1493
"C:/Users/Murad/Documents/Unreal Projects/Peacekeeper_3D/Content/FPS_Weapon_Bundle/Weapons/Meshes/KA_Val/SK_KA_Val_Y_Skeleton.uasset" 1494
"C:/Users/Murad/Documents/Unreal Projects/Peacekeeper_3D/Content/FPS_Weapon_Bundle/Weapons/Meshes/KA_Val/SK_KA_Val_Y_Skeleton.uexp" 1495
"C:/Users/Murad/Documents/Unreal Projects/Peacekeeper_3D/Content/FPS_Weapon_Bundle/Weapons/Meshes/KA_Val/SK_KA_Val_Y_Physics.uasset" 1496
"C:/Users/Murad/Documents/Unreal Projects/Peacekeeper_3D/Content/FPS_Weapon_Bundle/Weapons/Meshes/KA_Val/SK_KA_Val_Y_Physics.uexp" 1497
"C:/Users/Murad/Documents/Unreal Projects/Peacekeeper_3D/Content/FPS_Weapon_Bundle/Weapons/Meshes/KA_Val/SK_KA_Val_Y.uasset" 1498
"C:/Users/Murad/Documents/Unreal Projects/Peacekeeper_3D/Content/FPS_Weapon_Bundle/Weapons/Meshes/KA_Val/SK_KA_Val_Y.uexp" 1499
"C:/Users/Murad/Documents/Unreal Projects/Peacekeeper_3D/Content/FPS_Weapon_Bundle/Weapons/Meshes/KA74U/SM_KA74U_Mag_X.uasset" 1500
"C:/Users/Murad/Documents/Unreal Projects/Peacekeeper_3D/Content/FPS_Weapon_Bundle/Weapons/Meshes/KA74U/SM_KA74U_Mag_X.uexp" 1501
"C:/Users/Murad/Documents/Unreal Projects/Peacekeeper_3D/Content/FPS_Weapon_Bundle/Weapons/Meshes/KA74U/SM_KA74U_Mag_Empty_X.uasset" 1502
"C:/Users/Murad/Documents/Unreal Projects/Peacekeeper_3D/Content/FPS_Weapon_Bundle/Weapons/Meshes/KA74U/SM_KA74U_Mag_Empty_X.uexp" 1503
"C:/Users/Murad/Documents/Unreal Projects/Peacekeeper_3D/Content/FPS_Weapon_Bundle/Weapons/Meshes/KA74U/SK_KA74U_Y_Skeleton.uasset" 1504
"C:/Users/Murad/Documents/Unreal Projects/Peacekeeper_3D/Content/FPS_Weapon_Bundle/Weapons/Meshes/KA74U/SK_KA74U_Y_Skeleton.uexp" 1505
"C:/Users/Murad/Documents/Unreal Projects/Peacekeeper_3D/Content/FPS_Weapon_Bundle/Weapons/Meshes/KA74U/SK_KA74U_Y_Physics.uasset" 1506
"C:/Users/Murad/Documents/Unreal Projects/Peacekeeper_3D/Content/FPS_Weapon_Bundle/Weapons/Meshes/KA74U/SK_KA74U_Y_Physics.uexp" 1507
"C:/Users/Murad/Documents/Unreal Projects/Peacekeeper_3D/Content/FPS_Weapon_Bundle/Weapons/Meshes/KA74U/SK_KA74U_Y.uasset" 1508
"C:/Users/Murad/Documents/Unreal Projects/Peacekeeper_3D/Content/FPS_Weapon_Bundle/Weapons/Meshes/KA74U/SK_KA74U_Y.uexp" 1509
"C:/Users/Murad/Documents/Unreal Projects/Peacekeeper_3D/Content/FPS_Weapon_Bundle/Weapons/Meshes/Ka47/SM_KA47_Mag_Empty.uasset" 1510
"C:/Users/Murad/Documents/Unreal Projects/Peacekeeper_3D/Content/FPS_Weapon_Bundle/Weapons/Meshes/Ka47/SM_KA47_Mag_Empty.uexp" 1511
"C:/Users/Murad/Documents/Unreal Projects/Peacekeeper_3D/Content/FPS_Weapon_Bundle/Weapons/Meshes/Ka47/SM_KA47_Mag.uasset" 1512
"C:/Users/Murad/Documents/Unreal Projects/Peacekeeper_3D/Content/FPS_Weapon_Bundle/Weapons/Meshes/Ka47/SM_KA47_Mag.uexp" 1513
"C:/Users/Murad/Documents/Unreal Projects/Peacekeeper_3D/Content/FPS_Weapon_Bundle/Weapons/Meshes/Ka47/SK_KA47_Skeleton.uasset" 1514
"C:/Users/Murad/Documents/Unreal Projects/Peacekeeper_3D/Content/FPS_Weapon_Bundle/Weapons/Meshes/Ka47/SK_KA47_Skeleton.uexp" 1515
"C:/Users/Murad/Documents/Unreal Projects/Peacekeeper_3D/Content/FPS_Weapon_Bundle/Weapons/Meshes/Ka47/SK_KA47_Physics.uasset" 1516
"C:/Users/Murad/Documents/Unreal Projects/Peacekeeper_3D/Content/FPS_Weapon_Bundle/Weapons/Meshes/Ka47/SK_KA47_Physics.uexp" 1517
"C:/Users/Murad/Documents/Unreal Projects/Peacekeeper_3D/Content/FPS_Weapon_Bundle/Weapons/Meshes/Ka47/SK_KA47.uasset" 1518
"C:/Users/Murad/Documents/Unreal Projects/Peacekeeper_3D/Content/FPS_Weapon_Bundle/Weapons/Meshes/Ka47/SK_KA47.uexp" 1519
"C:/Users/Murad/Documents/Unreal Projects/Peacekeeper_3D/Content/FPS_Weapon_Bundle/Weapons/Meshes/G67_Grenade/SK_G67_X_Skeleton.uasset" 1520
"C:/Users/Murad/Documents/Unreal Projects/Peacekeeper_3D/Content/FPS_Weapon_Bundle/Weapons/Meshes/G67_Grenade/SK_G67_X_Skeleton.uexp" 1521
"C:/Users/Murad/Documents/Unreal Projects/Peacekeeper_3D/Content/FPS_Weapon_Bundle/Weapons/Meshes/G67_Grenade/SK_G67_X_Physics.uasset" 1522
"C:/Users/Murad/Documents/Unreal Projects/Peacekeeper_3D/Content/FPS_Weapon_Bundle/Weapons/Meshes/G67_Grenade/SK_G67_X_Physics.uexp" 1523
"C:/Users/Murad/Documents/Unreal Projects/Peacekeeper_3D/Content/FPS_Weapon_Bundle/Weapons/Meshes/G67_Grenade/SK_G67_X.uasset" 1524
"C:/Users/Murad/Documents/Unreal Projects/Peacekeeper_3D/Content/FPS_Weapon_Bundle/Weapons/Meshes/G67_Grenade/SK_G67_X.uexp" 1525
"C:/Users/Murad/Documents/Unreal Projects/Peacekeeper_3D/Content/FPS_Weapon_Bundle/Weapons/Meshes/AR4/SM_AR4_Mag_Empty.uasset" 1526
"C:/Users/Murad/Documents/Unreal Projects/Peacekeeper_3D/Content/FPS_Weapon_Bundle/Weapons/Meshes/AR4/SM_AR4_Mag_Empty.uexp" 1527
"C:/Users/Murad/Documents/Unreal Projects/Peacekeeper_3D/Content/FPS_Weapon_Bundle/Weapons/Meshes/AR4/SM_AR4_Mag.uasset" 1528
"C:/Users/Murad/Documents/Unreal Projects/Peacekeeper_3D/Content/FPS_Weapon_Bundle/Weapons/Meshes/AR4/SM_AR4_Mag.uexp" 1529
"C:/Users/Murad/Documents/Unreal Projects/Peacekeeper_3D/Content/FPS_Weapon_Bundle/Weapons/Textures/Ammunition/T_9x18_NRM.uasset" 1530
"C:/Users/Murad/Documents/Unreal Projects/Peacekeeper_3D/Content/FPS_Weapon_Bundle/Weapons/Textures/Ammunition/T_9x18_NRM.uexp" 1531
"C:/Users/Murad/Documents/Unreal Projects/Peacekeeper_3D/Content/FPS_Weapon_Bundle/Weapons/Textures/Ammunition/T_9x18_NRM.ubulk" 1532
"C:/Users/Murad/Documents/Unreal Projects/Peacekeeper_3D/Content/FPS_Weapon_Bundle/Weapons/Textures/Ammunition/T_9x18_M_MSK.uasset" 1533
"C:/Users/Murad/Documents/Unreal Projects/Peacekeeper_3D/Content/FPS_Weapon_Bundle/Weapons/Textures/Ammunition/T_9x18_M_MSK.uexp" 1534
"C:/Users/Murad/Documents/Unreal Projects/Peacekeeper_3D/Content/FPS_Weapon_Bundle/Weapons/Textures/Ammunition/T_9x18_M_MSK.ubulk" 1535
"C:/Users/Murad/Documents/Unreal Projects/Peacekeeper_3D/Content/FPS_Weapon_Bundle/Weapons/Textures/Ammunition/T_9x18_ALB.uasset" 1536
"C:/Users/Murad/Documents/Unreal Projects/Peacekeeper_3D/Content/FPS_Weapon_Bundle/Weapons/Textures/Ammunition/T_9x18_ALB.uexp" 1537
"C:/Users/Murad/Documents/Unreal Projects/Peacekeeper_3D/Content/FPS_Weapon_Bundle/Weapons/Textures/Ammunition/T_9x18_ALB.ubulk" 1538
"C:/Users/Murad/Documents/Unreal Projects/Peacekeeper_3D/Content/FPS_Weapon_Bundle/Weapons/Materials/Ammunition/M_9x18.uasset" 1539
"C:/Users/Murad/Documents/Unreal Projects/Peacekeeper_3D/Content/FPS_Weapon_Bundle/Weapons/Materials/Ammunition/M_9x18.uexp" 1540
"C:/Users/Murad/Documents/Unreal Projects/Peacekeeper_3D/Content/FPS_Weapon_Bundle/Weapons/Meshes/Ammunition/SM_Shell_9x18_Empty.uasset" 1541
"C:/Users/Murad/Documents/Unreal Projects/Peacekeeper_3D/Content/FPS_Weapon_Bundle/Weapons/Meshes/Ammunition/SM_Shell_9x18_Empty.uexp" 1542
"C:/Users/Murad/Documents/Unreal Projects/Peacekeeper_3D/Content/FPS_Weapon_Bundle/Weapons/Meshes/Ammunition/SM_Shell_9x18.uasset" 1543
"C:/Users/Murad/Documents/Unreal Projects/Peacekeeper_3D/Content/FPS_Weapon_Bundle/Weapons/Meshes/Ammunition/SM_Shell_9x18.uexp" 1544
"C:/Users/Murad/Documents/Unreal Projects/Peacekeeper_3D/Content/FPS_Weapon_Bundle/Weapons/Meshes/Ammunition/SM_Shell_9mm_Empty.uasset" 1545
"C:/Users/Murad/Documents/Unreal Projects/Peacekeeper_3D/Content/FPS_Weapon_Bundle/Weapons/Meshes/Ammunition/SM_Shell_9mm_Empty.uexp" 1546
"C:/Users/Murad/Documents/Unreal Projects/Peacekeeper_3D/Content/FPS_Weapon_Bundle/Weapons/Meshes/Ammunition/SM_Shell_9mm.uasset" 1547
"C:/Users/Murad/Documents/Unreal Projects/Peacekeeper_3D/Content/FPS_Weapon_Bundle/Weapons/Meshes/Ammunition/SM_Shell_9mm.uexp" 1548
"C:/Users/Murad/Documents/Unreal Projects/Peacekeeper_3D/Content/FPS_Weapon_Bundle/Weapons/Meshes/Ammunition/SM_Shell_762x51_Empty.uasset" 1549
"C:/Users/Murad/Documents/Unreal Projects/Peacekeeper_3D/Content/FPS_Weapon_Bundle/Weapons/Meshes/Ammunition/SM_Shell_762x51_Empty.uexp" 1550
"C:/Users/Murad/Documents/Unreal Projects/Peacekeeper_3D/Content/FPS_Weapon_Bundle/Weapons/Meshes/Ammunition/SM_Shell_762x51.uasset" 1551
"C:/Users/Murad/Documents/Unreal Projects/Peacekeeper_3D/Content/FPS_Weapon_Bundle/Weapons/Meshes/Ammunition/SM_Shell_762x51.uexp" 1552
"C:/Users/Murad/Documents/Unreal Projects/Peacekeeper_3D/Content/FPS_Weapon_Bundle/Weapons/Meshes/Ammunition/SM_Shell_762x39_Empty.uasset" 1553
"C:/Users/Murad/Documents/Unreal Projects/Peacekeeper_3D/Content/FPS_Weapon_Bundle/Weapons/Meshes/Ammunition/SM_Shell_762x39_Empty.uexp" 1554
"C:/Users/Murad/Documents/Unreal Projects/Peacekeeper_3D/Content/FPS_Weapon_Bundle/Weapons/Meshes/Ammunition/SM_Shell_762x39.uasset" 1555
"C:/Users/Murad/Documents/Unreal Projects/Peacekeeper_3D/Content/FPS_Weapon_Bundle/Weapons/Meshes/Ammunition/SM_Shell_762x39.uexp" 1556
"C:/Users/Murad/Documents/Unreal Projects/Peacekeeper_3D/Content/FPS_Weapon_Bundle/Weapons/Meshes/Ammunition/SM_Shell_556x45.uasset" 1557
"C:/Users/Murad/Documents/Unreal Projects/Peacekeeper_3D/Content/FPS_Weapon_Bundle/Weapons/Meshes/Ammunition/SM_Shell_556x45.uexp" 1558
"C:/Users/Murad/Documents/Unreal Projects/Peacekeeper_3D/Content/FPS_Weapon_Bundle/Weapons/Meshes/Ammunition/SM_Shell_545x39_Empty.uasset" 1559
"C:/Users/Murad/Documents/Unreal Projects/Peacekeeper_3D/Content/FPS_Weapon_Bundle/Weapons/Meshes/Ammunition/SM_Shell_545x39_Empty.uexp" 1560
"C:/Users/Murad/Documents/Unreal Projects/Peacekeeper_3D/Content/FPS_Weapon_Bundle/Weapons/Meshes/Ammunition/SM_Shell_545x39.uasset" 1561
"C:/Users/Murad/Documents/Unreal Projects/Peacekeeper_3D/Content/FPS_Weapon_Bundle/Weapons/Meshes/Ammunition/SM_Shell_545x39.uexp" 1562
"C:/Users/Murad/Documents/Unreal Projects/Peacekeeper_3D/Content/FPS_Weapon_Bundle/Weapons/Textures/Ammunition/T_45ap_NRM.uasset" 1563
"C:/Users/Murad/Documents/Unreal Projects/Peacekeeper_3D/Content/FPS_Weapon_Bundle/Weapons/Textures/Ammunition/T_45ap_NRM.uexp" 1564
"C:/Users/Murad/Documents/Unreal Projects/Peacekeeper_3D/Content/FPS_Weapon_Bundle/Weapons/Textures/Ammunition/T_45ap_NRM.ubulk" 1565
"C:/Users/Murad/Documents/Unreal Projects/Peacekeeper_3D/Content/FPS_Weapon_Bundle/Weapons/Textures/Ammunition/T_45ap_M_MSK.uasset" 1566
"C:/Users/Murad/Documents/Unreal Projects/Peacekeeper_3D/Content/FPS_Weapon_Bundle/Weapons/Textures/Ammunition/T_45ap_M_MSK.uexp" 1567
"C:/Users/Murad/Documents/Unreal Projects/Peacekeeper_3D/Content/FPS_Weapon_Bundle/Weapons/Textures/Ammunition/T_45ap_M_MSK.ubulk" 1568
"C:/Users/Murad/Documents/Unreal Projects/Peacekeeper_3D/Content/FPS_Weapon_Bundle/Weapons/Textures/Ammunition/T_45ap_ALB.uasset" 1569
"C:/Users/Murad/Documents/Unreal Projects/Peacekeeper_3D/Content/FPS_Weapon_Bundle/Weapons/Textures/Ammunition/T_45ap_ALB.uexp" 1570
"C:/Users/Murad/Documents/Unreal Projects/Peacekeeper_3D/Content/FPS_Weapon_Bundle/Weapons/Textures/Ammunition/T_45ap_ALB.ubulk" 1571
"C:/Users/Murad/Documents/Unreal Projects/Peacekeeper_3D/Content/FPS_Weapon_Bundle/Weapons/Materials/Ammunition/M_45ap.uasset" 1572
"C:/Users/Murad/Documents/Unreal Projects/Peacekeeper_3D/Content/FPS_Weapon_Bundle/Weapons/Materials/Ammunition/M_45ap.uexp" 1573
"C:/Users/Murad/Documents/Unreal Projects/Peacekeeper_3D/Content/FPS_Weapon_Bundle/Weapons/Meshes/Ammunition/SM_Shell_45ap_Empty.uasset" 1574
"C:/Users/Murad/Documents/Unreal Projects/Peacekeeper_3D/Content/FPS_Weapon_Bundle/Weapons/Meshes/Ammunition/SM_Shell_45ap_Empty.uexp" 1575
"C:/Users/Murad/Documents/Unreal Projects/Peacekeeper_3D/Content/FPS_Weapon_Bundle/Weapons/Meshes/Ammunition/SM_Shell_45ap.uasset" 1576
"C:/Users/Murad/Documents/Unreal Projects/Peacekeeper_3D/Content/FPS_Weapon_Bundle/Weapons/Meshes/Ammunition/SM_Shell_45ap.uexp" 1577
"C:/Users/Murad/Documents/Unreal Projects/Peacekeeper_3D/Content/FPS_Weapon_Bundle/Weapons/Textures/Ammunition/T_40mm_Grenade_NRM.uasset" 1578
"C:/Users/Murad/Documents/Unreal Projects/Peacekeeper_3D/Content/FPS_Weapon_Bundle/Weapons/Textures/Ammunition/T_40mm_Grenade_NRM.uexp" 1579
"C:/Users/Murad/Documents/Unreal Projects/Peacekeeper_3D/Content/FPS_Weapon_Bundle/Weapons/Textures/Ammunition/T_40mm_Grenade_NRM.ubulk" 1580
"C:/Users/Murad/Documents/Unreal Projects/Peacekeeper_3D/Content/FPS_Weapon_Bundle/Weapons/Textures/Ammunition/T_40mm_Grenade_M_MSK.uasset" 1581
"C:/Users/Murad/Documents/Unreal Projects/Peacekeeper_3D/Content/FPS_Weapon_Bundle/Weapons/Textures/Ammunition/T_40mm_Grenade_M_MSK.uexp" 1582
"C:/Users/Murad/Documents/Unreal Projects/Peacekeeper_3D/Content/FPS_Weapon_Bundle/Weapons/Textures/Ammunition/T_40mm_Grenade_M_MSK.ubulk" 1583
"C:/Users/Murad/Documents/Unreal Projects/Peacekeeper_3D/Content/FPS_Weapon_Bundle/Weapons/Textures/Ammunition/T_40mm_Grenade_ALB.uasset" 1584
"C:/Users/Murad/Documents/Unreal Projects/Peacekeeper_3D/Content/FPS_Weapon_Bundle/Weapons/Textures/Ammunition/T_40mm_Grenade_ALB.uexp" 1585
"C:/Users/Murad/Documents/Unreal Projects/Peacekeeper_3D/Content/FPS_Weapon_Bundle/Weapons/Textures/Ammunition/T_40mm_Grenade_ALB.ubulk" 1586
"C:/Users/Murad/Documents/Unreal Projects/Peacekeeper_3D/Content/FPS_Weapon_Bundle/Weapons/Materials/Ammunition/M_40mm_Grenade.uasset" 1587
"C:/Users/Murad/Documents/Unreal Projects/Peacekeeper_3D/Content/FPS_Weapon_Bundle/Weapons/Materials/Ammunition/M_40mm_Grenade.uexp" 1588
"C:/Users/Murad/Documents/Unreal Projects/Peacekeeper_3D/Content/FPS_Weapon_Bundle/Weapons/Meshes/Ammunition/SM_Shell_40mm_G_Empty.uasset" 1589
"C:/Users/Murad/Documents/Unreal Projects/Peacekeeper_3D/Content/FPS_Weapon_Bundle/Weapons/Meshes/Ammunition/SM_Shell_40mm_G_Empty.uexp" 1590
"C:/Users/Murad/Documents/Unreal Projects/Peacekeeper_3D/Content/FPS_Weapon_Bundle/Weapons/Meshes/Ammunition/SM_Shell_40mm_G.uasset" 1591
"C:/Users/Murad/Documents/Unreal Projects/Peacekeeper_3D/Content/FPS_Weapon_Bundle/Weapons/Meshes/Ammunition/SM_Shell_40mm_G.uexp" 1592
"C:/Users/Murad/Documents/Unreal Projects/Peacekeeper_3D/Content/FPS_Weapon_Bundle/Weapons/Textures/Ammunition/T_12Gauge_NRM.uasset" 1593
"C:/Users/Murad/Documents/Unreal Projects/Peacekeeper_3D/Content/FPS_Weapon_Bundle/Weapons/Textures/Ammunition/T_12Gauge_NRM.uexp" 1594
"C:/Users/Murad/Documents/Unreal Projects/Peacekeeper_3D/Content/FPS_Weapon_Bundle/Weapons/Textures/Ammunition/T_12Gauge_NRM.ubulk" 1595
"C:/Users/Murad/Documents/Unreal Projects/Peacekeeper_3D/Content/FPS_Weapon_Bundle/Weapons/Textures/Ammunition/T_12Gauge_M_MSK.uasset" 1596
"C:/Users/Murad/Documents/Unreal Projects/Peacekeeper_3D/Content/FPS_Weapon_Bundle/Weapons/Textures/Ammunition/T_12Gauge_M_MSK.uexp" 1597
"C:/Users/Murad/Documents/Unreal Projects/Peacekeeper_3D/Content/FPS_Weapon_Bundle/Weapons/Textures/Ammunition/T_12Gauge_M_MSK.ubulk" 1598
"C:/Users/Murad/Documents/Unreal Projects/Peacekeeper_3D/Content/FPS_Weapon_Bundle/Weapons/Textures/Ammunition/T_12Gauge_ALB.uasset" 1599
"C:/Users/Murad/Documents/Unreal Projects/Peacekeeper_3D/Content/FPS_Weapon_Bundle/Weapons/Textures/Ammunition/T_12Gauge_ALB.uexp" 1600
"C:/Users/Murad/Documents/Unreal Projects/Peacekeeper_3D/Content/FPS_Weapon_Bundle/Weapons/Textures/Ammunition/T_12Gauge_ALB.ubulk" 1601
"C:/Users/Murad/Documents/Unreal Projects/Peacekeeper_3D/Content/FPS_Weapon_Bundle/Weapons/Materials/Ammunition/M_Ammo_12gauge.uasset" 1602
"C:/Users/Murad/Documents/Unreal Projects/Peacekeeper_3D/Content/FPS_Weapon_Bundle/Weapons/Materials/Ammunition/M_Ammo_12gauge.uexp" 1603
"C:/Users/Murad/Documents/Unreal Projects/Peacekeeper_3D/Content/FPS_Weapon_Bundle/Weapons/Meshes/Ammunition/SM_Shell_12Gauge_Empty.uasset" 1604
"C:/Users/Murad/Documents/Unreal Projects/Peacekeeper_3D/Content/FPS_Weapon_Bundle/Weapons/Meshes/Ammunition/SM_Shell_12Gauge_Empty.uexp" 1605
"C:/Users/Murad/Documents/Unreal Projects/Peacekeeper_3D/Content/FPS_Weapon_Bundle/Weapons/Meshes/Ammunition/SM_Shell_12Gauge.uasset" 1606
"C:/Users/Murad/Documents/Unreal Projects/Peacekeeper_3D/Content/FPS_Weapon_Bundle/Weapons/Meshes/Ammunition/SM_Shell_12Gauge.uexp" 1607
"C:/Users/Murad/Documents/Unreal Projects/Peacekeeper_3D/Content/FPS_Weapon_Bundle/Weapons/Meshes/Accessories/SM_Vertgrip.uasset" 1608
"C:/Users/Murad/Documents/Unreal Projects/Peacekeeper_3D/Content/FPS_Weapon_Bundle/Weapons/Meshes/Accessories/SM_Vertgrip.uexp" 1609
"C:/Users/Murad/Documents/Unreal Projects/Peacekeeper_3D/Content/FPS_Weapon_Bundle/Weapons/Textures/Accessories/T_Tc4_NRM.uasset" 1610
"C:/Users/Murad/Documents/Unreal Projects/Peacekeeper_3D/Content/FPS_Weapon_Bundle/Weapons/Textures/Accessories/T_Tc4_NRM.uexp" 1611
"C:/Users/Murad/Documents/Unreal Projects/Peacekeeper_3D/Content/FPS_Weapon_Bundle/Weapons/Textures/Accessories/T_Tc4_NRM.ubulk" 1612
"C:/Users/Murad/Documents/Unreal Projects/Peacekeeper_3D/Content/FPS_Weapon_Bundle/Weapons/Textures/Accessories/T_Tc4_M_MSK.uasset" 1613
"C:/Users/Murad/Documents/Unreal Projects/Peacekeeper_3D/Content/FPS_Weapon_Bundle/Weapons/Textures/Accessories/T_Tc4_M_MSK.uexp" 1614
"C:/Users/Murad/Documents/Unreal Projects/Peacekeeper_3D/Content/FPS_Weapon_Bundle/Weapons/Textures/Accessories/T_Tc4_M_MSK.ubulk" 1615
"C:/Users/Murad/Documents/Unreal Projects/Peacekeeper_3D/Content/FPS_Weapon_Bundle/Weapons/Textures/Accessories/T_Tc4_ALB.uasset" 1616
"C:/Users/Murad/Documents/Unreal Projects/Peacekeeper_3D/Content/FPS_Weapon_Bundle/Weapons/Textures/Accessories/T_Tc4_ALB.uexp" 1617
"C:/Users/Murad/Documents/Unreal Projects/Peacekeeper_3D/Content/FPS_Weapon_Bundle/Weapons/Textures/Accessories/T_Tc4_ALB.ubulk" 1618
"C:/Users/Murad/Documents/Unreal Projects/Peacekeeper_3D/Content/FPS_Weapon_Bundle/Weapons/Materials/Accessories/M_Tc4_Sight.uasset" 1619
"C:/Users/Murad/Documents/Unreal Projects/Peacekeeper_3D/Content/FPS_Weapon_Bundle/Weapons/Materials/Accessories/M_Tc4_Sight.uexp" 1620
"C:/Users/Murad/Documents/Unreal Projects/Peacekeeper_3D/Content/FPS_Weapon_Bundle/Weapons/Materials/RDS/M_RDS_Glass.uasset" 1621
"C:/Users/Murad/Documents/Unreal Projects/Peacekeeper_3D/Content/FPS_Weapon_Bundle/Weapons/Materials/RDS/M_RDS_Glass.uexp" 1622
"C:/Users/Murad/Documents/Unreal Projects/Peacekeeper_3D/Content/FPS_Weapon_Bundle/Weapons/Meshes/Accessories/SM_T4_Sight.uasset" 1623
"C:/Users/Murad/Documents/Unreal Projects/Peacekeeper_3D/Content/FPS_Weapon_Bundle/Weapons/Meshes/Accessories/SM_T4_Sight.uexp" 1624
"C:/Users/Murad/Documents/Unreal Projects/Peacekeeper_3D/Content/FPS_Weapon_Bundle/Weapons/Textures/Accessories/T_Suppressor5_NRM.uasset" 1625
"C:/Users/Murad/Documents/Unreal Projects/Peacekeeper_3D/Content/FPS_Weapon_Bundle/Weapons/Textures/Accessories/T_Suppressor5_NRM.uexp" 1626
"C:/Users/Murad/Documents/Unreal Projects/Peacekeeper_3D/Content/FPS_Weapon_Bundle/Weapons/Textures/Accessories/T_Suppressor5_NRM.ubulk" 1627
"C:/Users/Murad/Documents/Unreal Projects/Peacekeeper_3D/Content/FPS_Weapon_Bundle/Weapons/Textures/Accessories/T_Suppressor5_M_MSK.uasset" 1628
"C:/Users/Murad/Documents/Unreal Projects/Peacekeeper_3D/Content/FPS_Weapon_Bundle/Weapons/Textures/Accessories/T_Suppressor5_M_MSK.uexp" 1629
"C:/Users/Murad/Documents/Unreal Projects/Peacekeeper_3D/Content/FPS_Weapon_Bundle/Weapons/Textures/Accessories/T_Suppressor5_M_MSK.ubulk" 1630
"C:/Users/Murad/Documents/Unreal Projects/Peacekeeper_3D/Content/FPS_Weapon_Bundle/Weapons/Textures/Accessories/T_Suppressor5_ALB.uasset" 1631
"C:/Users/Murad/Documents/Unreal Projects/Peacekeeper_3D/Content/FPS_Weapon_Bundle/Weapons/Textures/Accessories/T_Suppressor5_ALB.uexp" 1632
"C:/Users/Murad/Documents/Unreal Projects/Peacekeeper_3D/Content/FPS_Weapon_Bundle/Weapons/Textures/Accessories/T_Suppressor5_ALB.ubulk" 1633
"C:/Users/Murad/Documents/Unreal Projects/Peacekeeper_3D/Content/FPS_Weapon_Bundle/Weapons/Materials/Accessories/M_Suppressor5.uasset" 1634
"C:/Users/Murad/Documents/Unreal Projects/Peacekeeper_3D/Content/FPS_Weapon_Bundle/Weapons/Materials/Accessories/M_Suppressor5.uexp" 1635
"C:/Users/Murad/Documents/Unreal Projects/Peacekeeper_3D/Content/FPS_Weapon_Bundle/Weapons/Meshes/Accessories/SM_Suppressor5.uasset" 1636
"C:/Users/Murad/Documents/Unreal Projects/Peacekeeper_3D/Content/FPS_Weapon_Bundle/Weapons/Meshes/Accessories/SM_Suppressor5.uexp" 1637
"C:/Users/Murad/Documents/Unreal Projects/Peacekeeper_3D/Content/FPS_Weapon_Bundle/Weapons/Materials/Accessories/M_Scope_25x56_Lens_NoAlpha.uasset" 1638
"C:/Users/Murad/Documents/Unreal Projects/Peacekeeper_3D/Content/FPS_Weapon_Bundle/Weapons/Materials/Accessories/M_Scope_25x56_Lens_NoAlpha.uexp" 1639
"C:/Users/Murad/Documents/Unreal Projects/Peacekeeper_3D/Content/FPS_Weapon_Bundle/Weapons/Meshes/Accessories/SM_Scope_25x56_Y.uasset" 1640
"C:/Users/Murad/Documents/Unreal Projects/Peacekeeper_3D/Content/FPS_Weapon_Bundle/Weapons/Meshes/Accessories/SM_Scope_25x56_Y.uexp" 1641
"C:/Users/Murad/Documents/Unreal Projects/Peacekeeper_3D/Content/FPS_Weapon_Bundle/Weapons/Meshes/Ammunition/SM_Shell_556x45_Empty.uasset" 1642
"C:/Users/Murad/Documents/Unreal Projects/Peacekeeper_3D/Content/FPS_Weapon_Bundle/Weapons/Meshes/Ammunition/SM_Shell_556x45_Empty.uexp" 1643
"C:/Users/Murad/Documents/Unreal Projects/Peacekeeper_3D/Content/FPS_Weapon_Bundle/Maps/Weapons_Showcase.uexp" 1644
"C:/Users/Murad/Documents/Unreal Projects/Peacekeeper_3D/Content/FPS_Weapon_Bundle/Maps/Weapons_Showcase.ubulk" 1645
"C:/Users/Murad/Documents/Unreal Projects/Peacekeeper_3D/Content/FPS_Weapon_Bundle/Maps/Weapons_Showcase.umap" 1646
"C:/Users/Murad/Documents/Unreal Projects/Peacekeeper_3D/Content/Realistic_Starter_VFX_Pack_Vol2/Textures/T_Splat.uasset" 1647
"C:/Users/Murad/Documents/Unreal Projects/Peacekeeper_3D/Content/Realistic_Starter_VFX_Pack_Vol2/Textures/T_Splat.uexp" 1648
"C:/Users/Murad/Documents/Unreal Projects/Peacekeeper_3D/Content/Realistic_Starter_VFX_Pack_Vol2/Textures/T_Splat.ubulk" 1649
"C:/Users/Murad/Documents/Unreal Projects/Peacekeeper_3D/Content/Realistic_Starter_VFX_Pack_Vol2/Materials/M_Splat_A.uasset" 1650
"C:/Users/Murad/Documents/Unreal Projects/Peacekeeper_3D/Content/Realistic_Starter_VFX_Pack_Vol2/Materials/M_Splat_A.uexp" 1651
"C:/Users/Murad/Documents/Unreal Projects/Peacekeeper_3D/Content/Realistic_Starter_VFX_Pack_Vol2/Textures/T_Water_A.uasset" 1652
"C:/Users/Murad/Documents/Unreal Projects/Peacekeeper_3D/Content/Realistic_Starter_VFX_Pack_Vol2/Textures/T_Water_A.uexp" 1653
"C:/Users/Murad/Documents/Unreal Projects/Peacekeeper_3D/Content/Realistic_Starter_VFX_Pack_Vol2/Textures/T_Water_A.ubulk" 1654
"C:/Users/Murad/Documents/Unreal Projects/Peacekeeper_3D/Content/Realistic_Starter_VFX_Pack_Vol2/Materials/M_Slash.uasset" 1655
"C:/Users/Murad/Documents/Unreal Projects/Peacekeeper_3D/Content/Realistic_Starter_VFX_Pack_Vol2/Materials/M_Slash.uexp" 1656
"C:/Users/Murad/Documents/Unreal Projects/Peacekeeper_3D/Content/Realistic_Starter_VFX_Pack_Vol2/Textures/T_Droplets_A_N.uasset" 1657
"C:/Users/Murad/Documents/Unreal Projects/Peacekeeper_3D/Content/Realistic_Starter_VFX_Pack_Vol2/Textures/T_Droplets_A_N.uexp" 1658
"C:/Users/Murad/Documents/Unreal Projects/Peacekeeper_3D/Content/Realistic_Starter_VFX_Pack_Vol2/Textures/T_Droplets_A_N.ubulk" 1659
"C:/Users/Murad/Documents/Unreal Projects/Peacekeeper_3D/Content/Realistic_Starter_VFX_Pack_Vol2/Textures/T_Droplets_A.uasset" 1660
"C:/Users/Murad/Documents/Unreal Projects/Peacekeeper_3D/Content/Realistic_Starter_VFX_Pack_Vol2/Textures/T_Droplets_A.uexp" 1661
"C:/Users/Murad/Documents/Unreal Projects/Peacekeeper_3D/Content/Realistic_Starter_VFX_Pack_Vol2/Textures/T_Droplets_A.ubulk" 1662
"C:/Users/Murad/Documents/Unreal Projects/Peacekeeper_3D/Content/Realistic_Starter_VFX_Pack_Vol2/Materials/M_WaterDrop_A.uasset" 1663
"C:/Users/Murad/Documents/Unreal Projects/Peacekeeper_3D/Content/Realistic_Starter_VFX_Pack_Vol2/Materials/M_WaterDrop_A.uexp" 1664
"C:/Users/Murad/Documents/Unreal Projects/Peacekeeper_3D/Content/Realistic_Starter_VFX_Pack_Vol2/Textures/T_Water_D.uasset" 1665
"C:/Users/Murad/Documents/Unreal Projects/Peacekeeper_3D/Content/Realistic_Starter_VFX_Pack_Vol2/Textures/T_Water_D.uexp" 1666
"C:/Users/Murad/Documents/Unreal Projects/Peacekeeper_3D/Content/Realistic_Starter_VFX_Pack_Vol2/Textures/T_Water_D.ubulk" 1667
"C:/Users/Murad/Documents/Unreal Projects/Peacekeeper_3D/Content/Realistic_Starter_VFX_Pack_Vol2/Materials/M_Bubble_B.uasset" 1668
"C:/Users/Murad/Documents/Unreal Projects/Peacekeeper_3D/Content/Realistic_Starter_VFX_Pack_Vol2/Materials/M_Bubble_B.uexp" 1669
"C:/Users/Murad/Documents/Unreal Projects/Peacekeeper_3D/Content/Realistic_Starter_VFX_Pack_Vol2/Particles/Water/P_Water_Leak_B.uasset" 1670
"C:/Users/Murad/Documents/Unreal Projects/Peacekeeper_3D/Content/Realistic_Starter_VFX_Pack_Vol2/Particles/Water/P_Water_Leak_B.uexp" 1671
"C:/Users/Murad/Documents/Unreal Projects/Peacekeeper_3D/Content/Realistic_Starter_VFX_Pack_Vol2/Textures/T_Water_C.uasset" 1672
"C:/Users/Murad/Documents/Unreal Projects/Peacekeeper_3D/Content/Realistic_Starter_VFX_Pack_Vol2/Textures/T_Water_C.uexp" 1673
"C:/Users/Murad/Documents/Unreal Projects/Peacekeeper_3D/Content/Realistic_Starter_VFX_Pack_Vol2/Textures/T_Water_C.ubulk" 1674
"C:/Users/Murad/Documents/Unreal Projects/Peacekeeper_3D/Content/Realistic_Starter_VFX_Pack_Vol2/Materials/M_Water_Splat.uasset" 1675
"C:/Users/Murad/Documents/Unreal Projects/Peacekeeper_3D/Content/Realistic_Starter_VFX_Pack_Vol2/Materials/M_Water_Splat.uexp" 1676
"C:/Users/Murad/Documents/Unreal Projects/Peacekeeper_3D/Content/Realistic_Starter_VFX_Pack_Vol2/Materials/M_WaterDrop_B.uasset" 1677
"C:/Users/Murad/Documents/Unreal Projects/Peacekeeper_3D/Content/Realistic_Starter_VFX_Pack_Vol2/Materials/M_WaterDrop_B.uexp" 1678
"C:/Users/Murad/Documents/Unreal Projects/Peacekeeper_3D/Content/Realistic_Starter_VFX_Pack_Vol2/Textures/T_Bubble.uasset" 1679
"C:/Users/Murad/Documents/Unreal Projects/Peacekeeper_3D/Content/Realistic_Starter_VFX_Pack_Vol2/Textures/T_Bubble.uexp" 1680
"C:/Users/Murad/Documents/Unreal Projects/Peacekeeper_3D/Content/Realistic_Starter_VFX_Pack_Vol2/Textures/T_Bubble.ubulk" 1681
"C:/Users/Murad/Documents/Unreal Projects/Peacekeeper_3D/Content/Realistic_Starter_VFX_Pack_Vol2/Materials/M_WaterDrop.uasset" 1682
"C:/Users/Murad/Documents/Unreal Projects/Peacekeeper_3D/Content/Realistic_Starter_VFX_Pack_Vol2/Materials/M_WaterDrop.uexp" 1683
"C:/Users/Murad/Documents/Unreal Projects/Peacekeeper_3D/Content/Realistic_Starter_VFX_Pack_Vol2/Particles/Water/P_Water_Leak_A.uasset" 1684
"C:/Users/Murad/Documents/Unreal Projects/Peacekeeper_3D/Content/Realistic_Starter_VFX_Pack_Vol2/Particles/Water/P_Water_Leak_A.uexp" 1685
"C:/Users/Murad/Documents/Unreal Projects/Peacekeeper_3D/Content/Realistic_Starter_VFX_Pack_Vol2/Particles/Water/P_Water_Dripping_B.uasset" 1686
"C:/Users/Murad/Documents/Unreal Projects/Peacekeeper_3D/Content/Realistic_Starter_VFX_Pack_Vol2/Particles/Water/P_Water_Dripping_B.uexp" 1687
"C:/Users/Murad/Documents/Unreal Projects/Peacekeeper_3D/Content/Realistic_Starter_VFX_Pack_Vol2/Particles/Water/P_Water_Dripping_A.uasset" 1688
"C:/Users/Murad/Documents/Unreal Projects/Peacekeeper_3D/Content/Realistic_Starter_VFX_Pack_Vol2/Particles/Water/P_Water_Dripping_A.uexp" 1689
"C:/Users/Murad/Documents/Unreal Projects/Peacekeeper_3D/Content/Realistic_Starter_VFX_Pack_Vol2/Textures/T_Bubblepop.uasset" 1690
"C:/Users/Murad/Documents/Unreal Projects/Peacekeeper_3D/Content/Realistic_Starter_VFX_Pack_Vol2/Textures/T_Bubblepop.uexp" 1691
"C:/Users/Murad/Documents/Unreal Projects/Peacekeeper_3D/Content/Realistic_Starter_VFX_Pack_Vol2/Textures/T_Bubblepop.ubulk" 1692
"C:/Users/Murad/Documents/Unreal Projects/Peacekeeper_3D/Content/Realistic_Starter_VFX_Pack_Vol2/Materials/M_Bubble_pop.uasset" 1693
"C:/Users/Murad/Documents/Unreal Projects/Peacekeeper_3D/Content/Realistic_Starter_VFX_Pack_Vol2/Materials/M_Bubble_pop.uexp" 1694
"C:/Users/Murad/Documents/Unreal Projects/Peacekeeper_3D/Content/Realistic_Starter_VFX_Pack_Vol2/Particles/Water/P_Bubbles_B.uasset" 1695
"C:/Users/Murad/Documents/Unreal Projects/Peacekeeper_3D/Content/Realistic_Starter_VFX_Pack_Vol2/Particles/Water/P_Bubbles_B.uexp" 1696
"C:/Users/Murad/Documents/Unreal Projects/Peacekeeper_3D/Content/Realistic_Starter_VFX_Pack_Vol2/Vectorfields/VectorField_D.uasset" 1697
"C:/Users/Murad/Documents/Unreal Projects/Peacekeeper_3D/Content/Realistic_Starter_VFX_Pack_Vol2/Vectorfields/VectorField_D.uexp" 1698
"C:/Users/Murad/Documents/Unreal Projects/Peacekeeper_3D/Content/Realistic_Starter_VFX_Pack_Vol2/Materials/M_Bubble.uasset" 1699
"C:/Users/Murad/Documents/Unreal Projects/Peacekeeper_3D/Content/Realistic_Starter_VFX_Pack_Vol2/Materials/M_Bubble.uexp" 1700
"C:/Users/Murad/Documents/Unreal Projects/Peacekeeper_3D/Content/Realistic_Starter_VFX_Pack_Vol2/Particles/Water/P_Bubbles_A.uasset" 1701
"C:/Users/Murad/Documents/Unreal Projects/Peacekeeper_3D/Content/Realistic_Starter_VFX_Pack_Vol2/Particles/Water/P_Bubbles_A.uexp" 1702
"C:/Users/Murad/Documents/Unreal Projects/Peacekeeper_3D/Content/Realistic_Starter_VFX_Pack_Vol2/Textures/T_Steam_A.uasset" 1703
"C:/Users/Murad/Documents/Unreal Projects/Peacekeeper_3D/Content/Realistic_Starter_VFX_Pack_Vol2/Textures/T_Steam_A.uexp" 1704
"C:/Users/Murad/Documents/Unreal Projects/Peacekeeper_3D/Content/Realistic_Starter_VFX_Pack_Vol2/Textures/T_Steam_A.ubulk" 1705
"C:/Users/Murad/Documents/Unreal Projects/Peacekeeper_3D/Content/Realistic_Starter_VFX_Pack_Vol2/Materials/M_Smoke_Ground_C.uasset" 1706
"C:/Users/Murad/Documents/Unreal Projects/Peacekeeper_3D/Content/Realistic_Starter_VFX_Pack_Vol2/Materials/M_Smoke_Ground_C.uexp" 1707
"C:/Users/Murad/Documents/Unreal Projects/Peacekeeper_3D/Content/Realistic_Starter_VFX_Pack_Vol2/Particles/Smoke/P_Steam_A.uasset" 1708
"C:/Users/Murad/Documents/Unreal Projects/Peacekeeper_3D/Content/Realistic_Starter_VFX_Pack_Vol2/Particles/Smoke/P_Steam_A.uexp" 1709
"C:/Users/Murad/Documents/Unreal Projects/Peacekeeper_3D/Content/Realistic_Starter_VFX_Pack_Vol2/Textures/T_Smoke_Puff_color.uasset" 1710
"C:/Users/Murad/Documents/Unreal Projects/Peacekeeper_3D/Content/Realistic_Starter_VFX_Pack_Vol2/Textures/T_Smoke_Puff_color.uexp" 1711
"C:/Users/Murad/Documents/Unreal Projects/Peacekeeper_3D/Content/Realistic_Starter_VFX_Pack_Vol2/Textures/T_Smoke_Puff_color.ubulk" 1712
"C:/Users/Murad/Documents/Unreal Projects/Peacekeeper_3D/Content/Realistic_Starter_VFX_Pack_Vol2/Materials/M_Smoke_Puff_A.uasset" 1713
"C:/Users/Murad/Documents/Unreal Projects/Peacekeeper_3D/Content/Realistic_Starter_VFX_Pack_Vol2/Materials/M_Smoke_Puff_A.uexp" 1714
"C:/Users/Murad/Documents/Unreal Projects/Peacekeeper_3D/Content/Realistic_Starter_VFX_Pack_Vol2/Textures/T_Smoke_A.uasset" 1715
"C:/Users/Murad/Documents/Unreal Projects/Peacekeeper_3D/Content/Realistic_Starter_VFX_Pack_Vol2/Textures/T_Smoke_A.uexp" 1716
"C:/Users/Murad/Documents/Unreal Projects/Peacekeeper_3D/Content/Realistic_Starter_VFX_Pack_Vol2/Textures/T_Smoke_A.ubulk" 1717
"C:/Users/Murad/Documents/Unreal Projects/Peacekeeper_3D/Content/Realistic_Starter_VFX_Pack_Vol2/Materials/M_Smoke_C.uasset" 1718
"C:/Users/Murad/Documents/Unreal Projects/Peacekeeper_3D/Content/Realistic_Starter_VFX_Pack_Vol2/Materials/M_Smoke_C.uexp" 1719
"C:/Users/Murad/Documents/Unreal Projects/Peacekeeper_3D/Content/Realistic_Starter_VFX_Pack_Vol2/Particles/Smoke/P_Smoke_F.uasset" 1720
"C:/Users/Murad/Documents/Unreal Projects/Peacekeeper_3D/Content/Realistic_Starter_VFX_Pack_Vol2/Particles/Smoke/P_Smoke_F.uexp" 1721
"C:/Users/Murad/Documents/Unreal Projects/Peacekeeper_3D/Content/Realistic_Starter_VFX_Pack_Vol2/Textures/T_Smoke_G.uasset" 1722
"C:/Users/Murad/Documents/Unreal Projects/Peacekeeper_3D/Content/Realistic_Starter_VFX_Pack_Vol2/Textures/T_Smoke_G.uexp" 1723
"C:/Users/Murad/Documents/Unreal Projects/Peacekeeper_3D/Content/Realistic_Starter_VFX_Pack_Vol2/Textures/T_Smoke_G.ubulk" 1724
"C:/Users/Murad/Documents/Unreal Projects/Peacekeeper_3D/Content/Realistic_Starter_VFX_Pack_Vol2/Materials/M_Smoke_Ground_B.uasset" 1725
"C:/Users/Murad/Documents/Unreal Projects/Peacekeeper_3D/Content/Realistic_Starter_VFX_Pack_Vol2/Materials/M_Smoke_Ground_B.uexp" 1726
"C:/Users/Murad/Documents/Unreal Projects/Peacekeeper_3D/Content/Realistic_Starter_VFX_Pack_Vol2/Particles/Smoke/P_Smoke_D.uasset" 1727
"C:/Users/Murad/Documents/Unreal Projects/Peacekeeper_3D/Content/Realistic_Starter_VFX_Pack_Vol2/Particles/Smoke/P_Smoke_D.uexp" 1728
"C:/Users/Murad/Documents/Unreal Projects/Peacekeeper_3D/Content/Realistic_Starter_VFX_Pack_Vol2/Particles/Smoke/P_Smoke_C.uasset" 1729
"C:/Users/Murad/Documents/Unreal Projects/Peacekeeper_3D/Content/Realistic_Starter_VFX_Pack_Vol2/Particles/Smoke/P_Smoke_C.uexp" 1730
"C:/Users/Murad/Documents/Unreal Projects/Peacekeeper_3D/Content/Realistic_Starter_VFX_Pack_Vol2/Textures/T_Epxlosion_B_packed.uasset" 1731
"C:/Users/Murad/Documents/Unreal Projects/Peacekeeper_3D/Content/Realistic_Starter_VFX_Pack_Vol2/Textures/T_Epxlosion_B_packed.uexp" 1732
"C:/Users/Murad/Documents/Unreal Projects/Peacekeeper_3D/Content/Realistic_Starter_VFX_Pack_Vol2/Textures/T_Epxlosion_B_packed.ubulk" 1733
"C:/Users/Murad/Documents/Unreal Projects/Peacekeeper_3D/Content/Realistic_Starter_VFX_Pack_Vol2/Textures/T_Epxlosion_B_color.uasset" 1734
"C:/Users/Murad/Documents/Unreal Projects/Peacekeeper_3D/Content/Realistic_Starter_VFX_Pack_Vol2/Textures/T_Epxlosion_B_color.uexp" 1735
"C:/Users/Murad/Documents/Unreal Projects/Peacekeeper_3D/Content/Realistic_Starter_VFX_Pack_Vol2/Textures/T_Epxlosion_B_color.ubulk" 1736
"C:/Users/Murad/Documents/Unreal Projects/Peacekeeper_3D/Content/Realistic_Starter_VFX_Pack_Vol2/Materials/M_Explosion_B.uasset" 1737
"C:/Users/Murad/Documents/Unreal Projects/Peacekeeper_3D/Content/Realistic_Starter_VFX_Pack_Vol2/Materials/M_Explosion_B.uexp" 1738
"C:/Users/Murad/Documents/Unreal Projects/Peacekeeper_3D/Content/Realistic_Starter_VFX_Pack_Vol2/Particles/Smoke/P_Smoke_B.uasset" 1739
"C:/Users/Murad/Documents/Unreal Projects/Peacekeeper_3D/Content/Realistic_Starter_VFX_Pack_Vol2/Particles/Smoke/P_Smoke_B.uexp" 1740
"C:/Users/Murad/Documents/Unreal Projects/Peacekeeper_3D/Content/Realistic_Starter_VFX_Pack_Vol2/Particles/Smoke/P_Smoke_A.uasset" 1741
"C:/Users/Murad/Documents/Unreal Projects/Peacekeeper_3D/Content/Realistic_Starter_VFX_Pack_Vol2/Particles/Smoke/P_Smoke_A.uexp" 1742
"C:/Users/Murad/Documents/Unreal Projects/Peacekeeper_3D/Content/Realistic_Starter_VFX_Pack_Vol2/Textures/T_Leaves.uasset" 1743
"C:/Users/Murad/Documents/Unreal Projects/Peacekeeper_3D/Content/Realistic_Starter_VFX_Pack_Vol2/Textures/T_Leaves.uexp" 1744
"C:/Users/Murad/Documents/Unreal Projects/Peacekeeper_3D/Content/Realistic_Starter_VFX_Pack_Vol2/Textures/T_Leaves.ubulk" 1745
"../../../Engine/Content/Functions/Engine_MaterialFunctions01/WorldPositionOffset/SimpleGrassWind.uasset" 1746
"../../../Engine/Content/Functions/Engine_MaterialFunctions01/WorldPositionOffset/SimpleGrassWind.uexp" 1747
"C:/Users/Murad/Documents/Unreal Projects/Peacekeeper_3D/Content/Realistic_Starter_VFX_Pack_Vol2/Materials/M_Leaves_A.uasset" 1748
"C:/Users/Murad/Documents/Unreal Projects/Peacekeeper_3D/Content/Realistic_Starter_VFX_Pack_Vol2/Materials/M_Leaves_A.uexp" 1749
"C:/Users/Murad/Documents/Unreal Projects/Peacekeeper_3D/Content/Realistic_Starter_VFX_Pack_Vol2/Particles/Hit/P_Vegetation.uasset" 1750
"C:/Users/Murad/Documents/Unreal Projects/Peacekeeper_3D/Content/Realistic_Starter_VFX_Pack_Vol2/Particles/Hit/P_Vegetation.uexp" 1751
"C:/Users/Murad/Documents/Unreal Projects/Peacekeeper_3D/Content/Realistic_Starter_VFX_Pack_Vol2/Textures/T_Spark_A.uasset" 1752
"C:/Users/Murad/Documents/Unreal Projects/Peacekeeper_3D/Content/Realistic_Starter_VFX_Pack_Vol2/Textures/T_Spark_A.uexp" 1753
"C:/Users/Murad/Documents/Unreal Projects/Peacekeeper_3D/Content/Realistic_Starter_VFX_Pack_Vol2/Materials/M_spark_C.uasset" 1754
"C:/Users/Murad/Documents/Unreal Projects/Peacekeeper_3D/Content/Realistic_Starter_VFX_Pack_Vol2/Materials/M_spark_C.uexp" 1755
"C:/Users/Murad/Documents/Unreal Projects/Peacekeeper_3D/Content/Realistic_Starter_VFX_Pack_Vol2/Particles/Hit/P_Rubber.uasset" 1756
"C:/Users/Murad/Documents/Unreal Projects/Peacekeeper_3D/Content/Realistic_Starter_VFX_Pack_Vol2/Particles/Hit/P_Rubber.uexp" 1757
"C:/Users/Murad/Documents/Unreal Projects/Peacekeeper_3D/Content/Realistic_Starter_VFX_Pack_Vol2/Textures/T_Paper.uasset" 1758
"C:/Users/Murad/Documents/Unreal Projects/Peacekeeper_3D/Content/Realistic_Starter_VFX_Pack_Vol2/Textures/T_Paper.uexp" 1759
"C:/Users/Murad/Documents/Unreal Projects/Peacekeeper_3D/Content/Realistic_Starter_VFX_Pack_Vol2/Textures/T_Paper.ubulk" 1760
"C:/Users/Murad/Documents/Unreal Projects/Peacekeeper_3D/Content/Realistic_Starter_VFX_Pack_Vol2/Materials/M_Paper.uasset" 1761
"C:/Users/Murad/Documents/Unreal Projects/Peacekeeper_3D/Content/Realistic_Starter_VFX_Pack_Vol2/Materials/M_Paper.uexp" 1762
"C:/Users/Murad/Documents/Unreal Projects/Peacekeeper_3D/Content/Realistic_Starter_VFX_Pack_Vol2/Textures/T_Dirt_B.uasset" 1763
"C:/Users/Murad/Documents/Unreal Projects/Peacekeeper_3D/Content/Realistic_Starter_VFX_Pack_Vol2/Textures/T_Dirt_B.uexp" 1764
"C:/Users/Murad/Documents/Unreal Projects/Peacekeeper_3D/Content/Realistic_Starter_VFX_Pack_Vol2/Textures/T_Dirt_B.ubulk" 1765
"C:/Users/Murad/Documents/Unreal Projects/Peacekeeper_3D/Content/Realistic_Starter_VFX_Pack_Vol2/Materials/M_Impact_A.uasset" 1766
"C:/Users/Murad/Documents/Unreal Projects/Peacekeeper_3D/Content/Realistic_Starter_VFX_Pack_Vol2/Materials/M_Impact_A.uexp" 1767
"C:/Users/Murad/Documents/Unreal Projects/Peacekeeper_3D/Content/Realistic_Starter_VFX_Pack_Vol2/Particles/Hit/P_Paper.uasset" 1768
"C:/Users/Murad/Documents/Unreal Projects/Peacekeeper_3D/Content/Realistic_Starter_VFX_Pack_Vol2/Particles/Hit/P_Paper.uexp" 1769
"C:/Users/Murad/Documents/Unreal Projects/Peacekeeper_3D/Content/Realistic_Starter_VFX_Pack_Vol2/Particles/Hit/P_Leather.uasset" 1770
"C:/Users/Murad/Documents/Unreal Projects/Peacekeeper_3D/Content/Realistic_Starter_VFX_Pack_Vol2/Particles/Hit/P_Leather.uexp" 1771
"C:/Users/Murad/Documents/Unreal Projects/Peacekeeper_3D/Content/Realistic_Starter_VFX_Pack_Vol2/Textures/T_Glass.uasset" 1772
"C:/Users/Murad/Documents/Unreal Projects/Peacekeeper_3D/Content/Realistic_Starter_VFX_Pack_Vol2/Textures/T_Glass.uexp" 1773
"C:/Users/Murad/Documents/Unreal Projects/Peacekeeper_3D/Content/Realistic_Starter_VFX_Pack_Vol2/Textures/T_Glass.ubulk" 1774
"C:/Users/Murad/Documents/Unreal Projects/Peacekeeper_3D/Content/Realistic_Starter_VFX_Pack_Vol2/Materials/M_Glass.uasset" 1775
"C:/Users/Murad/Documents/Unreal Projects/Peacekeeper_3D/Content/Realistic_Starter_VFX_Pack_Vol2/Materials/M_Glass.uexp" 1776
"C:/Users/Murad/Documents/Unreal Projects/Peacekeeper_3D/Content/Realistic_Starter_VFX_Pack_Vol2/Particles/Hit/P_Ice.uasset" 1777
"C:/Users/Murad/Documents/Unreal Projects/Peacekeeper_3D/Content/Realistic_Starter_VFX_Pack_Vol2/Particles/Hit/P_Ice.uexp" 1778
"C:/Users/Murad/Documents/Unreal Projects/Peacekeeper_3D/Content/Realistic_Starter_VFX_Pack_Vol2/Particles/Hit/P_Default.uasset" 1779
"C:/Users/Murad/Documents/Unreal Projects/Peacekeeper_3D/Content/Realistic_Starter_VFX_Pack_Vol2/Particles/Hit/P_Default.uexp" 1780
"C:/Users/Murad/Documents/Unreal Projects/Peacekeeper_3D/Content/Realistic_Starter_VFX_Pack_Vol2/Materials/M_Derbis.uasset" 1781
"C:/Users/Murad/Documents/Unreal Projects/Peacekeeper_3D/Content/Realistic_Starter_VFX_Pack_Vol2/Materials/M_Derbis.uexp" 1782
"C:/Users/Murad/Documents/Unreal Projects/Peacekeeper_3D/Content/Realistic_Starter_VFX_Pack_Vol2/Mesh/SM_Derbis_B.uasset" 1783
"C:/Users/Murad/Documents/Unreal Projects/Peacekeeper_3D/Content/Realistic_Starter_VFX_Pack_Vol2/Mesh/SM_Derbis_B.uexp" 1784
"C:/Users/Murad/Documents/Unreal Projects/Peacekeeper_3D/Content/Realistic_Starter_VFX_Pack_Vol2/Particles/Hit/P_Concrete.uasset" 1785
"C:/Users/Murad/Documents/Unreal Projects/Peacekeeper_3D/Content/Realistic_Starter_VFX_Pack_Vol2/Particles/Hit/P_Concrete.uexp" 1786
"C:/Users/Murad/Documents/Unreal Projects/Peacekeeper_3D/Content/Realistic_Starter_VFX_Pack_Vol2/Particles/Hit/P_Ceramic.uasset" 1787
"C:/Users/Murad/Documents/Unreal Projects/Peacekeeper_3D/Content/Realistic_Starter_VFX_Pack_Vol2/Particles/Hit/P_Ceramic.uexp" 1788
"C:/Users/Murad/Documents/Unreal Projects/Peacekeeper_3D/Content/Realistic_Starter_VFX_Pack_Vol2/Mesh/SM_Derbis_C.uasset" 1789
"C:/Users/Murad/Documents/Unreal Projects/Peacekeeper_3D/Content/Realistic_Starter_VFX_Pack_Vol2/Mesh/SM_Derbis_C.uexp" 1790
"C:/Users/Murad/Documents/Unreal Projects/Peacekeeper_3D/Content/Realistic_Starter_VFX_Pack_Vol2/Particles/Hit/P_Brick.uasset" 1791
"C:/Users/Murad/Documents/Unreal Projects/Peacekeeper_3D/Content/Realistic_Starter_VFX_Pack_Vol2/Particles/Hit/P_Brick.uexp" 1792
"C:/Users/Murad/Documents/Unreal Projects/Peacekeeper_3D/Content/Realistic_Starter_VFX_Pack_Vol2/Mesh/SM_Derbis_A.uasset" 1793
"C:/Users/Murad/Documents/Unreal Projects/Peacekeeper_3D/Content/Realistic_Starter_VFX_Pack_Vol2/Mesh/SM_Derbis_A.uexp" 1794
"C:/Users/Murad/Documents/Unreal Projects/Peacekeeper_3D/Content/Realistic_Starter_VFX_Pack_Vol2/Particles/Hit/P_Asphalt.uasset" 1795
"C:/Users/Murad/Documents/Unreal Projects/Peacekeeper_3D/Content/Realistic_Starter_VFX_Pack_Vol2/Particles/Hit/P_Asphalt.uexp" 1796
"C:/Users/Murad/Documents/Unreal Projects/Peacekeeper_3D/Content/Realistic_Starter_VFX_Pack_Vol2/Materials/M_Spark_A.uasset" 1797
"C:/Users/Murad/Documents/Unreal Projects/Peacekeeper_3D/Content/Realistic_Starter_VFX_Pack_Vol2/Materials/M_Spark_A.uexp" 1798
"C:/Users/Murad/Documents/Unreal Projects/Peacekeeper_3D/Content/Realistic_Starter_VFX_Pack_Vol2/Materials/M_Heat_Distortion.uasset" 1799
"C:/Users/Murad/Documents/Unreal Projects/Peacekeeper_3D/Content/Realistic_Starter_VFX_Pack_Vol2/Materials/M_Heat_Distortion.uexp" 1800
"C:/Users/Murad/Documents/Unreal Projects/Peacekeeper_3D/Content/Realistic_Starter_VFX_Pack_Vol2/Textures/T_Fire_F.uasset" 1801
"C:/Users/Murad/Documents/Unreal Projects/Peacekeeper_3D/Content/Realistic_Starter_VFX_Pack_Vol2/Textures/T_Fire_F.uexp" 1802
"C:/Users/Murad/Documents/Unreal Projects/Peacekeeper_3D/Content/Realistic_Starter_VFX_Pack_Vol2/Textures/T_Fire_F.ubulk" 1803
"C:/Users/Murad/Documents/Unreal Projects/Peacekeeper_3D/Content/Realistic_Starter_VFX_Pack_Vol2/Textures/T_Fire_B.uasset" 1804
"C:/Users/Murad/Documents/Unreal Projects/Peacekeeper_3D/Content/Realistic_Starter_VFX_Pack_Vol2/Textures/T_Fire_B.uexp" 1805
"C:/Users/Murad/Documents/Unreal Projects/Peacekeeper_3D/Content/Realistic_Starter_VFX_Pack_Vol2/Textures/T_Fire_B.ubulk" 1806
"C:/Users/Murad/Documents/Unreal Projects/Peacekeeper_3D/Content/Realistic_Starter_VFX_Pack_Vol2/Materials/M_Fire_C.uasset" 1807
"C:/Users/Murad/Documents/Unreal Projects/Peacekeeper_3D/Content/Realistic_Starter_VFX_Pack_Vol2/Materials/M_Fire_C.uexp" 1808
"C:/Users/Murad/Documents/Unreal Projects/Peacekeeper_3D/Content/Realistic_Starter_VFX_Pack_Vol2/Vectorfields/VectorField_B.uasset" 1809
"C:/Users/Murad/Documents/Unreal Projects/Peacekeeper_3D/Content/Realistic_Starter_VFX_Pack_Vol2/Vectorfields/VectorField_B.uexp" 1810
"C:/Users/Murad/Documents/Unreal Projects/Peacekeeper_3D/Content/Realistic_Starter_VFX_Pack_Vol2/Particles/Fire/P_flamethrower.uasset" 1811
"C:/Users/Murad/Documents/Unreal Projects/Peacekeeper_3D/Content/Realistic_Starter_VFX_Pack_Vol2/Particles/Fire/P_flamethrower.uexp" 1812
"C:/Users/Murad/Documents/Unreal Projects/Peacekeeper_3D/Content/Realistic_Starter_VFX_Pack_Vol2/Particles/Fire/P_Fire_Wall.uasset" 1813
"C:/Users/Murad/Documents/Unreal Projects/Peacekeeper_3D/Content/Realistic_Starter_VFX_Pack_Vol2/Particles/Fire/P_Fire_Wall.uexp" 1814
"C:/Users/Murad/Documents/Unreal Projects/Peacekeeper_3D/Content/Realistic_Starter_VFX_Pack_Vol2/Textures/T_Fire_D.uasset" 1815
"C:/Users/Murad/Documents/Unreal Projects/Peacekeeper_3D/Content/Realistic_Starter_VFX_Pack_Vol2/Textures/T_Fire_D.uexp" 1816
"C:/Users/Murad/Documents/Unreal Projects/Peacekeeper_3D/Content/Realistic_Starter_VFX_Pack_Vol2/Textures/T_Fire_D.ubulk" 1817
"C:/Users/Murad/Documents/Unreal Projects/Peacekeeper_3D/Content/Realistic_Starter_VFX_Pack_Vol2/Materials/M_Fire_B.uasset" 1818
"C:/Users/Murad/Documents/Unreal Projects/Peacekeeper_3D/Content/Realistic_Starter_VFX_Pack_Vol2/Materials/M_Fire_B.uexp" 1819
"C:/Users/Murad/Documents/Unreal Projects/Peacekeeper_3D/Content/Realistic_Starter_VFX_Pack_Vol2/Particles/Fire/P_Fire_Small.uasset" 1820
"C:/Users/Murad/Documents/Unreal Projects/Peacekeeper_3D/Content/Realistic_Starter_VFX_Pack_Vol2/Particles/Fire/P_Fire_Small.uexp" 1821
"C:/Users/Murad/Documents/Unreal Projects/Peacekeeper_3D/Content/Realistic_Starter_VFX_Pack_Vol2/Particles/Fire/P_Fire_Big.uasset" 1822
"C:/Users/Murad/Documents/Unreal Projects/Peacekeeper_3D/Content/Realistic_Starter_VFX_Pack_Vol2/Particles/Fire/P_Fire_Big.uexp" 1823
"C:/Users/Murad/Documents/Unreal Projects/Peacekeeper_3D/Content/Realistic_Starter_VFX_Pack_Vol2/Textures/T_Flare_D.uasset" 1824
"C:/Users/Murad/Documents/Unreal Projects/Peacekeeper_3D/Content/Realistic_Starter_VFX_Pack_Vol2/Textures/T_Flare_D.uexp" 1825
"C:/Users/Murad/Documents/Unreal Projects/Peacekeeper_3D/Content/Realistic_Starter_VFX_Pack_Vol2/Textures/T_Flare_D.ubulk" 1826
"C:/Users/Murad/Documents/Unreal Projects/Peacekeeper_3D/Content/Realistic_Starter_VFX_Pack_Vol2/Materials/M_Glow_D.uasset" 1827
"C:/Users/Murad/Documents/Unreal Projects/Peacekeeper_3D/Content/Realistic_Starter_VFX_Pack_Vol2/Materials/M_Glow_D.uexp" 1828
"C:/Users/Murad/Documents/Unreal Projects/Peacekeeper_3D/Content/Realistic_Starter_VFX_Pack_Vol2/Textures/T_Fire_A.uasset" 1829
"C:/Users/Murad/Documents/Unreal Projects/Peacekeeper_3D/Content/Realistic_Starter_VFX_Pack_Vol2/Textures/T_Fire_A.uexp" 1830
"C:/Users/Murad/Documents/Unreal Projects/Peacekeeper_3D/Content/Realistic_Starter_VFX_Pack_Vol2/Textures/T_Fire_A.ubulk" 1831
"C:/Users/Murad/Documents/Unreal Projects/Peacekeeper_3D/Content/Realistic_Starter_VFX_Pack_Vol2/Materials/M_Fire_Splat.uasset" 1832
"C:/Users/Murad/Documents/Unreal Projects/Peacekeeper_3D/Content/Realistic_Starter_VFX_Pack_Vol2/Materials/M_Fire_Splat.uexp" 1833
"C:/Users/Murad/Documents/Unreal Projects/Peacekeeper_3D/Content/Realistic_Starter_VFX_Pack_Vol2/Particles/Explosion/P_Molotov.uasset" 1834
"C:/Users/Murad/Documents/Unreal Projects/Peacekeeper_3D/Content/Realistic_Starter_VFX_Pack_Vol2/Particles/Explosion/P_Molotov.uexp" 1835
"C:/Users/Murad/Documents/Unreal Projects/Peacekeeper_3D/Content/Realistic_Starter_VFX_Pack_Vol2/Materials/M_Glow_B.uasset" 1836
"C:/Users/Murad/Documents/Unreal Projects/Peacekeeper_3D/Content/Realistic_Starter_VFX_Pack_Vol2/Materials/M_Glow_B.uexp" 1837
"C:/Users/Murad/Documents/Unreal Projects/Peacekeeper_3D/Content/Realistic_Starter_VFX_Pack_Vol2/Particles/Explosion/P_Explosion_Smoke.uasset" 1838
"C:/Users/Murad/Documents/Unreal Projects/Peacekeeper_3D/Content/Realistic_Starter_VFX_Pack_Vol2/Particles/Explosion/P_Explosion_Smoke.uexp" 1839
"C:/Users/Murad/Documents/Unreal Projects/Peacekeeper_3D/Content/Realistic_Starter_VFX_Pack_Vol2/Textures/T_Epxlosion_G.uasset" 1840
"C:/Users/Murad/Documents/Unreal Projects/Peacekeeper_3D/Content/Realistic_Starter_VFX_Pack_Vol2/Textures/T_Epxlosion_G.uexp" 1841
"C:/Users/Murad/Documents/Unreal Projects/Peacekeeper_3D/Content/Realistic_Starter_VFX_Pack_Vol2/Textures/T_Epxlosion_G.ubulk" 1842
"C:/Users/Murad/Documents/Unreal Projects/Peacekeeper_3D/Content/Realistic_Starter_VFX_Pack_Vol2/Materials/M_Explosion_G.uasset" 1843
"C:/Users/Murad/Documents/Unreal Projects/Peacekeeper_3D/Content/Realistic_Starter_VFX_Pack_Vol2/Materials/M_Explosion_G.uexp" 1844
"C:/Users/Murad/Documents/Unreal Projects/Peacekeeper_3D/Content/Realistic_Starter_VFX_Pack_Vol2/Textures/T_Explosion_E.uasset" 1845
"C:/Users/Murad/Documents/Unreal Projects/Peacekeeper_3D/Content/Realistic_Starter_VFX_Pack_Vol2/Textures/T_Explosion_E.uexp" 1846
"C:/Users/Murad/Documents/Unreal Projects/Peacekeeper_3D/Content/Realistic_Starter_VFX_Pack_Vol2/Textures/T_Explosion_E.ubulk" 1847
"C:/Users/Murad/Documents/Unreal Projects/Peacekeeper_3D/Content/Realistic_Starter_VFX_Pack_Vol2/Materials/M_Explosion_E.uasset" 1848
"C:/Users/Murad/Documents/Unreal Projects/Peacekeeper_3D/Content/Realistic_Starter_VFX_Pack_Vol2/Materials/M_Explosion_E.uexp" 1849
"C:/Users/Murad/Documents/Unreal Projects/Peacekeeper_3D/Content/Realistic_Starter_VFX_Pack_Vol2/Particles/Explosion/P_Explosion_Big_C.uasset" 1850
"C:/Users/Murad/Documents/Unreal Projects/Peacekeeper_3D/Content/Realistic_Starter_VFX_Pack_Vol2/Particles/Explosion/P_Explosion_Big_C.uexp" 1851
"C:/Users/Murad/Documents/Unreal Projects/Peacekeeper_3D/Content/Realistic_Starter_VFX_Pack_Vol2/Textures/T_Impact.uasset" 1852
"C:/Users/Murad/Documents/Unreal Projects/Peacekeeper_3D/Content/Realistic_Starter_VFX_Pack_Vol2/Textures/T_Impact.uexp" 1853
"C:/Users/Murad/Documents/Unreal Projects/Peacekeeper_3D/Content/Realistic_Starter_VFX_Pack_Vol2/Textures/T_Impact.ubulk" 1854
"C:/Users/Murad/Documents/Unreal Projects/Peacekeeper_3D/Content/Realistic_Starter_VFX_Pack_Vol2/Materials/M_Impact_C.uasset" 1855
"C:/Users/Murad/Documents/Unreal Projects/Peacekeeper_3D/Content/Realistic_Starter_VFX_Pack_Vol2/Materials/M_Impact_C.uexp" 1856
"C:/Users/Murad/Documents/Unreal Projects/Peacekeeper_3D/Content/Realistic_Starter_VFX_Pack_Vol2/Textures/T_Epxlosion_F.uasset" 1857
"C:/Users/Murad/Documents/Unreal Projects/Peacekeeper_3D/Content/Realistic_Starter_VFX_Pack_Vol2/Textures/T_Epxlosion_F.uexp" 1858
"C:/Users/Murad/Documents/Unreal Projects/Peacekeeper_3D/Content/Realistic_Starter_VFX_Pack_Vol2/Textures/T_Epxlosion_F.ubulk" 1859
"C:/Users/Murad/Documents/Unreal Projects/Peacekeeper_3D/Content/Realistic_Starter_VFX_Pack_Vol2/Materials/M_Explosion_D.uasset" 1860
"C:/Users/Murad/Documents/Unreal Projects/Peacekeeper_3D/Content/Realistic_Starter_VFX_Pack_Vol2/Materials/M_Explosion_D.uexp" 1861
"C:/Users/Murad/Documents/Unreal Projects/Peacekeeper_3D/Content/Realistic_Starter_VFX_Pack_Vol2/Particles/Explosion/P_Explosion_Big_B.uasset" 1862
"C:/Users/Murad/Documents/Unreal Projects/Peacekeeper_3D/Content/Realistic_Starter_VFX_Pack_Vol2/Particles/Explosion/P_Explosion_Big_B.uexp" 1863
"C:/Users/Murad/Documents/Unreal Projects/Peacekeeper_3D/Content/Realistic_Starter_VFX_Pack_Vol2/Particles/Explosion/P_Explosion_Big_A.uasset" 1864
"C:/Users/Murad/Documents/Unreal Projects/Peacekeeper_3D/Content/Realistic_Starter_VFX_Pack_Vol2/Particles/Explosion/P_Explosion_Big_A.uexp" 1865
"C:/Users/Murad/Documents/Unreal Projects/Peacekeeper_3D/Content/Realistic_Starter_VFX_Pack_Vol2/Vectorfields/VectorField_C.uasset" 1866
"C:/Users/Murad/Documents/Unreal Projects/Peacekeeper_3D/Content/Realistic_Starter_VFX_Pack_Vol2/Vectorfields/VectorField_C.uexp" 1867
"C:/Users/Murad/Documents/Unreal Projects/Peacekeeper_3D/Content/Realistic_Starter_VFX_Pack_Vol2/Particles/Environment/P_Leaves_Vortex.uasset" 1868
"C:/Users/Murad/Documents/Unreal Projects/Peacekeeper_3D/Content/Realistic_Starter_VFX_Pack_Vol2/Particles/Environment/P_Leaves_Vortex.uexp" 1869
"C:/Users/Murad/Documents/Unreal Projects/Peacekeeper_3D/Content/Realistic_Starter_VFX_Pack_Vol2/Textures/T_Fish_NM.uasset" 1870
"C:/Users/Murad/Documents/Unreal Projects/Peacekeeper_3D/Content/Realistic_Starter_VFX_Pack_Vol2/Textures/T_Fish_NM.uexp" 1871
"C:/Users/Murad/Documents/Unreal Projects/Peacekeeper_3D/Content/Realistic_Starter_VFX_Pack_Vol2/Textures/T_Fish_NM.ubulk" 1872
"C:/Users/Murad/Documents/Unreal Projects/Peacekeeper_3D/Content/Realistic_Starter_VFX_Pack_Vol2/Textures/T_Fish.uasset" 1873
"C:/Users/Murad/Documents/Unreal Projects/Peacekeeper_3D/Content/Realistic_Starter_VFX_Pack_Vol2/Textures/T_Fish.uexp" 1874
"C:/Users/Murad/Documents/Unreal Projects/Peacekeeper_3D/Content/Realistic_Starter_VFX_Pack_Vol2/Textures/T_Fish.ubulk" 1875
"../../../Engine/Content/Functions/Engine_MaterialFunctions02/WorldPositionOffset/ObjectPivotPoint.uasset" 1876
"../../../Engine/Content/Functions/Engine_MaterialFunctions02/WorldPositionOffset/ObjectPivotPoint.uexp" 1877
"../../../Engine/Content/Functions/Engine_MaterialFunctions02/WorldPositionOffset/RotateAboutWorldAxis_cheap.uasset" 1878
"../../../Engine/Content/Functions/Engine_MaterialFunctions02/WorldPositionOffset/RotateAboutWorldAxis_cheap.uexp" 1879
"C:/Users/Murad/Documents/Unreal Projects/Peacekeeper_3D/Content/Realistic_Starter_VFX_Pack_Vol2/Materials/M_Fish_A.uasset" 1880
"C:/Users/Murad/Documents/Unreal Projects/Peacekeeper_3D/Content/Realistic_Starter_VFX_Pack_Vol2/Materials/M_Fish_A.uexp" 1881
"C:/Users/Murad/Documents/Unreal Projects/Peacekeeper_3D/Content/Realistic_Starter_VFX_Pack_Vol2/Particles/Environment/P_Fish_B.uasset" 1882
"C:/Users/Murad/Documents/Unreal Projects/Peacekeeper_3D/Content/Realistic_Starter_VFX_Pack_Vol2/Particles/Environment/P_Fish_B.uexp" 1883
"C:/Users/Murad/Documents/Unreal Projects/Peacekeeper_3D/Content/Realistic_Starter_VFX_Pack_Vol2/Particles/Environment/P_Fish_A.uasset" 1884
"C:/Users/Murad/Documents/Unreal Projects/Peacekeeper_3D/Content/Realistic_Starter_VFX_Pack_Vol2/Particles/Environment/P_Fish_A.uexp" 1885
"C:/Users/Murad/Documents/Unreal Projects/Peacekeeper_3D/Content/Realistic_Starter_VFX_Pack_Vol2/Textures/T_Dandelion.uasset" 1886
"C:/Users/Murad/Documents/Unreal Projects/Peacekeeper_3D/Content/Realistic_Starter_VFX_Pack_Vol2/Textures/T_Dandelion.uexp" 1887
"C:/Users/Murad/Documents/Unreal Projects/Peacekeeper_3D/Content/Realistic_Starter_VFX_Pack_Vol2/Textures/T_Dandelion.ubulk" 1888
"C:/Users/Murad/Documents/Unreal Projects/Peacekeeper_3D/Content/Realistic_Starter_VFX_Pack_Vol2/Materials/M_Dandelion.uasset" 1889
"C:/Users/Murad/Documents/Unreal Projects/Peacekeeper_3D/Content/Realistic_Starter_VFX_Pack_Vol2/Materials/M_Dandelion.uexp" 1890
"C:/Users/Murad/Documents/Unreal Projects/Peacekeeper_3D/Content/Realistic_Starter_VFX_Pack_Vol2/Particles/Environment/P_Dandelion.uasset" 1891
"C:/Users/Murad/Documents/Unreal Projects/Peacekeeper_3D/Content/Realistic_Starter_VFX_Pack_Vol2/Particles/Environment/P_Dandelion.uexp" 1892
"C:/Users/Murad/Documents/Unreal Projects/Peacekeeper_3D/Content/Realistic_Starter_VFX_Pack_Vol2/Textures/T_Butterfly.uasset" 1893
"C:/Users/Murad/Documents/Unreal Projects/Peacekeeper_3D/Content/Realistic_Starter_VFX_Pack_Vol2/Textures/T_Butterfly.uexp" 1894
"C:/Users/Murad/Documents/Unreal Projects/Peacekeeper_3D/Content/Realistic_Starter_VFX_Pack_Vol2/Textures/T_Butterfly.ubulk" 1895
"C:/Users/Murad/Documents/Unreal Projects/Peacekeeper_3D/Content/Realistic_Starter_VFX_Pack_Vol2/Materials/M_Butterfly.uasset" 1896
"C:/Users/Murad/Documents/Unreal Projects/Peacekeeper_3D/Content/Realistic_Starter_VFX_Pack_Vol2/Materials/M_Butterfly.uexp" 1897
"C:/Users/Murad/Documents/Unreal Projects/Peacekeeper_3D/Content/Realistic_Starter_VFX_Pack_Vol2/Particles/Environment/P_Butterfly.uasset" 1898
"C:/Users/Murad/Documents/Unreal Projects/Peacekeeper_3D/Content/Realistic_Starter_VFX_Pack_Vol2/Particles/Environment/P_Butterfly.uexp" 1899
"C:/Users/Murad/Documents/Unreal Projects/Peacekeeper_3D/Content/Realistic_Starter_VFX_Pack_Vol2/Particles/Destruction/P_Destruction_Wood.uasset" 1900
"C:/Users/Murad/Documents/Unreal Projects/Peacekeeper_3D/Content/Realistic_Starter_VFX_Pack_Vol2/Particles/Destruction/P_Destruction_Wood.uexp" 1901
"C:/Users/Murad/Documents/Unreal Projects/Peacekeeper_3D/Content/Realistic_Starter_VFX_Pack_Vol2/Particles/Destruction/P_Destruction_Metal.uasset" 1902
"C:/Users/Murad/Documents/Unreal Projects/Peacekeeper_3D/Content/Realistic_Starter_VFX_Pack_Vol2/Particles/Destruction/P_Destruction_Metal.uexp" 1903
"C:/Users/Murad/Documents/Unreal Projects/Peacekeeper_3D/Content/Realistic_Starter_VFX_Pack_Vol2/Particles/Destruction/P_Destruction_Glass.uasset" 1904
"C:/Users/Murad/Documents/Unreal Projects/Peacekeeper_3D/Content/Realistic_Starter_VFX_Pack_Vol2/Particles/Destruction/P_Destruction_Glass.uexp" 1905
"C:/Users/Murad/Documents/Unreal Projects/Peacekeeper_3D/Content/Realistic_Starter_VFX_Pack_Vol2/Textures/T_Lightning_A.uasset" 1906
"C:/Users/Murad/Documents/Unreal Projects/Peacekeeper_3D/Content/Realistic_Starter_VFX_Pack_Vol2/Textures/T_Lightning_A.uexp" 1907
"C:/Users/Murad/Documents/Unreal Projects/Peacekeeper_3D/Content/Realistic_Starter_VFX_Pack_Vol2/Textures/T_Lightning_A.ubulk" 1908
"C:/Users/Murad/Documents/Unreal Projects/Peacekeeper_3D/Content/Realistic_Starter_VFX_Pack_Vol2/Materials/M_Lightning_small.uasset" 1909
"C:/Users/Murad/Documents/Unreal Projects/Peacekeeper_3D/Content/Realistic_Starter_VFX_Pack_Vol2/Materials/M_Lightning_small.uexp" 1910
"C:/Users/Murad/Documents/Unreal Projects/Peacekeeper_3D/Content/Realistic_Starter_VFX_Pack_Vol2/Particles/Destruction/P_Destruction_Electric.uasset" 1911
"C:/Users/Murad/Documents/Unreal Projects/Peacekeeper_3D/Content/Realistic_Starter_VFX_Pack_Vol2/Particles/Destruction/P_Destruction_Electric.uexp" 1912
"C:/Users/Murad/Documents/Unreal Projects/Peacekeeper_3D/Content/Realistic_Starter_VFX_Pack_Vol2/Particles/Destruction/P_Destruction_Concrete.uasset" 1913
"C:/Users/Murad/Documents/Unreal Projects/Peacekeeper_3D/Content/Realistic_Starter_VFX_Pack_Vol2/Particles/Destruction/P_Destruction_Concrete.uexp" 1914
"C:/Users/Murad/Documents/Unreal Projects/Peacekeeper_3D/Content/Realistic_Starter_VFX_Pack_Vol2/Particles/Destruction/P_Destruction_Ceramic.uasset" 1915
"C:/Users/Murad/Documents/Unreal Projects/Peacekeeper_3D/Content/Realistic_Starter_VFX_Pack_Vol2/Particles/Destruction/P_Destruction_Ceramic.uexp" 1916
"C:/Users/Murad/Documents/Unreal Projects/Peacekeeper_3D/Content/Realistic_Starter_VFX_Pack_Vol2/Particles/Destruction/P_Destruction_Building_B.uasset" 1917
"C:/Users/Murad/Documents/Unreal Projects/Peacekeeper_3D/Content/Realistic_Starter_VFX_Pack_Vol2/Particles/Destruction/P_Destruction_Building_B.uexp" 1918
"C:/Users/Murad/Documents/Unreal Projects/Peacekeeper_3D/Content/Realistic_Starter_VFX_Pack_Vol2/Materials/M_Glow_A.uasset" 1919
"C:/Users/Murad/Documents/Unreal Projects/Peacekeeper_3D/Content/Realistic_Starter_VFX_Pack_Vol2/Materials/M_Glow_A.uexp" 1920
"C:/Users/Murad/Documents/Unreal Projects/Peacekeeper_3D/Content/Realistic_Starter_VFX_Pack_Vol2/Particles/Destruction/P_Destruction_Building_A.uasset" 1921
"C:/Users/Murad/Documents/Unreal Projects/Peacekeeper_3D/Content/Realistic_Starter_VFX_Pack_Vol2/Particles/Destruction/P_Destruction_Building_A.uexp" 1922
"../../../Engine/Content/BasicShapes/Plane.uasset" 1923
"../../../Engine/Content/BasicShapes/Plane.uexp" 1924
"C:/Users/Murad/Documents/Unreal Projects/Peacekeeper_3D/Content/Realistic_Starter_VFX_Pack_Vol2/Materials/M_Basic_Shape.uasset" 1925
"C:/Users/Murad/Documents/Unreal Projects/Peacekeeper_3D/Content/Realistic_Starter_VFX_Pack_Vol2/Materials/M_Basic_Shape.uexp" 1926
"C:/Users/Murad/Documents/Unreal Projects/Peacekeeper_3D/Content/Realistic_Starter_VFX_Pack_Vol2/Textures/T_Flies.uasset" 1927
"C:/Users/Murad/Documents/Unreal Projects/Peacekeeper_3D/Content/Realistic_Starter_VFX_Pack_Vol2/Textures/T_Flies.uexp" 1928
"C:/Users/Murad/Documents/Unreal Projects/Peacekeeper_3D/Content/Realistic_Starter_VFX_Pack_Vol2/Textures/T_Flies.ubulk" 1929
"C:/Users/Murad/Documents/Unreal Projects/Peacekeeper_3D/Content/Realistic_Starter_VFX_Pack_Vol2/Textures/T_Fireflies_Emms.uasset" 1930
"C:/Users/Murad/Documents/Unreal Projects/Peacekeeper_3D/Content/Realistic_Starter_VFX_Pack_Vol2/Textures/T_Fireflies_Emms.uexp" 1931
"C:/Users/Murad/Documents/Unreal Projects/Peacekeeper_3D/Content/Realistic_Starter_VFX_Pack_Vol2/Textures/T_Fireflies_Emms.ubulk" 1932
"C:/Users/Murad/Documents/Unreal Projects/Peacekeeper_3D/Content/Realistic_Starter_VFX_Pack_Vol2/Materials/M_Flies.uasset" 1933
"C:/Users/Murad/Documents/Unreal Projects/Peacekeeper_3D/Content/Realistic_Starter_VFX_Pack_Vol2/Materials/M_Flies.uexp" 1934
"C:/Users/Murad/Documents/Unreal Projects/Peacekeeper_3D/Content/Realistic_Starter_VFX_Pack_Vol2/Particles/Environment/P_Fireflies.uasset" 1935
"C:/Users/Murad/Documents/Unreal Projects/Peacekeeper_3D/Content/Realistic_Starter_VFX_Pack_Vol2/Particles/Environment/P_Fireflies.uexp" 1936
"C:/Users/Murad/Documents/Unreal Projects/Peacekeeper_3D/Content/Realistic_Starter_VFX_Pack_Vol2/Maps/Overview_Map_Day_BuiltData.uasset" 1937
"C:/Users/Murad/Documents/Unreal Projects/Peacekeeper_3D/Content/Realistic_Starter_VFX_Pack_Vol2/Maps/Overview_Map_Day_BuiltData.uexp" 1938
"C:/Users/Murad/Documents/Unreal Projects/Peacekeeper_3D/Content/Realistic_Starter_VFX_Pack_Vol2/Maps/Overview_Map_Day_BuiltData.ubulk" 1939
"C:/Users/Murad/Documents/Unreal Projects/Peacekeeper_3D/Content/Realistic_Starter_VFX_Pack_Vol2/Demo_Room/Meshes/SM_NamePlate.uasset" 1940
"C:/Users/Murad/Documents/Unreal Projects/Peacekeeper_3D/Content/Realistic_Starter_VFX_Pack_Vol2/Demo_Room/Meshes/SM_NamePlate.uexp" 1941
"C:/Users/Murad/Documents/Unreal Projects/Peacekeeper_3D/Content/Realistic_Starter_VFX_Pack_Vol2/Demo_Room/Meshes/SM_BaseRoom.uasset" 1942
"C:/Users/Murad/Documents/Unreal Projects/Peacekeeper_3D/Content/Realistic_Starter_VFX_Pack_Vol2/Demo_Room/Meshes/SM_BaseRoom.uexp" 1943
"C:/Users/Murad/Documents/Unreal Projects/Peacekeeper_3D/Content/Realistic_Starter_VFX_Pack_Vol2/Demo_Room/Meshes/SM_Base_FlatWall.uasset" 1944
"C:/Users/Murad/Documents/Unreal Projects/Peacekeeper_3D/Content/Realistic_Starter_VFX_Pack_Vol2/Demo_Room/Meshes/SM_Base_FlatWall.uexp" 1945
"C:/Users/Murad/Documents/Unreal Projects/Peacekeeper_3D/Content/Realistic_Starter_VFX_Pack_Vol2/Demo_Room/Meshes/SM_Base2.uasset" 1946
"C:/Users/Murad/Documents/Unreal Projects/Peacekeeper_3D/Content/Realistic_Starter_VFX_Pack_Vol2/Demo_Room/Meshes/SM_Base2.uexp" 1947
"C:/Users/Murad/Documents/Unreal Projects/Peacekeeper_3D/Content/Realistic_Starter_VFX_Pack_Vol2/Demo_Room/Meshes/SM_Base.uasset" 1948
"C:/Users/Murad/Documents/Unreal Projects/Peacekeeper_3D/Content/Realistic_Starter_VFX_Pack_Vol2/Demo_Room/Meshes/SM_Base.uexp" 1949
"C:/Users/Murad/Documents/Unreal Projects/Peacekeeper_3D/Content/Realistic_Starter_VFX_Pack_Vol2/Demo_Room/BluePrint/BP_DemoDisplay_Enum.uasset" 1950
"C:/Users/Murad/Documents/Unreal Projects/Peacekeeper_3D/Content/Realistic_Starter_VFX_Pack_Vol2/Demo_Room/BluePrint/BP_DemoDisplay_Enum.uexp" 1951
"C:/Users/Murad/Documents/Unreal Projects/Peacekeeper_3D/Content/Realistic_Starter_VFX_Pack_Vol2/Demo_Room/BluePrint/BP_DemoDisplay.uasset" 1952
"C:/Users/Murad/Documents/Unreal Projects/Peacekeeper_3D/Content/Realistic_Starter_VFX_Pack_Vol2/Demo_Room/BluePrint/BP_DemoDisplay.uexp" 1953
"C:/Users/Murad/Documents/Unreal Projects/Peacekeeper_3D/Content/Realistic_Starter_VFX_Pack_Vol2/Blueprints/Spawn_Particle.uasset" 1954
"C:/Users/Murad/Documents/Unreal Projects/Peacekeeper_3D/Content/Realistic_Starter_VFX_Pack_Vol2/Blueprints/Spawn_Particle.uexp" 1955
"C:/Users/Murad/Documents/Unreal Projects/Peacekeeper_3D/Content/Realistic_Starter_VFX_Pack_Vol2/Maps/Overview_Map_Day.uexp" 1956
"C:/Users/Murad/Documents/Unreal Projects/Peacekeeper_3D/Content/Realistic_Starter_VFX_Pack_Vol2/Maps/Overview_Map_Day.umap" 1957
"C:/Users/Murad/Documents/Unreal Projects/Peacekeeper_3D/Content/Realistic_Starter_VFX_Pack_Vol2/Maps/Overview_Map_Night_BuiltData.uasset" 1958
"C:/Users/Murad/Documents/Unreal Projects/Peacekeeper_3D/Content/Realistic_Starter_VFX_Pack_Vol2/Maps/Overview_Map_Night_BuiltData.uexp" 1959
"C:/Users/Murad/Documents/Unreal Projects/Peacekeeper_3D/Content/Realistic_Starter_VFX_Pack_Vol2/Maps/Overview_Map_Night_BuiltData.ubulk" 1960
"C:/Users/Murad/Documents/Unreal Projects/Peacekeeper_3D/Content/Realistic_Starter_VFX_Pack_Vol2/Maps/Overview_Map_Night.uexp" 1961
"C:/Users/Murad/Documents/Unreal Projects/Peacekeeper_3D/Content/Realistic_Starter_VFX_Pack_Vol2/Maps/Overview_Map_Night.umap" 1962
"C:/Users/Murad/Documents/Unreal Projects/Peacekeeper_3D/Content/ThirdPersonBP/Blueprints/Widgets/MainMenu/MainMenuGameMode.uasset" 1963
"C:/Users/Murad/Documents/Unreal Projects/Peacekeeper_3D/Content/ThirdPersonBP/Blueprints/Widgets/MainMenu/MainMenuGameMode.uexp" 1964
"C:/Users/Murad/Documents/Unreal Projects/Peacekeeper_3D/Content/ThirdPersonBP/Blueprints/Widgets/WB_OptionsMenu.uasset" 1965
"C:/Users/Murad/Documents/Unreal Projects/Peacekeeper_3D/Content/ThirdPersonBP/Blueprints/Widgets/WB_OptionsMenu.uexp" 1966
"C:/Users/Murad/Documents/Unreal Projects/Peacekeeper_3D/Content/ThirdPersonBP/Blueprints/Widgets/MainMenu/WB_MainMenu.uasset" 1967
"C:/Users/Murad/Documents/Unreal Projects/Peacekeeper_3D/Content/ThirdPersonBP/Blueprints/Widgets/MainMenu/WB_MainMenu.uexp" 1968
"C:/Users/Murad/Documents/Unreal Projects/Peacekeeper_3D/Content/ThirdPersonBP/Blueprints/Widgets/MainMenu/MainMenuMap.uexp" 1969
"C:/Users/Murad/Documents/Unreal Projects/Peacekeeper_3D/Content/ThirdPersonBP/Blueprints/Widgets/MainMenu/MainMenuMap.umap" 1970
"C:/Users/Murad/Documents/Unreal Projects/Peacekeeper_3D/Content/ThirdPersonBP/Blueprints/Enemies/AI/EQS/EQS_Seeking.uasset" 1971
"C:/Users/Murad/Documents/Unreal Projects/Peacekeeper_3D/Content/ThirdPersonBP/Blueprints/Enemies/AI/EQS/EQS_Seeking.uexp" 1972
"C:/Users/Murad/Documents/Unreal Projects/Peacekeeper_3D/Content/ThirdPersonBP/Blueprints/Enemies/AI/EQS/EQS_TestingPawn.uasset" 1973
"C:/Users/Murad/Documents/Unreal Projects/Peacekeeper_3D/Content/ThirdPersonBP/Blueprints/Enemies/AI/EQS/EQS_TestingPawn.uexp" 1974
"C:/Users/Murad/Documents/Unreal Projects/Peacekeeper_3D/Content/ThirdPersonBP/Maps/DemoArena_BuiltData.uasset" 1975
"C:/Users/Murad/Documents/Unreal Projects/Peacekeeper_3D/Content/ThirdPersonBP/Maps/DemoArena_BuiltData.uexp" 1976
"C:/Users/Murad/Documents/Unreal Projects/Peacekeeper_3D/Content/ThirdPersonBP/Maps/DemoArena_BuiltData.ubulk" 1977
"C:/Users/Murad/Documents/Unreal Projects/Peacekeeper_3D/Content/ThirdPersonBP/Blueprints/Widgets/HUD/WB_WaveMode_HUD.uasset" 1978
"C:/Users/Murad/Documents/Unreal Projects/Peacekeeper_3D/Content/ThirdPersonBP/Blueprints/Widgets/HUD/WB_WaveMode_HUD.uexp" 1979
"C:/Users/Murad/Documents/Unreal Projects/Peacekeeper_3D/Content/ThirdPersonBP/Blueprints/Enemies/S_WaveStruct.uasset" 1980
"C:/Users/Murad/Documents/Unreal Projects/Peacekeeper_3D/Content/ThirdPersonBP/Blueprints/Enemies/S_WaveStruct.uexp" 1981
"C:/Users/Murad/Documents/Unreal Projects/Peacekeeper_3D/Content/FPS_Weapon_Bundle/Weapons/Meshes/Ka47/SM_KA47.uasset" 1982
"C:/Users/Murad/Documents/Unreal Projects/Peacekeeper_3D/Content/FPS_Weapon_Bundle/Weapons/Meshes/Ka47/SM_KA47.uexp" 1983
"C:/Users/Murad/Documents/Unreal Projects/Peacekeeper_3D/Content/ThirdPersonBP/Blueprints/Enemies/Weapons/BP_Weapon_Middle_Ranged.uasset" 1984
"C:/Users/Murad/Documents/Unreal Projects/Peacekeeper_3D/Content/ThirdPersonBP/Blueprints/Enemies/Weapons/BP_Weapon_Middle_Ranged.uexp" 1985
"C:/Users/Murad/Documents/Unreal Projects/Peacekeeper_3D/Content/ThirdPersonBP/Blueprints/Enemies/AI/EQS/EQS_FindIdealRangedLocation.uasset" 1986
"C:/Users/Murad/Documents/Unreal Projects/Peacekeeper_3D/Content/ThirdPersonBP/Blueprints/Enemies/AI/EQS/EQS_FindIdealRangedLocation.uexp" 1987
"C:/Users/Murad/Documents/Unreal Projects/Peacekeeper_3D/Content/ThirdPersonBP/Blueprints/Enemies/AI/Tasks/BTT_SetStateAsAttacking.uasset" 1988
"C:/Users/Murad/Documents/Unreal Projects/Peacekeeper_3D/Content/ThirdPersonBP/Blueprints/Enemies/AI/Tasks/BTT_SetStateAsAttacking.uexp" 1989
"C:/Users/Murad/Documents/Unreal Projects/Peacekeeper_3D/Content/ThirdPersonBP/Blueprints/Enemies/AI/Decorators/BTD_IsHealthBelowThreshold.uasset" 1990
"C:/Users/Murad/Documents/Unreal Projects/Peacekeeper_3D/Content/ThirdPersonBP/Blueprints/Enemies/AI/Decorators/BTD_IsHealthBelowThreshold.uexp" 1991
"C:/Users/Murad/Documents/Unreal Projects/Peacekeeper_3D/Content/ThirdPersonBP/Blueprints/Enemies/AI/EQS/EQS_Strafe.uasset" 1992
"C:/Users/Murad/Documents/Unreal Projects/Peacekeeper_3D/Content/ThirdPersonBP/Blueprints/Enemies/AI/EQS/EQS_Strafe.uexp" 1993
"C:/Users/Murad/Documents/Unreal Projects/Peacekeeper_3D/Content/ThirdPersonBP/Blueprints/Enemies/AI/Tasks/BTT_Heal.uasset" 1994
"C:/Users/Murad/Documents/Unreal Projects/Peacekeeper_3D/Content/ThirdPersonBP/Blueprints/Enemies/AI/Tasks/BTT_Heal.uexp" 1995
"C:/Users/Murad/Documents/Unreal Projects/Peacekeeper_3D/Content/ThirdPersonBP/Blueprints/Enemies/AI/Services/BTS_StopAttackingIfTargetIsDead.uasset" 1996
"C:/Users/Murad/Documents/Unreal Projects/Peacekeeper_3D/Content/ThirdPersonBP/Blueprints/Enemies/AI/Services/BTS_StopAttackingIfTargetIsDead.uexp" 1997
"C:/Users/Murad/Documents/Unreal Projects/Peacekeeper_3D/Content/ThirdPersonBP/Blueprints/Enemies/AI/Decorators/BTD_IsWithinIdealRange.uasset" 1998
"C:/Users/Murad/Documents/Unreal Projects/Peacekeeper_3D/Content/ThirdPersonBP/Blueprints/Enemies/AI/Decorators/BTD_IsWithinIdealRange.uexp" 1999
"C:/Users/Murad/Documents/Unreal Projects/Peacekeeper_3D/Content/ThirdPersonBP/Blueprints/Enemies/AI/Decorators/BTD_IsHoldingWeapon.uasset" 2000
"C:/Users/Murad/Documents/Unreal Projects/Peacekeeper_3D/Content/ThirdPersonBP/Blueprints/Enemies/AI/Decorators/BTD_IsHoldingWeapon.uexp" 2001
"C:/Users/Murad/Documents/Unreal Projects/Peacekeeper_3D/Content/ThirdPersonBP/Blueprints/Enemies/AI/Decorators/BTD_CanSeeTarget.uasset" 2002
"C:/Users/Murad/Documents/Unreal Projects/Peacekeeper_3D/Content/ThirdPersonBP/Blueprints/Enemies/AI/Decorators/BTD_CanSeeTarget.uexp" 2003
"C:/Users/Murad/Documents/Unreal Projects/Peacekeeper_3D/Content/ThirdPersonBP/Blueprints/Enemies/AI/BehaviorTrees/BT_Enemy_Middle_Ranged.uasset" 2004
"C:/Users/Murad/Documents/Unreal Projects/Peacekeeper_3D/Content/ThirdPersonBP/Blueprints/Enemies/AI/BehaviorTrees/BT_Enemy_Middle_Ranged.uexp" 2005
"C:/Users/Murad/Documents/Unreal Projects/Peacekeeper_3D/Content/Mannequin/Animations/Middle_Ranged_Enemy_AnimBP.uasset" 2006
"C:/Users/Murad/Documents/Unreal Projects/Peacekeeper_3D/Content/Mannequin/Animations/Middle_Ranged_Enemy_AnimBP.uexp" 2007
"C:/Users/Murad/Documents/Unreal Projects/Peacekeeper_3D/Content/Mannequin/Character/Materials/M_Enemy_Middle_Ranged.uasset" 2008
"C:/Users/Murad/Documents/Unreal Projects/Peacekeeper_3D/Content/Mannequin/Character/Materials/M_Enemy_Middle_Ranged.uexp" 2009
"C:/Users/Murad/Documents/Unreal Projects/Peacekeeper_3D/Content/ThirdPersonBP/Blueprints/Enemies/BP_Enemy_Middle_Ranged.uasset" 2010
"C:/Users/Murad/Documents/Unreal Projects/Peacekeeper_3D/Content/ThirdPersonBP/Blueprints/Enemies/BP_Enemy_Middle_Ranged.uexp" 2011
"C:/Users/Murad/Documents/Unreal Projects/Peacekeeper_3D/Content/ThirdPersonBP/Blueprints/Enemies/DT_WavePoolData.uasset" 2012
"C:/Users/Murad/Documents/Unreal Projects/Peacekeeper_3D/Content/ThirdPersonBP/Blueprints/Enemies/DT_WavePoolData.uexp" 2013
"C:/Users/Murad/Documents/Unreal Projects/Peacekeeper_3D/Content/FPS_Weapon_Bundle/Weapons/Meshes/KA74U/SM_KA74U_Y.uasset" 2014
"C:/Users/Murad/Documents/Unreal Projects/Peacekeeper_3D/Content/FPS_Weapon_Bundle/Weapons/Meshes/KA74U/SM_KA74U_Y.uexp" 2015
"C:/Users/Murad/Documents/Unreal Projects/Peacekeeper_3D/Content/ThirdPersonBP/Blueprints/Enemies/Weapons/BP_Weapon_Short_Ranged.uasset" 2016
"C:/Users/Murad/Documents/Unreal Projects/Peacekeeper_3D/Content/ThirdPersonBP/Blueprints/Enemies/Weapons/BP_Weapon_Short_Ranged.uexp" 2017
"C:/Users/Murad/Documents/Unreal Projects/Peacekeeper_3D/Content/ThirdPersonBP/Blueprints/Enemies/AI/Tasks/BTT_ShortRangeAttack.uasset" 2018
"C:/Users/Murad/Documents/Unreal Projects/Peacekeeper_3D/Content/ThirdPersonBP/Blueprints/Enemies/AI/Tasks/BTT_ShortRangeAttack.uexp" 2019
"C:/Users/Murad/Documents/Unreal Projects/Peacekeeper_3D/Content/ThirdPersonBP/Blueprints/Enemies/AI/BehaviorTrees/SubTrees/BT_Subtree_Seeking.uasset" 2020
"C:/Users/Murad/Documents/Unreal Projects/Peacekeeper_3D/Content/ThirdPersonBP/Blueprints/Enemies/AI/BehaviorTrees/SubTrees/BT_Subtree_Seeking.uexp" 2021
"C:/Users/Murad/Documents/Unreal Projects/Peacekeeper_3D/Content/ThirdPersonBP/Blueprints/Enemies/AI/BehaviorTrees/BT_Enemy_Short_Ranged.uasset" 2022
"C:/Users/Murad/Documents/Unreal Projects/Peacekeeper_3D/Content/ThirdPersonBP/Blueprints/Enemies/AI/BehaviorTrees/BT_Enemy_Short_Ranged.uexp" 2023
"C:/Users/Murad/Documents/Unreal Projects/Peacekeeper_3D/Content/Mannequin/Animations/Short_Ranged_Enemy_AnimBP.uasset" 2024
"C:/Users/Murad/Documents/Unreal Projects/Peacekeeper_3D/Content/Mannequin/Animations/Short_Ranged_Enemy_AnimBP.uexp" 2025
"C:/Users/Murad/Documents/Unreal Projects/Peacekeeper_3D/Content/Mannequin/Character/Materials/M_Enemy_Short_Ranged.uasset" 2026
"C:/Users/Murad/Documents/Unreal Projects/Peacekeeper_3D/Content/Mannequin/Character/Materials/M_Enemy_Short_Ranged.uexp" 2027
"C:/Users/Murad/Documents/Unreal Projects/Peacekeeper_3D/Content/ThirdPersonBP/Blueprints/Enemies/BP_Enemy_Short_Ranged.uasset" 2028
"C:/Users/Murad/Documents/Unreal Projects/Peacekeeper_3D/Content/ThirdPersonBP/Blueprints/Enemies/BP_Enemy_Short_Ranged.uexp" 2029
"C:/Users/Murad/Documents/Unreal Projects/Peacekeeper_3D/Content/FPS_Weapon_Bundle/Weapons/Meshes/KA_Val/SM_KA_Val_Y.uasset" 2030
"C:/Users/Murad/Documents/Unreal Projects/Peacekeeper_3D/Content/FPS_Weapon_Bundle/Weapons/Meshes/KA_Val/SM_KA_Val_Y.uexp" 2031
"C:/Users/Murad/Documents/Unreal Projects/Peacekeeper_3D/Content/ThirdPersonBP/Blueprints/Enemies/Weapons/BP_Weapon_Long_Ranged.uasset" 2032
"C:/Users/Murad/Documents/Unreal Projects/Peacekeeper_3D/Content/ThirdPersonBP/Blueprints/Enemies/Weapons/BP_Weapon_Long_Ranged.uexp" 2033
"C:/Users/Murad/Documents/Unreal Projects/Peacekeeper_3D/Content/ThirdPersonBP/Blueprints/Enemies/AI/Tasks/BTT_TurnBy90Degrees.uasset" 2034
"C:/Users/Murad/Documents/Unreal Projects/Peacekeeper_3D/Content/ThirdPersonBP/Blueprints/Enemies/AI/Tasks/BTT_TurnBy90Degrees.uexp" 2035
"C:/Users/Murad/Documents/Unreal Projects/Peacekeeper_3D/Content/ThirdPersonBP/Blueprints/Enemies/AI/BehaviorTrees/BT_Enemy_Long_Ranged.uasset" 2036
"C:/Users/Murad/Documents/Unreal Projects/Peacekeeper_3D/Content/ThirdPersonBP/Blueprints/Enemies/AI/BehaviorTrees/BT_Enemy_Long_Ranged.uexp" 2037
"C:/Users/Murad/Documents/Unreal Projects/Peacekeeper_3D/Content/ThirdPersonBP/Blueprints/Enemies/BP_Enemy_Long_Ranged.uasset" 2038
"C:/Users/Murad/Documents/Unreal Projects/Peacekeeper_3D/Content/ThirdPersonBP/Blueprints/Enemies/BP_Enemy_Long_Ranged.uexp" 2039
"C:/Users/Murad/Documents/Unreal Projects/Peacekeeper_3D/Content/ThirdPersonBP/Blueprints/Widgets/WB_Victory_Menu.uasset" 2040
"C:/Users/Murad/Documents/Unreal Projects/Peacekeeper_3D/Content/ThirdPersonBP/Blueprints/Widgets/WB_Victory_Menu.uexp" 2041
"C:/Users/Murad/Documents/Unreal Projects/Peacekeeper_3D/Content/ThirdPersonBP/Blueprints/ThirdPersonGameMode.uasset" 2042
"C:/Users/Murad/Documents/Unreal Projects/Peacekeeper_3D/Content/ThirdPersonBP/Blueprints/ThirdPersonGameMode.uexp" 2043
"C:/Users/Murad/Documents/Unreal Projects/Peacekeeper_3D/Content/ThirdPersonBP/Blueprints/Enemies/BP_Spawner.uasset" 2044
"C:/Users/Murad/Documents/Unreal Projects/Peacekeeper_3D/Content/ThirdPersonBP/Blueprints/Enemies/BP_Spawner.uexp" 2045
"C:/Users/Murad/Documents/Unreal Projects/Peacekeeper_3D/Content/Geometry/Meshes/CubeMaterial.uasset" 2046
"C:/Users/Murad/Documents/Unreal Projects/Peacekeeper_3D/Content/Geometry/Meshes/CubeMaterial.uexp" 2047
"C:/Users/Murad/Documents/Unreal Projects/Peacekeeper_3D/Content/Geometry/Meshes/TemplateFloor.uasset" 2048
"C:/Users/Murad/Documents/Unreal Projects/Peacekeeper_3D/Content/Geometry/Meshes/TemplateFloor.uexp" 2049
"C:/Users/Murad/Documents/Unreal Projects/Peacekeeper_3D/Content/Geometry/Meshes/1M_Cube_Chamfer.uasset" 2050
"C:/Users/Murad/Documents/Unreal Projects/Peacekeeper_3D/Content/Geometry/Meshes/1M_Cube_Chamfer.uexp" 2051
"C:/Users/Murad/Documents/Unreal Projects/Peacekeeper_3D/Content/Geometry/Meshes/1M_Cube.uasset" 2052
"C:/Users/Murad/Documents/Unreal Projects/Peacekeeper_3D/Content/Geometry/Meshes/1M_Cube.uexp" 2053
"C:/Users/Murad/Documents/Unreal Projects/Peacekeeper_3D/Content/ThirdPersonBP/Maps/DemoArena.uexp" 2054
"C:/Users/Murad/Documents/Unreal Projects/Peacekeeper_3D/Content/ThirdPersonBP/Maps/DemoArena.umap" 2055
"C:/Users/Murad/Documents/Unreal Projects/Peacekeeper_3D/Content/ThirdPersonBP/Maps/DemoLevel_BuiltData.uasset" 2056
"C:/Users/Murad/Documents/Unreal Projects/Peacekeeper_3D/Content/ThirdPersonBP/Maps/DemoLevel_BuiltData.uexp" 2057
"C:/Users/Murad/Documents/Unreal Projects/Peacekeeper_3D/Content/ThirdPersonBP/Maps/DemoLevel_BuiltData.ubulk" 2058
"C:/Users/Murad/Documents/Unreal Projects/Peacekeeper_3D/Content/ThirdPersonBP/Blueprints/Player/Medkit/Material_020.uasset" 2059
"C:/Users/Murad/Documents/Unreal Projects/Peacekeeper_3D/Content/ThirdPersonBP/Blueprints/Player/Medkit/Material_020.uexp" 2060
"C:/Users/Murad/Documents/Unreal Projects/Peacekeeper_3D/Content/ThirdPersonBP/Blueprints/Player/Medkit/GreenCross.uasset" 2061
"C:/Users/Murad/Documents/Unreal Projects/Peacekeeper_3D/Content/ThirdPersonBP/Blueprints/Player/Medkit/GreenCross.uexp" 2062
"C:/Users/Murad/Documents/Unreal Projects/Peacekeeper_3D/Content/ThirdPersonBP/Blueprints/Player/Medkit/BP_Medkit.uasset" 2063
"C:/Users/Murad/Documents/Unreal Projects/Peacekeeper_3D/Content/ThirdPersonBP/Blueprints/Player/Medkit/BP_Medkit.uexp" 2064
"C:/Users/Murad/Documents/Unreal Projects/Peacekeeper_3D/Content/ThirdPersonBP/Blueprints/Player/AmmoPack/texture_0.uasset" 2065
"C:/Users/Murad/Documents/Unreal Projects/Peacekeeper_3D/Content/ThirdPersonBP/Blueprints/Player/AmmoPack/texture_0.uexp" 2066
"C:/Users/Murad/Documents/Unreal Projects/Peacekeeper_3D/Content/ThirdPersonBP/Blueprints/Player/AmmoPack/texture_0.ubulk" 2067
"C:/Users/Murad/Documents/Unreal Projects/Peacekeeper_3D/Content/ThirdPersonBP/Blueprints/Player/AmmoPack/Material_001.uasset" 2068
"C:/Users/Murad/Documents/Unreal Projects/Peacekeeper_3D/Content/ThirdPersonBP/Blueprints/Player/AmmoPack/Material_001.uexp" 2069
"C:/Users/Murad/Documents/Unreal Projects/Peacekeeper_3D/Content/ThirdPersonBP/Blueprints/Player/AmmoPack/AmmoPack1.uasset" 2070
"C:/Users/Murad/Documents/Unreal Projects/Peacekeeper_3D/Content/ThirdPersonBP/Blueprints/Player/AmmoPack/AmmoPack1.uexp" 2071
"C:/Users/Murad/Documents/Unreal Projects/Peacekeeper_3D/Content/ThirdPersonBP/Blueprints/Player/AmmoPack/BP_AmmoPack.uasset" 2072
"C:/Users/Murad/Documents/Unreal Projects/Peacekeeper_3D/Content/ThirdPersonBP/Blueprints/Player/AmmoPack/BP_AmmoPack.uexp" 2073
"C:/Users/Murad/Documents/Unreal Projects/Peacekeeper_3D/Content/Level/Meshes/RampMaterial.uasset" 2074
"C:/Users/Murad/Documents/Unreal Projects/Peacekeeper_3D/Content/Level/Meshes/RampMaterial.uexp" 2075
"C:/Users/Murad/Documents/Unreal Projects/Peacekeeper_3D/Content/Level/Meshes/Linear_Stair_StaticMesh.uasset" 2076
"C:/Users/Murad/Documents/Unreal Projects/Peacekeeper_3D/Content/Level/Meshes/Linear_Stair_StaticMesh.uexp" 2077
"../../../Engine/Content/BasicShapes/Cube.uasset" 2078
"../../../Engine/Content/BasicShapes/Cube.uexp" 2079
"C:/Users/Murad/Documents/Unreal Projects/Peacekeeper_3D/Content/Level/FinishColumn/M_FinishColumn.uasset" 2080
"C:/Users/Murad/Documents/Unreal Projects/Peacekeeper_3D/Content/Level/FinishColumn/M_FinishColumn.uexp" 2081
"C:/Users/Murad/Documents/Unreal Projects/Peacekeeper_3D/Content/Level/FinishColumn/BP_FinishColumn.uasset" 2082
"C:/Users/Murad/Documents/Unreal Projects/Peacekeeper_3D/Content/Level/FinishColumn/BP_FinishColumn.uexp" 2083
"C:/Users/Murad/Documents/Unreal Projects/Peacekeeper_3D/Content/Geometry/Meshes/CoverMaterial.uasset" 2084
"C:/Users/Murad/Documents/Unreal Projects/Peacekeeper_3D/Content/Geometry/Meshes/CoverMaterial.uexp" 2085
"C:/Users/Murad/Documents/Unreal Projects/Peacekeeper_3D/Content/ThirdPersonBP/Maps/DemoLevel.uexp" 2086
"C:/Users/Murad/Documents/Unreal Projects/Peacekeeper_3D/Content/ThirdPersonBP/Maps/DemoLevel.umap" 2087
"C:/Users/Murad/Documents/Unreal Projects/Peacekeeper_3D/Content/ThirdPersonBP/Blueprints/Enemies/AI/NavLink_EnemyAI.uasset" 2088
"C:/Users/Murad/Documents/Unreal Projects/Peacekeeper_3D/Content/ThirdPersonBP/Blueprints/Enemies/AI/NavLink_EnemyAI.uexp" 2089
"C:/Users/Murad/Documents/Unreal Projects/Peacekeeper_3D/Content/ThirdPersonBP/Maps/ThirdPersonExampleMap_BuiltData.uasset" 2090
"C:/Users/Murad/Documents/Unreal Projects/Peacekeeper_3D/Content/ThirdPersonBP/Maps/ThirdPersonExampleMap_BuiltData.uexp" 2091
"C:/Users/Murad/Documents/Unreal Projects/Peacekeeper_3D/Content/ThirdPersonBP/Maps/ThirdPersonExampleMap_BuiltData.ubulk" 2092
"C:/Users/Murad/Documents/Unreal Projects/Peacekeeper_3D/Content/Level/Meshes/RightArm_StaticMesh.uasset" 2093
"C:/Users/Murad/Documents/Unreal Projects/Peacekeeper_3D/Content/Level/Meshes/RightArm_StaticMesh.uexp" 2094
"C:/Users/Murad/Documents/Unreal Projects/Peacekeeper_3D/Content/Level/Meshes/Ramp_StaticMesh.uasset" 2095
"C:/Users/Murad/Documents/Unreal Projects/Peacekeeper_3D/Content/Level/Meshes/Ramp_StaticMesh.uexp" 2096
"C:/Users/Murad/Documents/Unreal Projects/Peacekeeper_3D/Content/Level/Meshes/LeftArm_StaticMesh.uasset" 2097
"C:/Users/Murad/Documents/Unreal Projects/Peacekeeper_3D/Content/Level/Meshes/LeftArm_StaticMesh.uexp" 2098
"C:/Users/Murad/Documents/Unreal Projects/Peacekeeper_3D/Content/Level/Meshes/Bump_StaticMesh.uasset" 2099
"C:/Users/Murad/Documents/Unreal Projects/Peacekeeper_3D/Content/Level/Meshes/Bump_StaticMesh.uexp" 2100
"C:/Users/Murad/Documents/Unreal Projects/Peacekeeper_3D/Content/ThirdPersonBP/Maps/ThirdPersonExampleMap.uexp" 2101
"C:/Users/Murad/Documents/Unreal Projects/Peacekeeper_3D/Content/ThirdPersonBP/Maps/ThirdPersonExampleMap.umap" 2102
"../../../Engine/Content/Maps/Entry_BuiltData.uasset" 2103
"../../../Engine/Content/Maps/Entry_BuiltData.uexp" 2104
"../../../Engine/Content/Maps/Entry.uexp" 2105
"../../../Engine/Content/Maps/Entry.umap" 2106
