"../../../Engine/Config/Android/DataDrivenPlatformInfo.ini" 1
"../../../Engine/Config/HoloLens/DataDrivenPlatformInfo.ini" 2
"../../../Engine/Config/IOS/DataDrivenPlatformInfo.ini" 3
"../../../Engine/Config/Base.ini" 4
"../../../Engine/Config/BaseEngine.ini" 5
"../../../Engine/Config/IOS/BaseIOSEngine.ini" 6
"../../../../../../Users/Murad/Documents/Unreal Projects/Peacekeeper_3D/Config/DefaultEngine.ini" 7
"../../../Engine/Config/IOS/IOSEngine.ini" 8
"../../../Engine/Config/Linux/DataDrivenPlatformInfo.ini" 9
"../../../Engine/Config/LinuxAArch64/DataDrivenPlatformInfo.ini" 10
"../../../Engine/Config/Lumin/DataDrivenPlatformInfo.ini" 11
"../../../Engine/Config/Mac/DataDrivenPlatformInfo.ini" 12
"../../../Engine/Config/TVOS/DataDrivenPlatformInfo.ini" 13
"../../../Engine/Config/Windows/DataDrivenPlatformInfo.ini" 14
"C:/Users/Murad/Documents/Unreal Projects/Peacekeeper_3D/Peacekeeper_3D.uproject" 15
"../../../../../../Users/Murad/Documents/Unreal Projects/Peacekeeper_3D/Binaries/Win64/UE4Editor.modules" 16
"../../../Engine/Plugins/BlueprintFileUtils/BlueprintFileUtils.uplugin" 17
"../../../Engine/Plugins/MeshPainting/MeshPainting.uplugin" 18
"../../../Engine/Plugins/ScriptPlugin/ScriptPlugin.uplugin" 19
"../../../Engine/Plugins/XGEController/XGEController.uplugin" 20
"../../../Engine/Plugins/2D/Paper2D/Paper2D.uplugin" 21
"../../../Engine/Plugins/Animation/GameplayInsights/GameplayInsights.uplugin" 22
"../../../Engine/Plugins/Animation/LiveLink/LiveLink.uplugin" 23
"../../../Engine/Plugins/Animation/RigLogic/RigLogic.uplugin" 24
"../../../Engine/Plugins/Animation/LiveLinkCurveDebugUI/LiveLinkCurveDebugUI.uplugin" 25
"../../../Engine/Plugins/AI/HTNPlanner/HTNPlanner.uplugin" 26
"../../../Engine/Plugins/AI/EnvironmentQueryEditor/EnvironmentQueryEditor.uplugin" 27
"../../../Engine/Plugins/Compositing/Composure/Composure.uplugin" 28
"../../../Engine/Plugins/Compositing/OpenColorIO/OpenColorIO.uplugin" 29
"../../../Engine/Plugins/Blendables/LightPropagationVolume/LightPropagationVolume.uplugin" 30
"../../../Engine/Plugins/Compression/OodleData/OodleData.uplugin" 31
"../../../Engine/Plugins/Enterprise/AxFImporter/AxFImporter.uplugin" 32
"../../../Engine/Plugins/Enterprise/DataprepEditor/DataprepEditor.uplugin" 33
"../../../Engine/Plugins/Enterprise/DatasmithC4DImporter/DatasmithC4DImporter.uplugin" 34
"../../../Engine/Plugins/Compositing/OpenCVLensDistortion/OpenCVLensDistortion.uplugin" 35
"../../../Engine/Plugins/Enterprise/DatasmithFBXImporter/DatasmithFBXImporter.uplugin" 36
"../../../Engine/Plugins/Enterprise/DatasmithGLTFImporter/DatasmithGLTFImporter.uplugin" 37
"../../../Engine/Plugins/Compositing/LensDistortion/LensDistortion.uplugin" 38
"../../../Engine/Plugins/Compression/OodleNetwork/OodleNetwork.uplugin" 39
"../../../Engine/Plugins/Enterprise/LidarPointCloud/LidarPointCloud.uplugin" 40
"../../../Engine/Plugins/Enterprise/DatasmithImporter/DatasmithImporter.uplugin" 41
"../../../Engine/Plugins/Enterprise/DatasmithContent/DatasmithContent.uplugin" 42
"../../../Engine/Plugins/Enterprise/MDLImporter/MDLImporter.uplugin" 43
"../../../Engine/Plugins/FX/CascadeToNiagaraConverter/CascadeToNiagaraConverter.uplugin" 44
"../../../Engine/Plugins/Enterprise/VariantManager/VariantManager.uplugin" 45
"../../../Engine/Plugins/Editor/AssetManagerEditor/AssetManagerEditor.uplugin" 46
"../../../Engine/Plugins/Experimental/AlembicImporter/AlembicImporter.uplugin" 47
"../../../Engine/Plugins/Enterprise/VariantManagerContent/VariantManagerContent.uplugin" 48
"../../../Engine/Plugins/Cameras/GameplayCameras/GameplayCameras.uplugin" 49
"../../../Engine/Plugins/Experimental/AppleVision/AppleVision.uplugin" 50
"../../../Engine/Plugins/FX/NiagaraExtras/NiagaraExtras.uplugin" 51
"../../../Engine/Plugins/Experimental/BackChannel/BackChannel.uplugin" 52
"../../../Engine/Plugins/Experimental/ActorPalette/ActorPalette.uplugin" 53
"../../../Engine/Plugins/Cameras/CameraShakePreviewer/CameraShakePreviewer.uplugin" 54
"../../../Engine/Plugins/Experimental/ChaosCaching/ChaosCaching.uplugin" 55
"../../../Engine/Plugins/Experimental/ChaosSolverPlugin/ChaosSolverPlugin.uplugin" 56
"../../../Engine/Plugins/Experimental/BlastPlugin/BlastPlugin.uplugin" 57
"../../../Engine/Plugins/Experimental/ChaosCloth/ChaosCloth.uplugin" 58
"../../../Engine/Plugins/Experimental/CodeView/CodeView.uplugin" 59
"../../../Engine/Plugins/Enterprise/DatasmithIFCImporter/DatasmithIFCImporter.uplugin" 60
"../../../Engine/Plugins/Experimental/CodeEditor/CodeEditor.uplugin" 61
"../../../Engine/Plugins/Experimental/ChaosNiagara/ChaosNiagara.uplugin" 62
"../../../Engine/Plugins/Experimental/CharacterAI/CharacterAI.uplugin" 63
"../../../Engine/Plugins/AI/AISupport/AISupport.uplugin" 64
"../../../Engine/Plugins/Experimental/CommonConversation/CommonConversation.uplugin" 65
"../../../Engine/Plugins/Experimental/ChaosClothEditor/ChaosClothEditor.uplugin" 66
"../../../Engine/Plugins/Experimental/ColorCorrectRegions/ColorCorrectRegions.uplugin" 67
"../../../Engine/Plugins/Experimental/ChaosVehiclesPlugin/ChaosVehiclesPlugin.uplugin" 68
"../../../Engine/Plugins/Enterprise/StaticMeshEditorExtension/StaticMeshEditorExtension.uplugin" 69
"../../../Engine/Plugins/Experimental/FieldSystemPlugin/FieldSystemPlugin.uplugin" 70
"../../../Engine/Plugins/Experimental/ControlRig/ControlRig.uplugin" 71
"../../../Engine/Plugins/Experimental/GameFeatures/GameFeatures.uplugin" 72
"../../../Engine/Plugins/Experimental/AutomationUtils/AutomationUtils.uplugin" 73
"../../../Engine/Plugins/Experimental/CommonUI/CommonUI.uplugin" 74
"../../../Engine/Plugins/Experimental/GeometryCache/GeometryCache.uplugin" 75
"../../../Engine/Plugins/Experimental/Gauntlet/Gauntlet.uplugin" 76
"../../../Engine/Plugins/Experimental/FullBodyIK/FullBodyIK.uplugin" 77
"../../../Engine/Plugins/Experimental/ExampleAssetEditor/ExampleAssetEditor.uplugin" 78
"../../../Engine/Plugins/Experimental/BlueprintStats/BlueprintStats.uplugin" 79
"../../../Engine/Plugins/Experimental/EnhancedInput/EnhancedInput.uplugin" 80
"../../../Engine/Plugins/Developer/BlankPlugin/BlankPlugin.uplugin" 81
"../../../Engine/Plugins/Developer/CodeLiteSourceCodeAccess/CodeLiteSourceCodeAccess.uplugin" 82
"../../../Engine/Plugins/Experimental/GeometryCollectionPlugin/GeometryCollectionPlugin.uplugin" 83
"../../../Engine/Plugins/Experimental/ChaosEditor/ChaosEditor.uplugin" 84
"../../../Engine/Plugins/Developer/GitSourceControl/GitSourceControl.uplugin" 85
"../../../Engine/Plugins/Experimental/GeometryCacheAbcFile/GeometryCacheAbcFile.uplugin" 86
"../../../Engine/Plugins/Developer/KDevelopSourceCodeAccess/KDevelopSourceCodeAccess.uplugin" 87
"../../../Engine/Plugins/Developer/PerforceSourceControl/PerforceSourceControl.uplugin" 88
"../../../Engine/Plugins/Developer/CLionSourceCodeAccess/CLionSourceCodeAccess.uplugin" 89
"../../../Engine/Plugins/Developer/PlasticSourceControl/PlasticSourceControl.uplugin" 90
"../../../Engine/Plugins/Developer/PixWinPlugin/PixWinPlugin.uplugin" 91
"../../../Engine/Plugins/Developer/NullSourceCodeAccess/NullSourceCodeAccess.uplugin" 92
"../../../Engine/Plugins/Developer/AnimationSharing/AnimationSharing.uplugin" 93
"../../../Engine/Plugins/Developer/PropertyAccessNode/PropertyAccessNode.uplugin" 94
"../../../Engine/Plugins/Developer/OneSkyLocalizationService/OneSkyLocalizationService.uplugin" 95
"../../../Engine/Plugins/Developer/RenderDocPlugin/RenderDocPlugin.uplugin" 96
"../../../Engine/Plugins/Developer/PluginUtils/PluginUtils.uplugin" 97
"../../../Engine/Plugins/Importers/AlembicHairImporter/AlembicHairImporter.uplugin" 98
"../../../Engine/Plugins/Developer/SubversionSourceControl/SubversionSourceControl.uplugin" 99
"../../../Engine/Plugins/Importers/USDImporter/USDImporter.uplugin" 100
"../../../Engine/Plugins/Developer/TraceDataFiltering/TraceDataFilters.uplugin" 101
"../../../Engine/Plugins/Developer/TextureFormatOodle/TextureFormatOodle.uplugin" 102
"../../../Engine/Plugins/Importers/USDMultiUser/USDMultiUser.uplugin" 103
"../../../Engine/Plugins/Developer/UObjectPlugin/UObjectPlugin.uplugin" 104
"../../../Engine/Plugins/Developer/XCodeSourceCodeAccess/XCodeSourceCodeAccess.uplugin" 105
"../../../Engine/Plugins/Developer/VisualStudioCodeSourceCodeAccess/VisualStudioCodeSourceCodeAccess.uplugin" 106
"../../../Engine/Plugins/Experimental/GPULightmass/GPULightmass.uplugin" 107
"../../../Engine/Plugins/Experimental/ImpostorBaker/ImpostorBaker.uplugin" 108
"../../../Engine/Plugins/Experimental/GeometryProcessing/GeometryProcessing.uplugin" 109
"../../../Engine/Plugins/Experimental/GizmoEdMode/GizmoEdMode.uplugin" 110
"../../../Engine/Plugins/Experimental/ImagePlate/ImagePlate.uplugin" 111
"../../../Engine/Plugins/Experimental/ModelingToolsEditorMode/ModelingToolsEditorMode.uplugin" 112
"../../../Engine/Plugins/Experimental/Landmass/Landmass.uplugin" 113
"../../../Engine/Plugins/Developer/TraceSourceFiltering/TraceSourceFilters.uplugin" 114
"../../../Engine/Plugins/Experimental/PlatformCrypto/PlatformCrypto.uplugin" 115
"../../../Engine/Plugins/Experimental/LiveLinkControlRig/LiveLinkControlRig.uplugin" 116
"../../../Engine/Plugins/Experimental/GizmoFramework/GizmoFramework.uplugin" 117
"../../../Engine/Plugins/Experimental/ModularGameplay/ModularGameplay.uplugin" 118
"../../../Engine/Plugins/Developer/RiderSourceCodeAccess/RiderSourceCodeAccess.uplugin" 119
"../../../Engine/Plugins/Experimental/PlanarCutPlugin/PlanarCut.uplugin" 120
"../../../Engine/Plugins/Experimental/PanoramicCapture/PanoramicCapture.uplugin" 121
"../../../Engine/Plugins/Experimental/RawInput/RawInput.uplugin" 122
"../../../Engine/Plugins/Experimental/OpenImageDenoise/OpenImageDenoise.uplugin" 123
"../../../Engine/Plugins/Experimental/MotoSynth/MotoSynth.uplugin" 124
"../../../Engine/Plugins/Experimental/MeshModelingToolset/MeshModelingToolset.uplugin" 125
"../../../Engine/Plugins/Experimental/MotionTrailEditorMode/MotionTrailEditorMode.uplugin" 126
"../../../Engine/Plugins/Experimental/PythonScriptPlugin/PythonScriptPlugin.uplugin" 127
"../../../Engine/Plugins/Experimental/ProxyLODPlugin/ProxyLODPlugin.uplugin" 128
"../../../Engine/Plugins/Experimental/RemoteSession/RemoteSession.uplugin" 129
"../../../Engine/Plugins/Experimental/Text3D/Text3D.uplugin" 130
"../../../Engine/Plugins/Experimental/SkeletalReduction/SkeletalReduction.uplugin" 131
"../../../Engine/Plugins/Experimental/SampleToolsEditorMode/SampleToolsEditorMode.uplugin" 132
"../../../Engine/Plugins/Experimental/VirtualHeightfieldMesh/VirtualHeightfieldMesh.uplugin" 133
"../../../Engine/Plugins/Experimental/Shotgun/Shotgun.uplugin" 134
"../../../Engine/Plugins/Experimental/VirtualProductionUtilities/VirtualProductionUtilities.uplugin" 135
"../../../Engine/Plugins/Experimental/VirtualCamera/VirtualCamera.uplugin" 136
"../../../Engine/Plugins/Experimental/SimpleHMD/SimpleHMD.uplugin" 137
"../../../Engine/Plugins/Experimental/Water/Water.uplugin" 138
"../../../Engine/Plugins/Media/AjaMedia/AjaMedia.uplugin" 139
"../../../Engine/Plugins/Media/AndroidCamera/AndroidCamera.uplugin" 140
"../../../Engine/Plugins/Experimental/Volumetrics/Volumetrics.uplugin" 141
"../../../Engine/Plugins/Media/AppleProResMedia/AppleProResMedia.uplugin" 142
"../../../Engine/Plugins/Media/AvidDNxMedia/AvidDNxMedia.uplugin" 143
"../../../Engine/Plugins/Media/AvfMedia/AvfMedia.uplugin" 144
"../../../Engine/Plugins/Media/AndroidMedia/AndroidMedia.uplugin" 145
"../../../Engine/Plugins/Developer/VisualStudioSourceCodeAccess/VisualStudioSourceCodeAccess.uplugin" 146
"../../../Engine/Plugins/Experimental/ShallowWater/ShallowWater.uplugin" 147
"../../../Engine/Plugins/Lumin/LuminPlatformFeatures/LuminPlatformFeatures.uplugin" 148
"../../../Engine/Plugins/Experimental/WebSocketNetworking/WebSocketNetworking.uplugin" 149
"../../../Engine/Plugins/Media/BlackmagicMedia/BlackmagicMedia.uplugin" 150
"../../../Engine/Plugins/Lumin/MagicLeapBLE/MagicLeapBLE.uplugin" 151
"../../../Engine/Plugins/Lumin/MagicLeapCamera/MagicLeapCamera.uplugin" 152
"../../../Engine/Plugins/Media/ElectraPlayer/ElectraPlayer.uplugin" 153
"../../../Engine/Plugins/Lumin/MagicLeapDispatch/MagicLeapDispatch.uplugin" 154
"../../../Engine/Plugins/Lumin/MagicLeapContacts/MagicLeapContacts.uplugin" 155
"../../../Engine/Plugins/Lumin/MagicLeap/MagicLeap.uplugin" 156
"../../../Engine/Plugins/Media/ElectraCDM/ElectraCDM.uplugin" 157
"../../../Engine/Plugins/Lumin/MagicLeapLightEstimation/MagicLeapLightEstimation.uplugin" 158
"../../../Engine/Plugins/Lumin/MagicLeapLocation/MagicLeapLocation.uplugin" 159
"../../../Engine/Plugins/Lumin/MagicLeapConnections/MagicLeapConnections.uplugin" 160
"../../../Engine/Plugins/Lumin/MagicLeapMovement/MagicLeapMovement.uplugin" 161
"../../../Engine/Plugins/Media/HAPMedia/HAPMedia.uplugin" 162
"../../../Engine/Plugins/Lumin/MagicLeapNetworking/MagicLeapNetworking.uplugin" 163
"../../../Engine/Plugins/Media/HardwareEncoders/HardwareEncoders.uplugin" 164
"../../../Engine/Plugins/Media/MediaFrameworkUtilities/MediaFrameworkUtilities.uplugin" 165
"../../../Engine/Plugins/Media/BinkMedia/BinkMedia.uplugin" 166
"../../../Engine/Plugins/Lumin/MagicLeapPassableWorld/MagicLeapPassableWorld.uplugin" 167
"../../../Engine/Plugins/Media/LinearTimecode/LinearTimecode.uplugin" 168
"../../../Engine/Plugins/Media/MediaCompositing/MediaCompositing.uplugin" 169
"../../../Engine/Plugins/Lumin/MagicLeapMusicService/MagicLeapMusicService.uplugin" 170
"../../../Engine/Plugins/Media/MediaPlayerEditor/MediaPlayerEditor.uplugin" 171
"../../../Engine/Plugins/Lumin/MagicLeapMedia/MagicLeapMedia.uplugin" 172
"../../../Engine/Plugins/Media/ElectraUtil/ElectraUtil.uplugin" 173
"../../../Engine/Plugins/Media/MediaIOFramework/MediaIOFramework.uplugin" 174
"../../../Engine/Plugins/Media/MediaMovieStreamer/MediaMovieStreamer.uplugin" 175
"../../../Engine/Plugins/Media/ImgMedia/ImgMedia.uplugin" 176
"../../../Engine/Plugins/Lumin/MagicLeapSharedFile/MagicLeapSharedFile.uplugin" 177
"../../../Engine/Plugins/Media/PixelStreaming/PixelStreaming.uplugin" 178
"../../../Engine/Plugins/Media/MfMedia/MfMedia.uplugin" 179
"../../../Engine/Plugins/Lumin/MagicLeapTablet/MagicLeapTablet.uplugin" 180
"../../../Engine/Plugins/Media/WebMMedia/WebMMedia.uplugin" 181
"../../../Engine/Plugins/Media/TimecodeSynchronizer/TimecodeSynchronizer.uplugin" 182
"../../../Engine/Plugins/Lumin/MLSDK/MLSDK.uplugin" 183
"../../../Engine/Plugins/Messaging/UdpMessaging/UdpMessaging.uplugin" 184
"../../../Engine/Plugins/MovieScene/ActorSequence/ActorSequence.uplugin" 185
"../../../Engine/Plugins/Media/WmfMedia/WmfMedia.uplugin" 186
"../../../Engine/Plugins/Media/AudioCaptureTimecodeProvider/AudioCaptureTimecodeProvider.uplugin" 187
"../../../Engine/Plugins/Messaging/MessagingDebugger/MessagingDebugger.uplugin" 188
"../../../Engine/Plugins/MovieScene/LevelSequenceEditor/LevelSequenceEditor.uplugin" 189
"../../../Engine/Plugins/Messaging/TcpMessaging/TcpMessaging.uplugin" 190
"../../../Engine/Plugins/MovieScene/CustomizableSequencerTracks/CustomizableSequencerTracks.uplugin" 191
"../../../Engine/Plugins/MovieScene/MoviePipelineMaskRenderPass/MoviePipelineMaskRenderPass.uplugin" 192
"../../../Engine/Plugins/MovieScene/MatineeToLevelSequence/MatineeToLevelSequence.uplugin" 193
"../../../Engine/Plugins/MovieScene/MovieRenderPipeline/MovieRenderPipeline.uplugin" 194
"../../../Engine/Plugins/MovieScene/SequencerScripting/SequencerScripting.uplugin" 195
"../../../Engine/Plugins/NetcodeUnitTest/NUTUnrealEngine4/NUTUnrealEngine4.uplugin" 196
"../../../Engine/Plugins/Media/HLMedia/HLMedia.uplugin" 197
"../../../Engine/Plugins/Online/EOSShared/EOSShared.uplugin" 198
"../../../Engine/Plugins/MovieScene/TemplateSequence/TemplateSequence.uplugin" 199
"../../../Engine/Plugins/NetcodeUnitTest/NetcodeUnitTest/NetcodeUnitTest.uplugin" 200
"../../../Engine/Plugins/Online/OnlineFramework/OnlineFramework.uplugin" 201
"../../../Engine/Plugins/MovieScene/ReplayTracks/ReplayTracks.uplugin" 202
"../../../Engine/Plugins/Online/OnlineSubsystem/OnlineSubsystem.uplugin" 203
"../../../Engine/Plugins/Online/OnlineSubsystemApple/OnlineSubsystemApple.uplugin" 204
"../../../Engine/Plugins/Portal/LauncherChunkInstaller/LauncherChunkInstaller.uplugin" 205
"../../../Engine/Plugins/Performance/PerformanceMonitor/PerformanceMonitor.uplugin" 206
"../../../Engine/Plugins/Online/OnlineSubsystemAmazon/OnlineSubsystemAmazon.uplugin" 207
"../../../Engine/Plugins/Online/OnlineSubsystemFacebook/OnlineSubsystemFacebook.uplugin" 208
"../../../Engine/Plugins/Online/OnlineSubsystemOculus/OnlineSubsystemOculus.uplugin" 209
"../../../Engine/Plugins/Online/OnlineSubsystemEOS/OnlineSubsystemEOS.uplugin" 210
"../../../Engine/Plugins/Online/OnlineSubsystemSteam/OnlineSubsystemSteam.uplugin" 211
"../../../Engine/Plugins/Online/OnlineSubsystemUtils/OnlineSubsystemUtils.uplugin" 212
"../../../Engine/Plugins/Runtime/AndroidMoviePlayer/AndroidMoviePlayer.uplugin" 213
"../../../Engine/Plugins/Online/OnlineSubsystemNull/OnlineSubsystemNull.uplugin" 214
"../../../Engine/Plugins/Runtime/ActorLayerUtilities/ActorLayerUtilities.uplugin" 215
"../../../Engine/Plugins/Runtime/AnimationBudgetAllocator/AnimationBudgetAllocator.uplugin" 216
"../../../Engine/Plugins/Online/WebAuth/WebAuth.uplugin" 217
"../../../Engine/Plugins/Online/OnlineSubsystemTencent/OnlineSubsystemTencent.uplugin" 218
"../../../Engine/Plugins/Runtime/AndroidPermission/AndroidPermission.uplugin" 219
"../../../Engine/Plugins/Runtime/ApexDestruction/ApexDestruction.uplugin" 220
"../../../Engine/Plugins/Online/OnlineSubsystemTwitch/OnlineSubsystemTwitch.uplugin" 221
"../../../Engine/Plugins/Runtime/AppleMoviePlayer/AppleMoviePlayer.uplugin" 222
"../../../Engine/Plugins/Online/OnlineSubsystemGoogle/OnlineSubsystemGoogle.uplugin" 223
"../../../Engine/Plugins/Runtime/AudioSynesthesia/AudioSynesthesia.uplugin" 224
"../../../Engine/Plugins/Runtime/ArchVisCharacter/ArchVisCharacter.uplugin" 225
"../../../Engine/Plugins/Runtime/AndroidDeviceProfileSelector/AndroidDeviceProfileSelector.uplugin" 226
"../../../Engine/Plugins/Runtime/AnimDistanceMatching/AnimDistanceMatching.uplugin" 227
"../../../Engine/Plugins/Runtime/Firebase/Firebase.uplugin" 228
"../../../Engine/Plugins/Runtime/AppleImageUtils/AppleImageUtils.uplugin" 229
"../../../Engine/Plugins/Runtime/CableComponent/CableComponent.uplugin" 230
"../../../Engine/Plugins/Runtime/ChunkDownloader/ChunkDownloader.uplugin" 231
"../../../Engine/Plugins/Runtime/CustomMeshComponent/CustomMeshComponent.uplugin" 232
"../../../Engine/Plugins/Runtime/ExampleDeviceProfileSelector/ExampleDeviceProfileSelector.uplugin" 233
"../../../Engine/Plugins/Runtime/AudioModulation/AudioModulation.uplugin" 234
"../../../Engine/Plugins/Runtime/GooglePAD/GooglePAD.uplugin" 235
"../../../Engine/Plugins/Runtime/AudioCapture/AudioCapture.uplugin" 236
"../../../Engine/Plugins/Runtime/GeoReferencing/GeoReferencing.uplugin" 237
"../../../Engine/Plugins/Runtime/EditableMesh/EditableMesh.uplugin" 238
"../../../Engine/Plugins/Runtime/GameplayAbilities/GameplayAbilities.uplugin" 239
"../../../Engine/Plugins/Runtime/HDRIBackdrop/HDRIBackdrop.uplugin" 240
"../../../Engine/Plugins/Runtime/GoogleCloudMessaging/GoogleCloudMessaging.uplugin" 241
"../../../Engine/Plugins/Runtime/IOSReplayKit/IOSReplayKit.uplugin" 242
"../../../Engine/Plugins/Runtime/HPMotionController/HPMotionController.uplugin" 243
"../../../Engine/Plugins/Runtime/IOSDeviceProfileSelector/IOSDeviceProfileSelector.uplugin" 244
"../../../Engine/Plugins/Runtime/LocationServicesBPLibrary/LocationServicesBPLibrary.uplugin" 245
"../../../Engine/Plugins/Runtime/MixedRealityCaptureFramework/MixedRealityCaptureFramework.uplugin" 246
"../../../Engine/Plugins/Runtime/HairStrands/HairStrands.uplugin" 247
"../../../Engine/Plugins/Runtime/LiveLinkOvernDisplay/LiveLinkOverNDisplay.uplugin" 248
"../../../Engine/Plugins/Runtime/MobilePatchingUtils/MobilePatchingUtils.uplugin" 249
"../../../Engine/Plugins/Runtime/nDisplay/nDisplay.uplugin" 250
"../../../Engine/Plugins/Runtime/HTTPChunkInstaller/HTTPChunkInstaller.uplugin" 251
"../../../Engine/Plugins/Runtime/LinuxDeviceProfileSelector/LinuxDeviceProfileSelector.uplugin" 252
"../../../Engine/Plugins/Runtime/NetworkPrediction/NetworkPrediction.uplugin" 253
"../../../Engine/Plugins/Runtime/MicrosoftSpatialAudio/MicroSoftSpatialSound.uplugin" 254
"../../../Engine/Plugins/Runtime/NetworkPredictionExtras/NetworkPredictionExtras.uplugin" 255
"../../../Engine/Plugins/Runtime/MIDIDevice/MIDIDevice.uplugin" 256
"../../../Engine/Plugins/Runtime/OpenXRHandTracking/OpenXRHandTracking.uplugin" 257
"../../../Engine/Plugins/Runtime/LocationServicesAndroidImpl/LocationServicesAndroidImpl.uplugin" 258
"../../../Engine/Plugins/Runtime/OSCModulationMixing/OSCModulationMixing.uplugin" 259
"../../../Engine/Plugins/Runtime/OpenXRMsftHandInteraction/OpenXRMsftHandInteraction.uplugin" 260
"../../../Engine/Plugins/Runtime/OpenXREyeTracker/OpenXREyeTracker.uplugin" 261
"../../../Engine/Plugins/Runtime/OpenXR/OpenXR.uplugin" 262
"../../../Engine/Plugins/Runtime/OSC/OSC.uplugin" 263
"../../../Engine/Plugins/Runtime/PreLoadScreenMoviePlayer/PreLoadScreenMoviePlayer.uplugin" 264
"../../../Engine/Plugins/Runtime/PostSplashScreen/PostSplashScreen.uplugin" 265
"../../../Engine/Plugins/Runtime/LocationServicesIOSImpl/LocationServicesIOSImpl.uplugin" 266
"../../../Engine/Plugins/Runtime/PhysXVehicles/PhysXVehicles.uplugin" 267
"../../../Engine/Plugins/Runtime/AssetTags/AssetTags.uplugin" 268
"../../../Engine/Plugins/Runtime/ProceduralMeshComponent/ProceduralMeshComponent.uplugin" 269
"../../../Engine/Plugins/Runtime/OptionalMobileFeaturesBPLibrary/OptionalMobileFeaturesBPLibrary.uplugin" 270
"../../../Engine/Plugins/Runtime/NetworkPredictionInsights/NetworkPredictionInsights.uplugin" 271
"../../../Engine/Plugins/Runtime/PropertyAccess/PropertyAccessEditor.uplugin" 272
"../../../Engine/Plugins/Runtime/ReplicationGraph/ReplicationGraph.uplugin" 273
"../../../Engine/Plugins/Runtime/DataRegistry/DataRegistry.uplugin" 274
"../../../Engine/Plugins/Runtime/SoundMod/SoundMod.uplugin" 275
"../../../Engine/Plugins/Runtime/RuntimePhysXCooking/RuntimePhysXCooking.uplugin" 276
"../../../Engine/Plugins/Runtime/Spatialization/Spatialization.uplugin" 277
"../../../Engine/Plugins/Runtime/ResonanceAudio/ResonanceAudio.uplugin" 278
"../../../Engine/Plugins/Runtime/SoundVisualizations/SoundVisualizations.uplugin" 279
"../../../Engine/Plugins/Runtime/SoundUtilities/SoundUtilities.uplugin" 280
"../../../Engine/Plugins/Tests/EditorTests/EditorTests.uplugin" 281
"../../../Engine/Plugins/Runtime/SignificanceManager/SignificanceManager.uplugin" 282
"../../../Engine/Plugins/Tests/FunctionalTestingEditor/FunctionalTestingEditor.uplugin" 283
"../../../Engine/Plugins/Runtime/Synthesis/Synthesis.uplugin" 284
"../../../Engine/Plugins/Runtime/SoundCueTemplates/SoundCueTemplates.uplugin" 285
"../../../Engine/Plugins/Runtime/SoundFields/SoundFields.uplugin" 286
"../../../Engine/Plugins/Runtime/TextureShare/TextureShare.uplugin" 287
"../../../Engine/Plugins/Runtime/WarpUtils/WarpUtils.uplugin" 288
"../../../Engine/Plugins/Runtime/SunPosition/SunPosition.uplugin" 289
"../../../Engine/Plugins/Tests/FbxAutomationTestBuilder/FbxAutomationTestBuilder.uplugin" 290
"../../../Engine/Plugins/Tests/RHITests/RHITests.uplugin" 291
"../../../Engine/Plugins/Runtime/WebBrowserWidget/WebBrowserWidget.uplugin" 292
"../../../Engine/Plugins/Tests/PythonAutomationTest/PythonAutomationTest.uplugin" 293
"../../../Engine/Plugins/Runtime/WebMMoviePlayer/WebMMoviePlayer.uplugin" 294
"../../../Engine/Plugins/Runtime/WebBrowserNativeProxy/WebBrowserNativeProxy.uplugin" 295
"../../../Engine/Plugins/Runtime/WindowsDeviceProfileSelector/WindowsDeviceProfileSelector.uplugin" 296
"../../../Engine/Plugins/Slate/SlateInsights/SlateInsights.uplugin" 297
"../../../Engine/Plugins/Tests/RuntimeTests/RuntimeTests.uplugin" 298
"../../../Engine/Plugins/Slate/SlateRemote/SlateRemote.uplugin" 299
"../../../Engine/Plugins/VirtualProduction/CameraCalibrationCore/CameraCalibrationCore.uplugin" 300
"../../../Engine/Plugins/Runtime/WindowsMixedReality/WindowsMixedReality.uplugin" 301
"../../../Engine/Plugins/VirtualProduction/CompositePlane/CompositePlane.uplugin" 302
"../../../Engine/Plugins/VirtualProduction/DataCharts/DataCharts.uplugin" 303
"../../../Engine/Plugins/VirtualProduction/ICVFX/ICVFX.uplugin" 304
"../../../Engine/Plugins/Runtime/WindowsMoviePlayer/WindowsMoviePlayer.uplugin" 305
"../../../Engine/Plugins/VirtualProduction/LiveLinkFreeD/LiveLinkFreeD.uplugin" 306
"../../../Engine/Plugins/Runtime/TimeSynth/TimeSynth.uplugin" 307
"../../../Engine/Plugins/VirtualProduction/LiveLinkPrestonMDR/LiveLinkPrestonMDR.uplugin" 308
"../../../Engine/Plugins/VirtualProduction/LiveLinkCamera/LiveLinkCamera.uplugin" 309
"../../../Engine/Plugins/Tests/ScreenshotTools/ScreenshotTools.uplugin" 310
"../../../Engine/Plugins/VirtualProduction/LiveLinkMasterLockit/LiveLinkMasterLockit.uplugin" 311
"../../../Engine/Plugins/VirtualProduction/nDisplaySupportForLevelSnapshots/nDisplaySupportForLevelSnapshots.uplugin" 312
"../../../Engine/Plugins/VirtualProduction/RemoteControlInterception/RemoteControlInterception.uplugin" 313
"../../../Engine/Plugins/VirtualProduction/LiveLinkLens/LiveLinkLens.uplugin" 314
"../../../Engine/Plugins/VirtualProduction/RemoteControlProtocolMIDI/RemoteControlProtocolMIDI.uplugin" 315
"../../../Engine/Plugins/VirtualProduction/LiveLinkVRPN/LiveLinkVRPN.uplugin" 316
"../../../Engine/Plugins/VirtualProduction/RemoteControlProtocolOSC/RemoteControlProtocolOSC.uplugin" 317
"../../../Engine/Plugins/VirtualProduction/RemoteControlWebInterface/RemoteControlWebInterface.uplugin" 318
"../../../Engine/Plugins/VirtualProduction/StageMonitoring/StageMonitoring.uplugin" 319
"../../../Engine/Plugins/VirtualProduction/Takes/Takes.uplugin" 320
"../../../Engine/Plugins/VirtualProduction/MultiUserTakes/MultiUserTakes.uplugin" 321
"../../../Engine/Plugins/VirtualProduction/LiveLinkXR/LiveLinkXR.uplugin" 322
"../../../Engine/Plugins/Editor/AssetSearch/AssetSearch.uplugin" 323
"../../../Engine/Plugins/VirtualProduction/TimedDataMonitor/TimedDataMonitor.uplugin" 324
"../../../Engine/Plugins/Editor/FacialAnimation/FacialAnimation.uplugin" 325
"../../../Engine/Plugins/Editor/BlueprintMaterialTextureNodes/BlueprintMaterialTextureNodes.uplugin" 326
"../../../Engine/Plugins/Editor/EditorScriptingUtilities/EditorScriptingUtilities.uplugin" 327
"../../../Engine/Plugins/Editor/GLTFImporter/GLTFImporter.uplugin" 328
"../../../Engine/Plugins/VirtualProduction/RemoteControl/RemoteControl.uplugin" 329
"../../../Engine/Plugins/Editor/GameplayTagsEditor/GameplayTagsEditor.uplugin" 330
"../../../Engine/Plugins/VirtualProduction/CameraCalibration/CameraCalibration.uplugin" 331
"../../../Engine/Plugins/Editor/GeometryMode/GeometryMode.uplugin" 332
"../../../Engine/Plugins/Editor/CryptoKeys/CryptoKeys.uplugin" 333
"../../../Engine/Plugins/VirtualProduction/LevelSnapshots/LevelSnapshots.uplugin" 334
"../../../Engine/Plugins/Editor/MacGraphicsSwitching/MacGraphicsSwitching.uplugin" 335
"../../../Engine/Plugins/Editor/MobileLauncherProfileWizard/MobileLauncherProfileWizard.uplugin" 336
"../../../Engine/Plugins/Editor/PluginBrowser/PluginBrowser.uplugin" 337
"../../../Engine/Plugins/Editor/StylusInput/StylusInput.uplugin" 338
"../../../Engine/Plugins/VirtualProduction/Switchboard/Switchboard.uplugin" 339
"../../../Engine/Plugins/Editor/SpeedTreeImporter/SpeedTreeImporter.uplugin" 340
"../../../Engine/Plugins/Editor/MaterialAnalyzer/MaterialAnalyzer.uplugin" 341
"../../../Engine/Plugins/Editor/CurveEditorTools/CurveEditorTools.uplugin" 342
"../../../Engine/Plugins/Editor/DataValidation/DataValidation.uplugin" 343
"../../../Engine/Plugins/FX/Niagara/Niagara.uplugin" 344
"../../../Engine/Plugins/Enterprise/DatasmithCADImporter/DatasmithCADImporter.uplugin" 345
"../../../Engine/Plugins/AI/UE4ML/UE4ML.uplugin" 346
"../../../Engine/Plugins/Experimental/Enterprise/DataprepGeometryOperations/DataprepGeometryOperations.uplugin" 347
"../../../Engine/Plugins/Experimental/AR/PointCloud/PointCloud.uplugin" 348
"../../../Engine/Plugins/Experimental/Enterprise/DatasmithRuntime/DatasmithRuntime.uplugin" 349
"../../../Engine/Plugins/Developer/Concert/DisasterRecoveryClient/DisasterRecoveryClient.uplugin" 350
"../../../Engine/Plugins/Experimental/VirtualProduction/LedWallCalibration/LedWallCalibration.uplugin" 351
"../../../Engine/Plugins/Developer/Concert/ConcertMain/ConcertMain.uplugin" 352
"../../../Engine/Plugins/Developer/Concert/MultiUserClient/MultiUserClient.uplugin" 353
"../../../Engine/Plugins/Online/Android/OnlineSubsystemGameCircle/OnlineSubsystemGameCircle.uplugin" 354
"../../../Engine/Plugins/Online/VoiceChat/EOSVoiceChat/EOSVoiceChat.uplugin" 355
"../../../Engine/Plugins/Online/IOS/OnlineSubsystemIOS/OnlineSubsystemIOS.uplugin" 356
"../../../Engine/Plugins/Runtime/Analytics/Adjust/Adjust.uplugin" 357
"../../../Engine/Plugins/Online/VoiceChat/VivoxVoiceChat/VivoxVoiceChat.uplugin" 358
"../../../Engine/Plugins/Runtime/Advertising/IOSTapJoy/IOSTapJoy.uplugin" 359
"../../../Engine/Plugins/Runtime/Analytics/AnalyticsBlueprintLibrary/AnalyticsBlueprintLibrary.uplugin" 360
"../../../Engine/Plugins/Runtime/Analytics/AnalyticsMulticast/AnalyticsMulticast.uplugin" 361
"../../../Engine/Plugins/Runtime/Analytics/Flurry/Flurry.uplugin" 362
"../../../Engine/Plugins/Online/VoiceChat/VoiceChat/VoiceChat.uplugin" 363
"../../../Engine/Plugins/Runtime/AR/AzureSpatialAnchors/AzureSpatialAnchors.uplugin" 364
"../../../Engine/Plugins/Runtime/AR/ARUtilities/ARUtilities.uplugin" 365
"../../../Engine/Plugins/Runtime/AR/AzureSpatialAnchorsForARKit/AzureSpatialAnchorsForARKit.uplugin" 366
"../../../Engine/Plugins/Runtime/AR/AzureSpatialAnchorsForARCore/AzureSpatialAnchorsForARCore.uplugin" 367
"../../../Engine/Plugins/Runtime/Analytics/FileLogging/FileLogging.uplugin" 368
"../../../Engine/Plugins/Runtime/Database/SQLiteCore/SQLiteCore.uplugin" 369
"../../../Engine/Plugins/Runtime/Database/SQLiteSupport/SQLiteSupport.uplugin" 370
"../../../Engine/Plugins/Runtime/AR/AzureSpatialAnchorsForWMR/AzureSpatialAnchorsForWMR.uplugin" 371
"../../../Engine/Plugins/Runtime/Database/ADOSupport/ADOSupport.uplugin" 372
"../../../Engine/Plugins/Runtime/Database/DatabaseSupport/DatabaseSupport.uplugin" 373
"../../../Engine/Plugins/Runtime/GoogleVR/GoogleVRController/GoogleVRController.uplugin" 374
"../../../Engine/Plugins/Editor/MeshEditor/MeshEditor.uplugin" 375
"../../../Engine/Plugins/Runtime/MeshReconstruction/DummyMeshReconstructor/DummyMeshReconstructor.uplugin" 376
"../../../Engine/Plugins/Runtime/GoogleVR/GoogleVRTransition2D/GoogleVRTransition2D.uplugin" 377
"../../../Engine/Plugins/Runtime/Database/RemoteDatabaseSupport/RemoteDatabaseSupport.uplugin" 378
"../../../Engine/Plugins/Runtime/GoogleVR/GoogleVRHMD/GoogleVRHMD.uplugin" 379
"../../../Engine/Plugins/Runtime/Oculus/OculusVR/OculusVR.uplugin" 380
"../../../Engine/Plugins/Runtime/Nvidia/Reflex/Reflex.uplugin" 381
"../../../Engine/Plugins/Runtime/Oculus/OculusAudio/OculusAudio.uplugin" 382
"../../../Engine/Plugins/Runtime/Oculus/OculusOpenXR/OculusOpenXR.uplugin" 383
"../../../Engine/Plugins/Runtime/Nvidia/Ansel/Ansel.uplugin" 384
"../../../Engine/Plugins/Runtime/PacketHandlers/DTLSHandlerComponent/DTLSHandlerComponent.uplugin" 385
"../../../Engine/Plugins/Runtime/PacketHandlers/AESGCMHandlerComponent/AESGCMHandlerComponent.uplugin" 386
"../../../Engine/Plugins/Runtime/Steam/SteamAudio/SteamAudio.uplugin" 387
"../../../Engine/Plugins/Runtime/Steam/SteamShared/SteamShared.uplugin" 388
"../../../Engine/Plugins/Runtime/Steam/SteamController/SteamController.uplugin" 389
"../../../Engine/Plugins/Runtime/Steam/SteamSockets/SteamSockets.uplugin" 390
"../../../Engine/Plugins/Runtime/Steam/SteamVR/SteamVR.uplugin" 391
"../../../Engine/Plugins/Runtime/Windows/WinDualShock/WinDualShock.uplugin" 392
"../../../Engine/Plugins/Online/Android/OnlineSubsystemGooglePlay/OnlineSubsystemGooglePlay.uplugin" 393
"../../../Engine/Plugins/Runtime/XR/XRVisualization/XRVisualization.uplugin" 394
"../../../Engine/Plugins/VirtualProduction/DMX/DMXFixtures/DMXFixtures.uplugin" 395
"../../../Engine/Plugins/Runtime/PacketHandlers/AESHandlerComponent/AESHandlerComponent.uplugin" 396
"../../../Engine/Plugins/VirtualProduction/DMX/DMXProtocol/DMXProtocol.uplugin" 397
"../../../Engine/Plugins/VirtualProduction/DMX/DMXPixelMapping/DMXPixelMapping.uplugin" 398
"../../../Engine/Plugins/Editor/ContentBrowser/ContentBrowserAssetDataSource/ContentBrowserAssetDataSource.uplugin" 399
"../../../Engine/Plugins/Editor/ContentBrowser/ContentBrowserFileDataSource/ContentBrowserFileDataSource.uplugin" 400
"../../../Engine/Plugins/VirtualProduction/DMX/DMXDisplayCluster/DMXDisplayCluster.uplugin" 401
"../../../Engine/Plugins/Developer/Concert/ConcertSync/ConcertSyncClient/ConcertSyncClient.uplugin" 402
"../../../Engine/Plugins/Developer/Concert/ConcertSync/ConcertSyncCore/ConcertSyncCore.uplugin" 403
"../../../Engine/Plugins/Developer/Concert/ConcertSync/ConcertSyncServer/ConcertSyncServer.uplugin" 404
"../../../Engine/Plugins/Developer/Concert/ConcertSync/ConcertSyncTest/ConcertSyncTest.uplugin" 405
"../../../Engine/Plugins/Runtime/AR/AppleAR/AppleARKitFaceSupport/AppleARKitFaceSupport.uplugin" 406
"../../../Engine/Plugins/Runtime/AR/Microsoft/HoloLensAR/HoloLensAR.uplugin" 407
"../../../Engine/Plugins/Runtime/AR/AppleAR/AppleARKit/AppleARKit.uplugin" 408
"../../../Engine/Plugins/VirtualProduction/RemoteControlProtocolDMX/RemoteControlProtocolDMX.uplugin" 409
"../../../Engine/Plugins/VirtualProduction/DMX/DMXEngine/DMXEngine.uplugin" 410
"../../../Engine/Plugins/Editor/ContentBrowser/ContentBrowserClassDataSource/ContentBrowserClassDataSource.uplugin" 411
"../../../Engine/Plugins/Runtime/AR/Google/GoogleARCore/GoogleARCore.uplugin" 412
"../../../Engine/Plugins/Runtime/AR/Google/GoogleARCoreServices/GoogleARCoreServices.uplugin" 413
"../../../Engine/Content/Internationalization/icudt64l/cnvalias.icu" 414
"../../../Engine/Content/Internationalization/icudt64l/res_index.res" 415
"../../../Engine/Content/Internationalization/icudt64l/plurals.res" 416
"../../../Engine/Content/Internationalization/icudt64l/lang/ru.res" 417
"../../../Engine/Content/Internationalization/icudt64l/lang/pool.res" 418
"../../../Engine/Content/Internationalization/icudt64l/lang/root.res" 419
"../../../Engine/Content/Internationalization/icudt64l/region/ru.res" 420
"../../../Engine/Content/Internationalization/icudt64l/region/pool.res" 421
"../../../Engine/Content/Internationalization/icudt64l/region/root.res" 422
"../../../Engine/Content/Internationalization/icudt64l/lang/en.res" 423
"../../../Engine/Content/Internationalization/icudt64l/region/en.res" 424
"../../../Engine/Content/Internationalization/icudt64l/windowsZones.res" 425
"../../../Engine/Content/Internationalization/icudt64l/zoneinfo64.res" 426
"../../../Engine/Content/Internationalization/icudt64l/keyTypeData.res" 427
"../../../Engine/Content/Internationalization/icudt64l/timezoneTypes.res" 428
"../../../Engine/Content/Internationalization/icudt64l/likelySubtags.res" 429
"../../../Engine/Content/Internationalization/icudt64l/ru_RU.res" 430
"../../../Engine/Content/Internationalization/icudt64l/pool.res" 431
"../../../Engine/Content/Internationalization/icudt64l/ru.res" 432
"../../../Engine/Content/Internationalization/icudt64l/root.res" 433
"../../../Engine/Content/Internationalization/icudt64l/supplementalData.res" 434
"C:/Users/Murad/AppData/Local/UnrealEngine/4.27/Saved/Config/Windows/Manifest.ini" 435
"../../../Engine/Config/Windows/BaseWindowsEngine.ini" 436
"../../../Engine/Config/Windows/WindowsEngine.ini" 437
"C:/Users/Murad/Documents/Unreal Projects/Peacekeeper_3D/Saved/Config/Windows/Engine.ini" 438
"../../../Engine/Config/BaseGame.ini" 439
"../../../../../../Users/Murad/Documents/Unreal Projects/Peacekeeper_3D/Config/DefaultGame.ini" 440
"../../../Engine/Config/Windows/WindowsGame.ini" 441
"C:/Users/Murad/Documents/Unreal Projects/Peacekeeper_3D/Saved/Config/Windows/Game.ini" 442
"../../../Engine/Config/BaseInput.ini" 443
"../../../../../../Users/Murad/Documents/Unreal Projects/Peacekeeper_3D/Config/DefaultInput.ini" 444
"C:/Users/Murad/Documents/Unreal Projects/Peacekeeper_3D/Saved/Config/Windows/Input.ini" 445
"../../../Engine/Config/BaseEditor.ini" 446
"../../../../../../Users/Murad/Documents/Unreal Projects/Peacekeeper_3D/Config/DefaultEditor.ini" 447
"C:/Users/Murad/Documents/Unreal Projects/Peacekeeper_3D/Saved/Config/Windows/Editor.ini" 448
"../../../Engine/Config/BaseEditorPerProjectUserSettings.ini" 449
"../../../../../../Users/Murad/Documents/Unreal Projects/Peacekeeper_3D/Config/DefaultEditorPerProjectUserSettings.ini" 450
"C:/Users/Murad/Documents/Unreal Projects/Peacekeeper_3D/Saved/Config/Windows/EditorPerProjectUserSettings.ini" 451
"../../../Engine/Config/BaseEditorSettings.ini" 452
"C:/Users/Murad/AppData/Local/UnrealEngine/4.27/Saved/Config/Windows/EditorSettings.ini" 453
"../../../Engine/Config/BaseEditorKeyBindings.ini" 454
"C:/Users/Murad/AppData/Local/UnrealEngine/4.27/Saved/Config/Windows/EditorKeyBindings.ini" 455
"C:/Users/Murad/AppData/Local/UnrealEngine/4.27/Saved/Config/Windows/EditorLayout.ini" 456
"../../../Engine/Config/BaseCompat.ini" 457
"C:/Users/Murad/Documents/Unreal Projects/Peacekeeper_3D/Saved/Config/Windows/Compat.ini" 458
"../../../Engine/Config/BaseLightmass.ini" 459
"C:/Users/Murad/Documents/Unreal Projects/Peacekeeper_3D/Saved/Config/Windows/Lightmass.ini" 460
"../../../Engine/Config/BaseScalability.ini" 461
"C:/Users/Murad/Documents/Unreal Projects/Peacekeeper_3D/Saved/Config/Windows/Scalability.ini" 462
"../../../Engine/Config/BaseHardware.ini" 463
"C:/Users/Murad/Documents/Unreal Projects/Peacekeeper_3D/Saved/Config/Windows/Hardware.ini" 464
"../../../Engine/Config/BaseRuntimeOptions.ini" 465
"C:/Users/Murad/Documents/Unreal Projects/Peacekeeper_3D/Saved/Config/Windows/RuntimeOptions.ini" 466
"../../../Engine/Config/BaseInstallBundle.ini" 467
"../../../Engine/Config/BaseDeviceProfiles.ini" 468
"C:/Users/Murad/Documents/Unreal Projects/Peacekeeper_3D/Saved/Config/Windows/DeviceProfiles.ini" 469
"../../../Engine/Config/BaseGameUserSettings.ini" 470
"C:/Users/Murad/Documents/Unreal Projects/Peacekeeper_3D/Saved/Config/Windows/GameUserSettings.ini" 471
"../../../../../../Users/Murad/Documents/Unreal Projects/Peacekeeper_3D/Binaries/Win64/Peacekeeper_3DEditor.target" 472
"../../../Engine/Plugins/2D/Paper2D/Config/BasePaper2D.ini" 473
"C:/Users/Murad/Documents/Unreal Projects/Peacekeeper_3D/Saved/Config/Windows/Paper2D.ini" 474
"../../../Engine/Plugins/Animation/LiveLink/Config/BaseLiveLink.ini" 475
"C:/Users/Murad/Documents/Unreal Projects/Peacekeeper_3D/Saved/Config/Windows/LiveLink.ini" 476
"../../../Engine/Plugins/Enterprise/VariantManagerContent/Config/BaseVariantManagerContent.ini" 477
"C:/Users/Murad/Documents/Unreal Projects/Peacekeeper_3D/Saved/Config/Windows/VariantManagerContent.ini" 478
"../../../Engine/Plugins/Experimental/MotoSynth/Config/BaseMotoSynth.ini" 479
"C:/Users/Murad/Documents/Unreal Projects/Peacekeeper_3D/Saved/Config/Windows/MotoSynth.ini" 480
"../../../Engine/Plugins/Lumin/MagicLeap/Config/BaseMagicLeap.ini" 481
"C:/Users/Murad/Documents/Unreal Projects/Peacekeeper_3D/Saved/Config/Windows/MagicLeap.ini" 482
"../../../Engine/Plugins/Lumin/MagicLeapLightEstimation/Config/BaseMagicLeapLightEstimation.ini" 483
"C:/Users/Murad/Documents/Unreal Projects/Peacekeeper_3D/Saved/Config/Windows/MagicLeapLightEstimation.ini" 484
"../../../Engine/Plugins/Runtime/PostSplashScreen/Config/BasePostSplashScreen.ini" 485
"C:/Users/Murad/Documents/Unreal Projects/Peacekeeper_3D/Saved/Config/Windows/PostSplashScreen.ini" 486
"../../../Engine/Plugins/Runtime/PhysXVehicles/Config/BasePhysXVehicles.ini" 487
"C:/Users/Murad/Documents/Unreal Projects/Peacekeeper_3D/Saved/Config/Windows/PhysXVehicles.ini" 488
"../../../Engine/Plugins/Runtime/Synthesis/Config/BaseSynthesis.ini" 489
"C:/Users/Murad/Documents/Unreal Projects/Peacekeeper_3D/Saved/Config/Windows/Synthesis.ini" 490
"../../../Engine/Plugins/FX/Niagara/Config/BaseNiagara.ini" 491
"C:/Users/Murad/Documents/Unreal Projects/Peacekeeper_3D/Saved/Config/Windows/Niagara.ini" 492
"../../../Engine/Plugins/Runtime/Oculus/OculusVR/Config/BaseOculusVR.ini" 493
"C:/Users/Murad/Documents/Unreal Projects/Peacekeeper_3D/Saved/Config/Windows/OculusVR.ini" 494
"../../../Engine/Plugins/MeshPainting/Binaries/Win64/UE4Editor.modules" 495
"../../../Engine/Plugins/Experimental/GeometryProcessing/Binaries/Win64/UE4Editor.modules" 496
"../../../Engine/Plugins/XGEController/Binaries/Win64/UE4Editor.modules" 497
"../../../Engine/Plugins/2D/Paper2D/Binaries/Win64/UE4Editor.modules" 498
"../../../Engine/Plugins/AI/AISupport/Binaries/Win64/UE4Editor.modules" 499
"../../../Engine/Plugins/AI/EnvironmentQueryEditor/Binaries/Win64/UE4Editor.modules" 500
"../../../Engine/Plugins/Blendables/LightPropagationVolume/Binaries/Win64/UE4Editor.modules" 501
"../../../Engine/Plugins/Compression/OodleData/Binaries/Win64/UE4Editor.modules" 502
"../../../Engine/Plugins/Compression/OodleNetwork/Binaries/Win64/UE4Editor.modules" 503
"../../../Engine/Plugins/Enterprise/DatasmithContent/Binaries/Win64/UE4Editor.modules" 504
"../../../Engine/Plugins/Enterprise/VariantManagerContent/Binaries/Win64/UE4Editor.modules" 505
"../../../Engine/Plugins/Editor/AssetManagerEditor/Binaries/Win64/UE4Editor.modules" 506
"../../../Engine/Plugins/Experimental/AlembicImporter/Binaries/Win64/UE4Editor.modules" 507
"../../../Engine/Plugins/Experimental/GeometryCache/Binaries/Win64/UE4Editor.modules" 508
"../../../Engine/Plugins/Cameras/GameplayCameras/Binaries/Win64/UE4Editor.modules" 509
"../../../Engine/Plugins/MovieScene/TemplateSequence/Binaries/Win64/UE4Editor.modules" 510
"../../../Engine/Plugins/MovieScene/LevelSequenceEditor/Binaries/Win64/UE4Editor.modules" 511
"../../../Engine/Plugins/Experimental/BackChannel/Binaries/Win64/UE4Editor.modules" 512
"../../../Engine/Plugins/Cameras/CameraShakePreviewer/Binaries/Win64/UE4Editor.modules" 513
"../../../Engine/Plugins/Experimental/ChaosCloth/Binaries/Win64/UE4Editor.modules" 514
"../../../Engine/Plugins/Experimental/AutomationUtils/Binaries/Win64/UE4Editor.modules" 515
"../../../Engine/Plugins/Tests/ScreenshotTools/Binaries/Win64/UE4Editor.modules" 516
"../../../Engine/Plugins/Experimental/ChaosSolverPlugin/Binaries/Win64/UE4Editor.modules" 517
"../../../Engine/Plugins/Experimental/ChaosClothEditor/Binaries/Win64/UE4Editor.modules" 518
"../../../Engine/Plugins/Experimental/ChaosNiagara/Binaries/Win64/UE4Editor.modules" 519
"../../../Engine/Plugins/FX/Niagara/Binaries/Win64/UE4Editor.modules" 520
"../../../Engine/Plugins/Experimental/PythonScriptPlugin/Binaries/Win64/UE4Editor.modules" 521
"../../../Engine/Plugins/Editor/ContentBrowser/ContentBrowserFileDataSource/Binaries/Win64/UE4Editor.modules" 522
"../../../Engine/Plugins/Experimental/CharacterAI/Binaries/Win64/UE4Editor.modules" 523
"../../../Engine/Plugins/Developer/CLionSourceCodeAccess/Binaries/Win64/UE4Editor.modules" 524
"../../../Engine/Plugins/Experimental/ChaosEditor/Binaries/Win64/UE4Editor.modules" 525
"../../../Engine/Plugins/Experimental/PlanarCutPlugin/Binaries/Win64/UE4Editor.modules" 526
"../../../Engine/Plugins/Runtime/EditableMesh/Binaries/Win64/UE4Editor.modules" 527
"../../../Engine/Plugins/Experimental/GeometryCollectionPlugin/Binaries/Win64/UE4Editor.modules" 528
"../../../Engine/Plugins/Runtime/ProceduralMeshComponent/Binaries/Win64/UE4Editor.modules" 529
"../../../Engine/Plugins/Developer/GitSourceControl/Binaries/Win64/UE4Editor.modules" 530
"../../../Engine/Plugins/Developer/PixWinPlugin/Binaries/Win64/UE4Editor.modules" 531
"../../../Engine/Plugins/Developer/PerforceSourceControl/Binaries/Win64/UE4Editor.modules" 532
"../../../Engine/Plugins/Developer/AnimationSharing/Binaries/Win64/UE4Editor.modules" 533
"../../../Engine/Plugins/Runtime/SignificanceManager/Binaries/Win64/UE4Editor.modules" 534
"../../../Engine/Plugins/Developer/PluginUtils/Binaries/Win64/UE4Editor.modules" 535
"../../../Engine/Plugins/Developer/PlasticSourceControl/Binaries/Win64/UE4Editor.modules" 536
"../../../Engine/Plugins/Developer/PropertyAccessNode/Binaries/Win64/UE4Editor.modules" 537
"../../../Engine/Plugins/Runtime/PropertyAccess/Binaries/Win64/UE4Editor.modules" 538
"../../../Engine/Plugins/Developer/RiderSourceCodeAccess/Binaries/Win64/UE4Editor.modules" 539
"../../../Engine/Plugins/Developer/SubversionSourceControl/Binaries/Win64/UE4Editor.modules" 540
"../../../Engine/Plugins/Developer/UObjectPlugin/Binaries/Win64/UE4Editor.modules" 541
"../../../Engine/Plugins/Developer/TextureFormatOodle/Binaries/Win64/UE4Editor.modules" 542
"../../../Engine/Plugins/Developer/VisualStudioCodeSourceCodeAccess/Binaries/Win64/UE4Editor.modules" 543
"../../../Engine/Plugins/Developer/VisualStudioSourceCodeAccess/Binaries/Win64/UE4Editor.modules" 544
"../../../Engine/Plugins/Experimental/PlatformCrypto/Binaries/Win64/UE4Editor.modules" 545
"../../../Engine/Plugins/Experimental/OpenImageDenoise/Binaries/Win64/UE4Editor.modules" 546
"../../../Engine/Plugins/Experimental/MotoSynth/Binaries/Win64/UE4Editor.modules" 547
"../../../Engine/Plugins/Experimental/ProxyLODPlugin/Binaries/Win64/UE4Editor.modules" 548
"../../../Engine/Plugins/Experimental/SkeletalReduction/Binaries/Win64/UE4Editor.modules" 549
"../../../Engine/Plugins/Media/AndroidMedia/Binaries/Win64/UE4Editor.modules" 550
"../../../Engine/Plugins/Media/AvfMedia/Binaries/Win64/UE4Editor.modules" 551
"../../../Engine/Plugins/Lumin/MLSDK/Binaries/Win64/UE4Editor.modules" 552
"../../../Engine/Plugins/Lumin/MagicLeap/Binaries/Win64/UE4Editor.modules" 553
"../../../Engine/Plugins/Lumin/MagicLeapPassableWorld/Binaries/Win64/UE4Editor.modules" 554
"../../../Engine/Plugins/Lumin/MagicLeapLightEstimation/Binaries/Win64/UE4Editor.modules" 555
"../../../Engine/Plugins/Lumin/MagicLeapMedia/Binaries/Win64/UE4Editor.modules" 556
"../../../Engine/Plugins/Media/MediaCompositing/Binaries/Win64/UE4Editor.modules" 557
"../../../Engine/Plugins/Media/ImgMedia/Binaries/Win64/UE4Editor.modules" 558
"../../../Engine/Plugins/Media/MediaPlayerEditor/Binaries/Win64/UE4Editor.modules" 559
"../../../Engine/Plugins/Media/WmfMedia/Binaries/Win64/UE4Editor.modules" 560
"../../../Engine/Plugins/Messaging/UdpMessaging/Binaries/Win64/UE4Editor.modules" 561
"../../../Engine/Plugins/MovieScene/ActorSequence/Binaries/Win64/UE4Editor.modules" 562
"../../../Engine/Plugins/Messaging/TcpMessaging/Binaries/Win64/UE4Editor.modules" 563
"../../../Engine/Plugins/MovieScene/MatineeToLevelSequence/Binaries/Win64/UE4Editor.modules" 564
"../../../Engine/Plugins/Online/OnlineSubsystem/Binaries/Win64/UE4Editor.modules" 565
"../../../Engine/Plugins/Portal/LauncherChunkInstaller/Binaries/Win64/UE4Editor.modules" 566
"../../../Engine/Plugins/Online/OnlineSubsystemNull/Binaries/Win64/UE4Editor.modules" 567
"../../../Engine/Plugins/Online/OnlineSubsystemUtils/Binaries/Win64/UE4Editor.modules" 568
"../../../Engine/Plugins/Runtime/ActorLayerUtilities/Binaries/Win64/UE4Editor.modules" 569
"../../../Engine/Plugins/Runtime/AndroidDeviceProfileSelector/Binaries/Win64/UE4Editor.modules" 570
"../../../Engine/Plugins/Runtime/AndroidPermission/Binaries/Win64/UE4Editor.modules" 571
"../../../Engine/Plugins/Runtime/AppleImageUtils/Binaries/Win64/UE4Editor.modules" 572
"../../../Engine/Plugins/Runtime/AssetTags/Binaries/Win64/UE4Editor.modules" 573
"../../../Engine/Plugins/Runtime/AudioCapture/Binaries/Win64/UE4Editor.modules" 574
"../../../Engine/Plugins/Runtime/ArchVisCharacter/Binaries/Win64/UE4Editor.modules" 575
"../../../Engine/Plugins/Runtime/CableComponent/Binaries/Win64/UE4Editor.modules" 576
"../../../Engine/Plugins/Runtime/CustomMeshComponent/Binaries/Win64/UE4Editor.modules" 577
"../../../Engine/Plugins/Runtime/ExampleDeviceProfileSelector/Binaries/Win64/UE4Editor.modules" 578
"../../../Engine/Plugins/Runtime/ChunkDownloader/Binaries/Win64/UE4Editor.modules" 579
"../../../Engine/Plugins/Runtime/GooglePAD/Binaries/Win64/UE4Editor.modules" 580
"../../../Engine/Plugins/Runtime/LocationServicesBPLibrary/Binaries/Win64/UE4Editor.modules" 581
"../../../Engine/Plugins/Runtime/MobilePatchingUtils/Binaries/Win64/UE4Editor.modules" 582
"../../../Engine/Plugins/Runtime/OpenXRHandTracking/Binaries/Win64/UE4Editor.modules" 583
"../../../Engine/Plugins/Runtime/OpenXR/Binaries/Win64/UE4Editor.modules" 584
"../../../Engine/Plugins/Animation/LiveLink/Binaries/Win64/UE4Editor.modules" 585
"../../../Engine/Plugins/VirtualProduction/Takes/Binaries/Win64/UE4Editor.modules" 586
"../../../Engine/Plugins/Runtime/OpenXREyeTracker/Binaries/Win64/UE4Editor.modules" 587
"../../../Engine/Plugins/Runtime/PhysXVehicles/Binaries/Win64/UE4Editor.modules" 588
"../../../Engine/Plugins/Runtime/RuntimePhysXCooking/Binaries/Win64/UE4Editor.modules" 589
"../../../Engine/Plugins/Runtime/SoundFields/Binaries/Win64/UE4Editor.modules" 590
"../../../Engine/Plugins/Runtime/Synthesis/Binaries/Win64/UE4Editor.modules" 591
"../../../Engine/Plugins/Runtime/AudioSynesthesia/Binaries/Win64/UE4Editor.modules" 592
"../../../Engine/Plugins/Runtime/WebMMoviePlayer/Binaries/Win64/UE4Editor.modules" 593
"../../../Engine/Plugins/Media/WebMMedia/Binaries/Win64/UE4Editor.modules" 594
"../../../Engine/Plugins/Runtime/WindowsMoviePlayer/Binaries/Win64/UE4Editor.modules" 595
"../../../Engine/Plugins/Editor/FacialAnimation/Binaries/Win64/UE4Editor.modules" 596
"../../../Engine/Plugins/Editor/DataValidation/Binaries/Win64/UE4Editor.modules" 597
"../../../Engine/Plugins/Editor/CryptoKeys/Binaries/Win64/UE4Editor.modules" 598
"../../../Engine/Plugins/Editor/GameplayTagsEditor/Binaries/Win64/UE4Editor.modules" 599
"../../../Engine/Plugins/Editor/GeometryMode/Binaries/Win64/UE4Editor.modules" 600
"../../../Engine/Plugins/Editor/CurveEditorTools/Binaries/Win64/UE4Editor.modules" 601
"../../../Engine/Plugins/Editor/PluginBrowser/Binaries/Win64/UE4Editor.modules" 602
"../../../Engine/Plugins/Editor/MobileLauncherProfileWizard/Binaries/Win64/UE4Editor.modules" 603
"../../../Engine/Plugins/Editor/SpeedTreeImporter/Binaries/Win64/UE4Editor.modules" 604
"../../../Engine/Plugins/Editor/MaterialAnalyzer/Binaries/Win64/UE4Editor.modules" 605
"../../../Engine/Plugins/Runtime/Oculus/OculusVR/Binaries/Win64/UE4Editor.modules" 606
"../../../Engine/Plugins/Runtime/Steam/SteamVR/Binaries/Win64/UE4Editor.modules" 607
"../../../Engine/Plugins/Editor/ContentBrowser/ContentBrowserClassDataSource/Binaries/Win64/UE4Editor.modules" 608
"../../../Engine/Plugins/Editor/ContentBrowser/ContentBrowserAssetDataSource/Binaries/Win64/UE4Editor.modules" 609
"../../../Engine/Content/Certificates/ThirdParty/cacert.pem" 610
"../../../Engine/Config/ConsoleVariables.ini" 611
"../../../Engine/Binaries/Win64/Android/UE4Editor.modules" 612
"../../../Engine/Binaries/Win64/IOS/UE4Editor.modules" 613
"../../../Engine/Binaries/Win64/Linux/UE4Editor.modules" 614
"../../../Engine/Binaries/Win64/Lumin/UE4Editor.modules" 615
"../../../Engine/Config/Android/BaseAndroidEngine.ini" 616
"../../../Engine/Config/Android/AndroidEngine.ini" 617
"../../../Engine/Config/Unix/UnixEngine.ini" 618
"../../../Engine/Config/Linux/LinuxEngine.ini" 619
"../../../Engine/Config/LinuxAArch64/LinuxAArch64Engine.ini" 620
"../../../Engine/Config/Lumin/LuminEngine.ini" 621
"../../../Engine/Config/Mac/BaseMacEngine.ini" 622
"../../../Engine/Config/Mac/MacEngine.ini" 623
"../../../Engine/Plugins/Online/OnlineSubsystem/Content/Localization/OnlineSubsystem/ru/OnlineSubsystem.locres" 624
"../../../Engine/Plugins/Online/OnlineSubsystemUtils/Content/Localization/OnlineSubsystemUtils/ru/OnlineSubsystemUtils.locres" 625
"../../../Engine/Plugins/Online/Android/OnlineSubsystemGooglePlay/Content/Localization/OnlineSubsystemGooglePlay/ru/OnlineSubsystemGooglePlay.locres" 626
"../../../Engine/Plugins/Online/IOS/OnlineSubsystemIOS/Content/Localization/OnlineSubsystemIOS/ru/OnlineSubsystemIOS.locres" 627
"../../../Engine/Content/Internationalization/icudt64l/numberingSystems.res" 628
"../../../Engine/Content/Internationalization/icudt64l/curr/supplementalData.res" 629
"../../../Engine/Content/Internationalization/icudt64l/curr/ru.res" 630
"../../../Engine/Content/Internationalization/icudt64l/curr/pool.res" 631
"../../../Engine/Content/Internationalization/icudt64l/curr/root.res" 632
"../../../Engine/Content/Internationalization/icudt64l/lang/af.res" 633
"../../../Engine/Content/Internationalization/icudt64l/region/af.res" 634
"../../../Engine/Content/Internationalization/icudt64l/lang/agq.res" 635
"../../../Engine/Content/Internationalization/icudt64l/region/agq.res" 636
"../../../Engine/Content/Internationalization/icudt64l/lang/ak.res" 637
"../../../Engine/Content/Internationalization/icudt64l/region/ak.res" 638
"../../../Engine/Content/Internationalization/icudt64l/lang/am.res" 639
"../../../Engine/Content/Internationalization/icudt64l/region/am.res" 640
"../../../Engine/Content/Internationalization/icudt64l/lang/ar.res" 641
"../../../Engine/Content/Internationalization/icudt64l/region/ar.res" 642
"../../../Engine/Content/Internationalization/icudt64l/region/ar_AE.res" 643
"../../../Engine/Content/Internationalization/icudt64l/lang/ar_EG.res" 644
"../../../Engine/Content/Internationalization/icudt64l/lang/ar_LY.res" 645
"../../../Engine/Content/Internationalization/icudt64l/region/ar_LY.res" 646
"../../../Engine/Content/Internationalization/icudt64l/lang/ar_SA.res" 647
"../../../Engine/Content/Internationalization/icudt64l/region/ar_SA.res" 648
"../../../Engine/Content/Internationalization/icudt64l/lang/as.res" 649
"../../../Engine/Content/Internationalization/icudt64l/region/as.res" 650
"../../../Engine/Content/Internationalization/icudt64l/lang/asa.res" 651
"../../../Engine/Content/Internationalization/icudt64l/region/asa.res" 652
"../../../Engine/Content/Internationalization/icudt64l/lang/ast.res" 653
"../../../Engine/Content/Internationalization/icudt64l/region/ast.res" 654
"../../../Engine/Content/Internationalization/icudt64l/lang/az.res" 655
"../../../Engine/Content/Internationalization/icudt64l/lang/az_Cyrl.res" 656
"../../../Engine/Content/Internationalization/icudt64l/lang/az_AZ.res" 657
"../../../Engine/Content/Internationalization/icudt64l/lang/az_Latn_AZ.res" 658
"../../../Engine/Content/Internationalization/icudt64l/lang/az_Latn.res" 659
"../../../Engine/Content/Internationalization/icudt64l/region/az_AZ.res" 660
"../../../Engine/Content/Internationalization/icudt64l/region/az_Latn_AZ.res" 661
"../../../Engine/Content/Internationalization/icudt64l/region/az_Latn.res" 662
"../../../Engine/Content/Internationalization/icudt64l/region/az.res" 663
"../../../Engine/Content/Internationalization/icudt64l/region/az_Cyrl.res" 664
"../../../Engine/Content/Internationalization/icudt64l/lang/bas.res" 665
"../../../Engine/Content/Internationalization/icudt64l/region/bas.res" 666
"../../../Engine/Content/Internationalization/icudt64l/lang/be.res" 667
"../../../Engine/Content/Internationalization/icudt64l/region/be.res" 668
"../../../Engine/Content/Internationalization/icudt64l/lang/bem.res" 669
"../../../Engine/Content/Internationalization/icudt64l/region/bem.res" 670
"../../../Engine/Content/Internationalization/icudt64l/lang/bez.res" 671
"../../../Engine/Content/Internationalization/icudt64l/region/bez.res" 672
"../../../Engine/Content/Internationalization/icudt64l/lang/bg.res" 673
"../../../Engine/Content/Internationalization/icudt64l/region/bg.res" 674
"../../../Engine/Content/Internationalization/icudt64l/lang/bm.res" 675
"../../../Engine/Content/Internationalization/icudt64l/region/bm.res" 676
"../../../Engine/Content/Internationalization/icudt64l/lang/bn.res" 677
"../../../Engine/Content/Internationalization/icudt64l/region/bn.res" 678
"../../../Engine/Content/Internationalization/icudt64l/lang/bn_IN.res" 679
"../../../Engine/Content/Internationalization/icudt64l/region/bn_IN.res" 680
"../../../Engine/Content/Internationalization/icudt64l/lang/bo.res" 681
"../../../Engine/Content/Internationalization/icudt64l/region/bo.res" 682
"../../../Engine/Content/Internationalization/icudt64l/region/bo_IN.res" 683
"../../../Engine/Content/Internationalization/icudt64l/lang/br.res" 684
"../../../Engine/Content/Internationalization/icudt64l/region/br.res" 685
"../../../Engine/Content/Internationalization/icudt64l/lang/brx.res" 686
"../../../Engine/Content/Internationalization/icudt64l/region/brx.res" 687
"../../../Engine/Content/Internationalization/icudt64l/lang/bs.res" 688
"../../../Engine/Content/Internationalization/icudt64l/lang/bs_Cyrl.res" 689
"../../../Engine/Content/Internationalization/icudt64l/lang/bs_BA.res" 690
"../../../Engine/Content/Internationalization/icudt64l/lang/bs_Latn_BA.res" 691
"../../../Engine/Content/Internationalization/icudt64l/lang/bs_Latn.res" 692
"../../../Engine/Content/Internationalization/icudt64l/region/bs_BA.res" 693
"../../../Engine/Content/Internationalization/icudt64l/region/bs_Latn_BA.res" 694
"../../../Engine/Content/Internationalization/icudt64l/region/bs_Latn.res" 695
"../../../Engine/Content/Internationalization/icudt64l/region/bs.res" 696
"../../../Engine/Content/Internationalization/icudt64l/region/bs_Cyrl.res" 697
"../../../Engine/Content/Internationalization/icudt64l/lang/ca.res" 698
"../../../Engine/Content/Internationalization/icudt64l/region/ca.res" 699
"../../../Engine/Content/Internationalization/icudt64l/lang/ccp.res" 700
"../../../Engine/Content/Internationalization/icudt64l/region/ccp.res" 701
"../../../Engine/Content/Internationalization/icudt64l/lang/ce.res" 702
"../../../Engine/Content/Internationalization/icudt64l/region/ce.res" 703
"../../../Engine/Content/Internationalization/icudt64l/lang/ceb.res" 704
"../../../Engine/Content/Internationalization/icudt64l/region/ceb.res" 705
"../../../Engine/Content/Internationalization/icudt64l/lang/cgg.res" 706
"../../../Engine/Content/Internationalization/icudt64l/region/cgg.res" 707
"../../../Engine/Content/Internationalization/icudt64l/lang/chr.res" 708
"../../../Engine/Content/Internationalization/icudt64l/region/chr.res" 709
"../../../Engine/Content/Internationalization/icudt64l/lang/ckb.res" 710
"../../../Engine/Content/Internationalization/icudt64l/region/ckb.res" 711
"../../../Engine/Content/Internationalization/icudt64l/lang/cs.res" 712
"../../../Engine/Content/Internationalization/icudt64l/region/cs.res" 713
"../../../Engine/Content/Internationalization/icudt64l/lang/cy.res" 714
"../../../Engine/Content/Internationalization/icudt64l/region/cy.res" 715
"../../../Engine/Content/Internationalization/icudt64l/lang/da.res" 716
"../../../Engine/Content/Internationalization/icudt64l/region/da.res" 717
"../../../Engine/Content/Internationalization/icudt64l/lang/dav.res" 718
"../../../Engine/Content/Internationalization/icudt64l/region/dav.res" 719
"../../../Engine/Content/Internationalization/icudt64l/lang/de.res" 720
"../../../Engine/Content/Internationalization/icudt64l/lang/de_AT.res" 721
"../../../Engine/Content/Internationalization/icudt64l/region/de_AT.res" 722
"../../../Engine/Content/Internationalization/icudt64l/region/de.res" 723
"../../../Engine/Content/Internationalization/icudt64l/lang/de_CH.res" 724
"../../../Engine/Content/Internationalization/icudt64l/region/de_CH.res" 725
"../../../Engine/Content/Internationalization/icudt64l/lang/de_LU.res" 726
"../../../Engine/Content/Internationalization/icudt64l/lang/dje.res" 727
"../../../Engine/Content/Internationalization/icudt64l/region/dje.res" 728
"../../../Engine/Content/Internationalization/icudt64l/lang/dsb.res" 729
"../../../Engine/Content/Internationalization/icudt64l/region/dsb.res" 730
"../../../Engine/Content/Internationalization/icudt64l/lang/dua.res" 731
"../../../Engine/Content/Internationalization/icudt64l/region/dua.res" 732
"../../../Engine/Content/Internationalization/icudt64l/lang/dyo.res" 733
"../../../Engine/Content/Internationalization/icudt64l/region/dyo.res" 734
"../../../Engine/Content/Internationalization/icudt64l/lang/dz.res" 735
"../../../Engine/Content/Internationalization/icudt64l/region/dz.res" 736
"../../../Engine/Content/Internationalization/icudt64l/lang/ebu.res" 737
"../../../Engine/Content/Internationalization/icudt64l/region/ebu.res" 738
"../../../Engine/Content/Internationalization/icudt64l/lang/ee.res" 739
"../../../Engine/Content/Internationalization/icudt64l/region/ee.res" 740
"../../../Engine/Content/Internationalization/icudt64l/lang/el.res" 741
"../../../Engine/Content/Internationalization/icudt64l/region/el.res" 742
"../../../Engine/Content/Internationalization/icudt64l/lang/en_001.res" 743
"../../../Engine/Content/Internationalization/icudt64l/lang/en_150.res" 744
"../../../Engine/Content/Internationalization/icudt64l/region/en_150.res" 745
"../../../Engine/Content/Internationalization/icudt64l/lang/en_AG.res" 746
"../../../Engine/Content/Internationalization/icudt64l/region/en_AG.res" 747
"../../../Engine/Content/Internationalization/icudt64l/lang/en_AI.res" 748
"../../../Engine/Content/Internationalization/icudt64l/region/en_AI.res" 749
"../../../Engine/Content/Internationalization/icudt64l/lang/en_AT.res" 750
"../../../Engine/Content/Internationalization/icudt64l/region/en_AT.res" 751
"../../../Engine/Content/Internationalization/icudt64l/lang/en_AU.res" 752
"../../../Engine/Content/Internationalization/icudt64l/region/en_AU.res" 753
"../../../Engine/Content/Internationalization/icudt64l/lang/en_BB.res" 754
"../../../Engine/Content/Internationalization/icudt64l/region/en_BB.res" 755
"../../../Engine/Content/Internationalization/icudt64l/lang/en_BE.res" 756
"../../../Engine/Content/Internationalization/icudt64l/region/en_BE.res" 757
"../../../Engine/Content/Internationalization/icudt64l/lang/en_BM.res" 758
"../../../Engine/Content/Internationalization/icudt64l/region/en_BM.res" 759
"../../../Engine/Content/Internationalization/icudt64l/lang/en_BS.res" 760
"../../../Engine/Content/Internationalization/icudt64l/region/en_BS.res" 761
"../../../Engine/Content/Internationalization/icudt64l/lang/en_BW.res" 762
"../../../Engine/Content/Internationalization/icudt64l/region/en_BW.res" 763
"../../../Engine/Content/Internationalization/icudt64l/lang/en_BZ.res" 764
"../../../Engine/Content/Internationalization/icudt64l/region/en_BZ.res" 765
"../../../Engine/Content/Internationalization/icudt64l/lang/en_CA.res" 766
"../../../Engine/Content/Internationalization/icudt64l/region/en_CA.res" 767
"../../../Engine/Content/Internationalization/icudt64l/lang/en_CC.res" 768
"../../../Engine/Content/Internationalization/icudt64l/region/en_CC.res" 769
"../../../Engine/Content/Internationalization/icudt64l/lang/en_CH.res" 770
"../../../Engine/Content/Internationalization/icudt64l/region/en_CH.res" 771
"../../../Engine/Content/Internationalization/icudt64l/lang/en_CK.res" 772
"../../../Engine/Content/Internationalization/icudt64l/region/en_CK.res" 773
"../../../Engine/Content/Internationalization/icudt64l/lang/en_CM.res" 774
"../../../Engine/Content/Internationalization/icudt64l/region/en_CM.res" 775
"../../../Engine/Content/Internationalization/icudt64l/lang/en_CX.res" 776
"../../../Engine/Content/Internationalization/icudt64l/region/en_CX.res" 777
"../../../Engine/Content/Internationalization/icudt64l/lang/en_CY.res" 778
"../../../Engine/Content/Internationalization/icudt64l/region/en_CY.res" 779
"../../../Engine/Content/Internationalization/icudt64l/lang/en_DE.res" 780
"../../../Engine/Content/Internationalization/icudt64l/region/en_DE.res" 781
"../../../Engine/Content/Internationalization/icudt64l/lang/en_DG.res" 782
"../../../Engine/Content/Internationalization/icudt64l/region/en_DG.res" 783
"../../../Engine/Content/Internationalization/icudt64l/lang/en_DK.res" 784
"../../../Engine/Content/Internationalization/icudt64l/region/en_DK.res" 785
"../../../Engine/Content/Internationalization/icudt64l/lang/en_DM.res" 786
"../../../Engine/Content/Internationalization/icudt64l/region/en_DM.res" 787
"../../../Engine/Content/Internationalization/icudt64l/lang/en_ER.res" 788
"../../../Engine/Content/Internationalization/icudt64l/region/en_ER.res" 789
"../../../Engine/Content/Internationalization/icudt64l/lang/en_FI.res" 790
"../../../Engine/Content/Internationalization/icudt64l/region/en_FI.res" 791
"../../../Engine/Content/Internationalization/icudt64l/lang/en_FJ.res" 792
"../../../Engine/Content/Internationalization/icudt64l/region/en_FJ.res" 793
"../../../Engine/Content/Internationalization/icudt64l/lang/en_FK.res" 794
"../../../Engine/Content/Internationalization/icudt64l/region/en_FK.res" 795
"../../../Engine/Content/Internationalization/icudt64l/lang/en_FM.res" 796
"../../../Engine/Content/Internationalization/icudt64l/region/en_FM.res" 797
"../../../Engine/Content/Internationalization/icudt64l/lang/en_GB.res" 798
"../../../Engine/Content/Internationalization/icudt64l/region/en_GB.res" 799
"../../../Engine/Content/Internationalization/icudt64l/lang/en_GD.res" 800
"../../../Engine/Content/Internationalization/icudt64l/region/en_GD.res" 801
"../../../Engine/Content/Internationalization/icudt64l/lang/en_GG.res" 802
"../../../Engine/Content/Internationalization/icudt64l/region/en_GG.res" 803
"../../../Engine/Content/Internationalization/icudt64l/lang/en_GH.res" 804
"../../../Engine/Content/Internationalization/icudt64l/region/en_GH.res" 805
"../../../Engine/Content/Internationalization/icudt64l/lang/en_GI.res" 806
"../../../Engine/Content/Internationalization/icudt64l/region/en_GI.res" 807
"../../../Engine/Content/Internationalization/icudt64l/lang/en_GM.res" 808
"../../../Engine/Content/Internationalization/icudt64l/region/en_GM.res" 809
"../../../Engine/Content/Internationalization/icudt64l/lang/en_GY.res" 810
"../../../Engine/Content/Internationalization/icudt64l/region/en_GY.res" 811
"../../../Engine/Content/Internationalization/icudt64l/lang/en_HK.res" 812
"../../../Engine/Content/Internationalization/icudt64l/region/en_HK.res" 813
"../../../Engine/Content/Internationalization/icudt64l/lang/en_IE.res" 814
"../../../Engine/Content/Internationalization/icudt64l/region/en_IE.res" 815
"../../../Engine/Content/Internationalization/icudt64l/lang/en_IL.res" 816
"../../../Engine/Content/Internationalization/icudt64l/region/en_IL.res" 817
"../../../Engine/Content/Internationalization/icudt64l/lang/en_IM.res" 818
"../../../Engine/Content/Internationalization/icudt64l/region/en_IM.res" 819
"../../../Engine/Content/Internationalization/icudt64l/lang/en_IN.res" 820
"../../../Engine/Content/Internationalization/icudt64l/region/en_IN.res" 821
"../../../Engine/Content/Internationalization/icudt64l/lang/en_IO.res" 822
"../../../Engine/Content/Internationalization/icudt64l/region/en_IO.res" 823
"../../../Engine/Content/Internationalization/icudt64l/lang/en_JE.res" 824
"../../../Engine/Content/Internationalization/icudt64l/region/en_JE.res" 825
"../../../Engine/Content/Internationalization/icudt64l/lang/en_JM.res" 826
"../../../Engine/Content/Internationalization/icudt64l/region/en_JM.res" 827
"../../../Engine/Content/Internationalization/icudt64l/lang/en_KE.res" 828
"../../../Engine/Content/Internationalization/icudt64l/region/en_KE.res" 829
"../../../Engine/Content/Internationalization/icudt64l/lang/en_KI.res" 830
"../../../Engine/Content/Internationalization/icudt64l/region/en_KI.res" 831
"../../../Engine/Content/Internationalization/icudt64l/lang/en_KN.res" 832
"../../../Engine/Content/Internationalization/icudt64l/region/en_KN.res" 833
"../../../Engine/Content/Internationalization/icudt64l/lang/en_KY.res" 834
"../../../Engine/Content/Internationalization/icudt64l/region/en_KY.res" 835
"../../../Engine/Content/Internationalization/icudt64l/lang/en_LC.res" 836
"../../../Engine/Content/Internationalization/icudt64l/region/en_LC.res" 837
"../../../Engine/Content/Internationalization/icudt64l/lang/en_LR.res" 838
"../../../Engine/Content/Internationalization/icudt64l/region/en_LR.res" 839
"../../../Engine/Content/Internationalization/icudt64l/lang/en_LS.res" 840
"../../../Engine/Content/Internationalization/icudt64l/region/en_LS.res" 841
"../../../Engine/Content/Internationalization/icudt64l/lang/en_MG.res" 842
"../../../Engine/Content/Internationalization/icudt64l/region/en_MG.res" 843
"../../../Engine/Content/Internationalization/icudt64l/lang/en_MO.res" 844
"../../../Engine/Content/Internationalization/icudt64l/region/en_MO.res" 845
"../../../Engine/Content/Internationalization/icudt64l/lang/en_MS.res" 846
"../../../Engine/Content/Internationalization/icudt64l/region/en_MS.res" 847
"../../../Engine/Content/Internationalization/icudt64l/lang/en_MT.res" 848
"../../../Engine/Content/Internationalization/icudt64l/region/en_MT.res" 849
"../../../Engine/Content/Internationalization/icudt64l/lang/en_MU.res" 850
"../../../Engine/Content/Internationalization/icudt64l/region/en_MU.res" 851
"../../../Engine/Content/Internationalization/icudt64l/lang/en_MW.res" 852
"../../../Engine/Content/Internationalization/icudt64l/region/en_MW.res" 853
"../../../Engine/Content/Internationalization/icudt64l/lang/en_MY.res" 854
"../../../Engine/Content/Internationalization/icudt64l/region/en_MY.res" 855
"../../../Engine/Content/Internationalization/icudt64l/lang/en_NA.res" 856
"../../../Engine/Content/Internationalization/icudt64l/region/en_NA.res" 857
"../../../Engine/Content/Internationalization/icudt64l/lang/en_NF.res" 858
"../../../Engine/Content/Internationalization/icudt64l/region/en_NF.res" 859
"../../../Engine/Content/Internationalization/icudt64l/lang/en_NG.res" 860
"../../../Engine/Content/Internationalization/icudt64l/region/en_NG.res" 861
"../../../Engine/Content/Internationalization/icudt64l/lang/en_NL.res" 862
"../../../Engine/Content/Internationalization/icudt64l/region/en_NL.res" 863
"../../../Engine/Content/Internationalization/icudt64l/lang/en_NR.res" 864
"../../../Engine/Content/Internationalization/icudt64l/region/en_NR.res" 865
"../../../Engine/Content/Internationalization/icudt64l/lang/en_NU.res" 866
"../../../Engine/Content/Internationalization/icudt64l/region/en_NU.res" 867
"../../../Engine/Content/Internationalization/icudt64l/lang/en_NZ.res" 868
"../../../Engine/Content/Internationalization/icudt64l/region/en_NZ.res" 869
"../../../Engine/Content/Internationalization/icudt64l/lang/en_PG.res" 870
"../../../Engine/Content/Internationalization/icudt64l/region/en_PG.res" 871
"../../../Engine/Content/Internationalization/icudt64l/lang/en_PH.res" 872
"../../../Engine/Content/Internationalization/icudt64l/region/en_PH.res" 873
"../../../Engine/Content/Internationalization/icudt64l/lang/en_PK.res" 874
"../../../Engine/Content/Internationalization/icudt64l/region/en_PK.res" 875
"../../../Engine/Content/Internationalization/icudt64l/lang/en_PN.res" 876
"../../../Engine/Content/Internationalization/icudt64l/region/en_PN.res" 877
"../../../Engine/Content/Internationalization/icudt64l/lang/en_PW.res" 878
"../../../Engine/Content/Internationalization/icudt64l/region/en_PW.res" 879
"../../../Engine/Content/Internationalization/icudt64l/lang/en_RW.res" 880
"../../../Engine/Content/Internationalization/icudt64l/region/en_RW.res" 881
"../../../Engine/Content/Internationalization/icudt64l/lang/en_SB.res" 882
"../../../Engine/Content/Internationalization/icudt64l/region/en_SB.res" 883
"../../../Engine/Content/Internationalization/icudt64l/lang/en_SC.res" 884
"../../../Engine/Content/Internationalization/icudt64l/region/en_SC.res" 885
"../../../Engine/Content/Internationalization/icudt64l/lang/en_SD.res" 886
"../../../Engine/Content/Internationalization/icudt64l/region/en_SD.res" 887
"../../../Engine/Content/Internationalization/icudt64l/lang/en_SE.res" 888
"../../../Engine/Content/Internationalization/icudt64l/region/en_SE.res" 889
"../../../Engine/Content/Internationalization/icudt64l/lang/en_SG.res" 890
"../../../Engine/Content/Internationalization/icudt64l/region/en_SG.res" 891
"../../../Engine/Content/Internationalization/icudt64l/lang/en_SH.res" 892
"../../../Engine/Content/Internationalization/icudt64l/region/en_SH.res" 893
"../../../Engine/Content/Internationalization/icudt64l/lang/en_SI.res" 894
"../../../Engine/Content/Internationalization/icudt64l/region/en_SI.res" 895
"../../../Engine/Content/Internationalization/icudt64l/lang/en_SL.res" 896
"../../../Engine/Content/Internationalization/icudt64l/region/en_SL.res" 897
"../../../Engine/Content/Internationalization/icudt64l/lang/en_SS.res" 898
"../../../Engine/Content/Internationalization/icudt64l/region/en_SS.res" 899
"../../../Engine/Content/Internationalization/icudt64l/lang/en_SX.res" 900
"../../../Engine/Content/Internationalization/icudt64l/region/en_SX.res" 901
"../../../Engine/Content/Internationalization/icudt64l/lang/en_SZ.res" 902
"../../../Engine/Content/Internationalization/icudt64l/region/en_SZ.res" 903
"../../../Engine/Content/Internationalization/icudt64l/lang/en_TC.res" 904
"../../../Engine/Content/Internationalization/icudt64l/region/en_TC.res" 905
"../../../Engine/Content/Internationalization/icudt64l/lang/en_TK.res" 906
"../../../Engine/Content/Internationalization/icudt64l/region/en_TK.res" 907
"../../../Engine/Content/Internationalization/icudt64l/lang/en_TO.res" 908
"../../../Engine/Content/Internationalization/icudt64l/region/en_TO.res" 909
"../../../Engine/Content/Internationalization/icudt64l/lang/en_TT.res" 910
"../../../Engine/Content/Internationalization/icudt64l/region/en_TT.res" 911
"../../../Engine/Content/Internationalization/icudt64l/lang/en_TV.res" 912
"../../../Engine/Content/Internationalization/icudt64l/region/en_TV.res" 913
"../../../Engine/Content/Internationalization/icudt64l/lang/en_TZ.res" 914
"../../../Engine/Content/Internationalization/icudt64l/region/en_TZ.res" 915
"../../../Engine/Content/Internationalization/icudt64l/lang/en_UG.res" 916
"../../../Engine/Content/Internationalization/icudt64l/region/en_UG.res" 917
"../../../Engine/Content/Internationalization/icudt64l/lang/en_VC.res" 918
"../../../Engine/Content/Internationalization/icudt64l/region/en_VC.res" 919
"../../../Engine/Content/Internationalization/icudt64l/lang/en_VG.res" 920
"../../../Engine/Content/Internationalization/icudt64l/region/en_VG.res" 921
"../../../Engine/Content/Internationalization/icudt64l/lang/en_VU.res" 922
"../../../Engine/Content/Internationalization/icudt64l/region/en_VU.res" 923
"../../../Engine/Content/Internationalization/icudt64l/lang/en_WS.res" 924
"../../../Engine/Content/Internationalization/icudt64l/region/en_WS.res" 925
"../../../Engine/Content/Internationalization/icudt64l/lang/en_ZA.res" 926
"../../../Engine/Content/Internationalization/icudt64l/region/en_ZA.res" 927
"../../../Engine/Content/Internationalization/icudt64l/lang/en_ZM.res" 928
"../../../Engine/Content/Internationalization/icudt64l/region/en_ZM.res" 929
"../../../Engine/Content/Internationalization/icudt64l/lang/en_ZW.res" 930
"../../../Engine/Content/Internationalization/icudt64l/region/en_ZW.res" 931
"../../../Engine/Content/Internationalization/icudt64l/lang/eo.res" 932
"../../../Engine/Content/Internationalization/icudt64l/region/eo.res" 933
"../../../Engine/Content/Internationalization/icudt64l/lang/es.res" 934
"../../../Engine/Content/Internationalization/icudt64l/lang/es_419.res" 935
"../../../Engine/Content/Internationalization/icudt64l/region/es_419.res" 936
"../../../Engine/Content/Internationalization/icudt64l/region/es.res" 937
"../../../Engine/Content/Internationalization/icudt64l/lang/es_AR.res" 938
"../../../Engine/Content/Internationalization/icudt64l/region/es_AR.res" 939
"../../../Engine/Content/Internationalization/icudt64l/lang/es_BO.res" 940
"../../../Engine/Content/Internationalization/icudt64l/region/es_BO.res" 941
"../../../Engine/Content/Internationalization/icudt64l/lang/es_BR.res" 942
"../../../Engine/Content/Internationalization/icudt64l/region/es_BR.res" 943
"../../../Engine/Content/Internationalization/icudt64l/lang/es_BZ.res" 944
"../../../Engine/Content/Internationalization/icudt64l/region/es_BZ.res" 945
"../../../Engine/Content/Internationalization/icudt64l/lang/es_CL.res" 946
"../../../Engine/Content/Internationalization/icudt64l/region/es_CL.res" 947
"../../../Engine/Content/Internationalization/icudt64l/lang/es_CO.res" 948
"../../../Engine/Content/Internationalization/icudt64l/region/es_CO.res" 949
"../../../Engine/Content/Internationalization/icudt64l/lang/es_CR.res" 950
"../../../Engine/Content/Internationalization/icudt64l/region/es_CR.res" 951
"../../../Engine/Content/Internationalization/icudt64l/lang/es_CU.res" 952
"../../../Engine/Content/Internationalization/icudt64l/region/es_CU.res" 953
"../../../Engine/Content/Internationalization/icudt64l/lang/es_DO.res" 954
"../../../Engine/Content/Internationalization/icudt64l/region/es_DO.res" 955
"../../../Engine/Content/Internationalization/icudt64l/lang/es_EC.res" 956
"../../../Engine/Content/Internationalization/icudt64l/region/es_EC.res" 957
"../../../Engine/Content/Internationalization/icudt64l/lang/es_GT.res" 958
"../../../Engine/Content/Internationalization/icudt64l/region/es_GT.res" 959
"../../../Engine/Content/Internationalization/icudt64l/lang/es_HN.res" 960
"../../../Engine/Content/Internationalization/icudt64l/region/es_HN.res" 961
"../../../Engine/Content/Internationalization/icudt64l/lang/es_MX.res" 962
"../../../Engine/Content/Internationalization/icudt64l/region/es_MX.res" 963
"../../../Engine/Content/Internationalization/icudt64l/lang/es_NI.res" 964
"../../../Engine/Content/Internationalization/icudt64l/region/es_NI.res" 965
"../../../Engine/Content/Internationalization/icudt64l/lang/es_PA.res" 966
"../../../Engine/Content/Internationalization/icudt64l/region/es_PA.res" 967
"../../../Engine/Content/Internationalization/icudt64l/lang/es_PE.res" 968
"../../../Engine/Content/Internationalization/icudt64l/region/es_PE.res" 969
"../../../Engine/Content/Internationalization/icudt64l/lang/es_PR.res" 970
"../../../Engine/Content/Internationalization/icudt64l/region/es_PR.res" 971
"../../../Engine/Content/Internationalization/icudt64l/lang/es_PY.res" 972
"../../../Engine/Content/Internationalization/icudt64l/region/es_PY.res" 973
"../../../Engine/Content/Internationalization/icudt64l/lang/es_SV.res" 974
"../../../Engine/Content/Internationalization/icudt64l/region/es_SV.res" 975
"../../../Engine/Content/Internationalization/icudt64l/lang/es_US.res" 976
"../../../Engine/Content/Internationalization/icudt64l/region/es_US.res" 977
"../../../Engine/Content/Internationalization/icudt64l/lang/es_UY.res" 978
"../../../Engine/Content/Internationalization/icudt64l/region/es_UY.res" 979
"../../../Engine/Content/Internationalization/icudt64l/lang/es_VE.res" 980
"../../../Engine/Content/Internationalization/icudt64l/region/es_VE.res" 981
"../../../Engine/Content/Internationalization/icudt64l/lang/et.res" 982
"../../../Engine/Content/Internationalization/icudt64l/region/et.res" 983
"../../../Engine/Content/Internationalization/icudt64l/lang/eu.res" 984
"../../../Engine/Content/Internationalization/icudt64l/region/eu.res" 985
"../../../Engine/Content/Internationalization/icudt64l/lang/ewo.res" 986
"../../../Engine/Content/Internationalization/icudt64l/region/ewo.res" 987
"../../../Engine/Content/Internationalization/icudt64l/lang/fa.res" 988
"../../../Engine/Content/Internationalization/icudt64l/lang/fa_AF.res" 989
"../../../Engine/Content/Internationalization/icudt64l/region/fa_AF.res" 990
"../../../Engine/Content/Internationalization/icudt64l/region/fa.res" 991
"../../../Engine/Content/Internationalization/icudt64l/lang/ff.res" 992
"../../../Engine/Content/Internationalization/icudt64l/lang/ff_Latn.res" 993
"../../../Engine/Content/Internationalization/icudt64l/region/ff.res" 994
"../../../Engine/Content/Internationalization/icudt64l/region/ff_Latn.res" 995
"../../../Engine/Content/Internationalization/icudt64l/lang/ff_CM.res" 996
"../../../Engine/Content/Internationalization/icudt64l/lang/ff_Latn_CM.res" 997
"../../../Engine/Content/Internationalization/icudt64l/region/ff_CM.res" 998
"../../../Engine/Content/Internationalization/icudt64l/region/ff_Latn_CM.res" 999
"../../../Engine/Content/Internationalization/icudt64l/lang/ff_GN.res" 1000
"../../../Engine/Content/Internationalization/icudt64l/lang/ff_Latn_GN.res" 1001
"../../../Engine/Content/Internationalization/icudt64l/region/ff_GN.res" 1002
"../../../Engine/Content/Internationalization/icudt64l/region/ff_Latn_GN.res" 1003
"../../../Engine/Content/Internationalization/icudt64l/lang/ff_MR.res" 1004
"../../../Engine/Content/Internationalization/icudt64l/lang/ff_Latn_MR.res" 1005
"../../../Engine/Content/Internationalization/icudt64l/region/ff_MR.res" 1006
"../../../Engine/Content/Internationalization/icudt64l/region/ff_Latn_MR.res" 1007
"../../../Engine/Content/Internationalization/icudt64l/lang/ff_SN.res" 1008
"../../../Engine/Content/Internationalization/icudt64l/lang/ff_Latn_SN.res" 1009
"../../../Engine/Content/Internationalization/icudt64l/region/ff_SN.res" 1010
"../../../Engine/Content/Internationalization/icudt64l/region/ff_Latn_SN.res" 1011
"../../../Engine/Content/Internationalization/icudt64l/lang/fi.res" 1012
"../../../Engine/Content/Internationalization/icudt64l/region/fi.res" 1013
"../../../Engine/Content/Internationalization/icudt64l/lang/fil.res" 1014
"../../../Engine/Content/Internationalization/icudt64l/lang/fil_PH.res" 1015
"../../../Engine/Content/Internationalization/icudt64l/region/fil_PH.res" 1016
"../../../Engine/Content/Internationalization/icudt64l/region/fil.res" 1017
"../../../Engine/Content/Internationalization/icudt64l/lang/fo.res" 1018
"../../../Engine/Content/Internationalization/icudt64l/region/fo.res" 1019
"../../../Engine/Content/Internationalization/icudt64l/lang/fr.res" 1020
"../../../Engine/Content/Internationalization/icudt64l/lang/fr_BE.res" 1021
"../../../Engine/Content/Internationalization/icudt64l/region/fr_BE.res" 1022
"../../../Engine/Content/Internationalization/icudt64l/region/fr.res" 1023
"../../../Engine/Content/Internationalization/icudt64l/lang/fr_CA.res" 1024
"../../../Engine/Content/Internationalization/icudt64l/region/fr_CA.res" 1025
"../../../Engine/Content/Internationalization/icudt64l/lang/fr_CH.res" 1026
"../../../Engine/Content/Internationalization/icudt64l/lang/fur.res" 1027
"../../../Engine/Content/Internationalization/icudt64l/region/fur.res" 1028
"../../../Engine/Content/Internationalization/icudt64l/lang/fy.res" 1029
"../../../Engine/Content/Internationalization/icudt64l/region/fy.res" 1030
"../../../Engine/Content/Internationalization/icudt64l/lang/ga.res" 1031
"../../../Engine/Content/Internationalization/icudt64l/region/ga.res" 1032
"../../../Engine/Content/Internationalization/icudt64l/lang/gd.res" 1033
"../../../Engine/Content/Internationalization/icudt64l/region/gd.res" 1034
"../../../Engine/Content/Internationalization/icudt64l/lang/gl.res" 1035
"../../../Engine/Content/Internationalization/icudt64l/region/gl.res" 1036
"../../../Engine/Content/Internationalization/icudt64l/lang/gsw.res" 1037
"../../../Engine/Content/Internationalization/icudt64l/region/gsw.res" 1038
"../../../Engine/Content/Internationalization/icudt64l/lang/gu.res" 1039
"../../../Engine/Content/Internationalization/icudt64l/region/gu.res" 1040
"../../../Engine/Content/Internationalization/icudt64l/lang/guz.res" 1041
"../../../Engine/Content/Internationalization/icudt64l/region/guz.res" 1042
"../../../Engine/Content/Internationalization/icudt64l/lang/gv.res" 1043
"../../../Engine/Content/Internationalization/icudt64l/region/gv.res" 1044
"../../../Engine/Content/Internationalization/icudt64l/lang/ha.res" 1045
"../../../Engine/Content/Internationalization/icudt64l/region/ha.res" 1046
"../../../Engine/Content/Internationalization/icudt64l/lang/ha_NE.res" 1047
"../../../Engine/Content/Internationalization/icudt64l/region/ha_NE.res" 1048
"../../../Engine/Content/Internationalization/icudt64l/lang/haw.res" 1049
"../../../Engine/Content/Internationalization/icudt64l/region/haw.res" 1050
"../../../Engine/Content/Internationalization/icudt64l/lang/he.res" 1051
"../../../Engine/Content/Internationalization/icudt64l/lang/he_IL.res" 1052
"../../../Engine/Content/Internationalization/icudt64l/region/he_IL.res" 1053
"../../../Engine/Content/Internationalization/icudt64l/region/he.res" 1054
"../../../Engine/Content/Internationalization/icudt64l/lang/hi.res" 1055
"../../../Engine/Content/Internationalization/icudt64l/region/hi.res" 1056
"../../../Engine/Content/Internationalization/icudt64l/lang/hr.res" 1057
"../../../Engine/Content/Internationalization/icudt64l/region/hr.res" 1058
"../../../Engine/Content/Internationalization/icudt64l/lang/hsb.res" 1059
"../../../Engine/Content/Internationalization/icudt64l/region/hsb.res" 1060
"../../../Engine/Content/Internationalization/icudt64l/lang/hu.res" 1061
"../../../Engine/Content/Internationalization/icudt64l/region/hu.res" 1062
"../../../Engine/Content/Internationalization/icudt64l/lang/hy.res" 1063
"../../../Engine/Content/Internationalization/icudt64l/region/hy.res" 1064
"../../../Engine/Content/Internationalization/icudt64l/lang/ia.res" 1065
"../../../Engine/Content/Internationalization/icudt64l/region/ia.res" 1066
"../../../Engine/Content/Internationalization/icudt64l/lang/id.res" 1067
"../../../Engine/Content/Internationalization/icudt64l/lang/id_ID.res" 1068
"../../../Engine/Content/Internationalization/icudt64l/region/id_ID.res" 1069
"../../../Engine/Content/Internationalization/icudt64l/region/id.res" 1070
"../../../Engine/Content/Internationalization/icudt64l/lang/ig.res" 1071
"../../../Engine/Content/Internationalization/icudt64l/region/ig.res" 1072
"../../../Engine/Content/Internationalization/icudt64l/lang/ii.res" 1073
"../../../Engine/Content/Internationalization/icudt64l/region/ii.res" 1074
"../../../Engine/Content/Internationalization/icudt64l/lang/is.res" 1075
"../../../Engine/Content/Internationalization/icudt64l/region/is.res" 1076
"../../../Engine/Content/Internationalization/icudt64l/lang/it.res" 1077
"../../../Engine/Content/Internationalization/icudt64l/region/it.res" 1078
"../../../Engine/Content/Internationalization/icudt64l/lang/ja.res" 1079
"../../../Engine/Content/Internationalization/icudt64l/lang/ja_JP.res" 1080
"../../../Engine/Content/Internationalization/icudt64l/region/ja_JP.res" 1081
"../../../Engine/Content/Internationalization/icudt64l/region/ja.res" 1082
"../../../Engine/Content/Internationalization/icudt64l/lang/jgo.res" 1083
"../../../Engine/Content/Internationalization/icudt64l/region/jgo.res" 1084
"../../../Engine/Content/Internationalization/icudt64l/lang/jmc.res" 1085
"../../../Engine/Content/Internationalization/icudt64l/region/jmc.res" 1086
"../../../Engine/Content/Internationalization/icudt64l/lang/jv.res" 1087
"../../../Engine/Content/Internationalization/icudt64l/region/jv.res" 1088
"../../../Engine/Content/Internationalization/icudt64l/lang/ka.res" 1089
"../../../Engine/Content/Internationalization/icudt64l/region/ka.res" 1090
"../../../Engine/Content/Internationalization/icudt64l/lang/kab.res" 1091
"../../../Engine/Content/Internationalization/icudt64l/region/kab.res" 1092
"../../../Engine/Content/Internationalization/icudt64l/lang/kam.res" 1093
"../../../Engine/Content/Internationalization/icudt64l/region/kam.res" 1094
"../../../Engine/Content/Internationalization/icudt64l/lang/kde.res" 1095
"../../../Engine/Content/Internationalization/icudt64l/region/kde.res" 1096
"../../../Engine/Content/Internationalization/icudt64l/lang/kea.res" 1097
"../../../Engine/Content/Internationalization/icudt64l/region/kea.res" 1098
"../../../Engine/Content/Internationalization/icudt64l/lang/khq.res" 1099
"../../../Engine/Content/Internationalization/icudt64l/region/khq.res" 1100
"../../../Engine/Content/Internationalization/icudt64l/lang/ki.res" 1101
"../../../Engine/Content/Internationalization/icudt64l/region/ki.res" 1102
"../../../Engine/Content/Internationalization/icudt64l/lang/kk.res" 1103
"../../../Engine/Content/Internationalization/icudt64l/region/kk.res" 1104
"../../../Engine/Content/Internationalization/icudt64l/lang/kkj.res" 1105
"../../../Engine/Content/Internationalization/icudt64l/region/kkj.res" 1106
"../../../Engine/Content/Internationalization/icudt64l/lang/kl.res" 1107
"../../../Engine/Content/Internationalization/icudt64l/region/kl.res" 1108
"../../../Engine/Content/Internationalization/icudt64l/lang/kln.res" 1109
"../../../Engine/Content/Internationalization/icudt64l/region/kln.res" 1110
"../../../Engine/Content/Internationalization/icudt64l/lang/km.res" 1111
"../../../Engine/Content/Internationalization/icudt64l/region/km.res" 1112
"../../../Engine/Content/Internationalization/icudt64l/lang/kn.res" 1113
"../../../Engine/Content/Internationalization/icudt64l/region/kn.res" 1114
"../../../Engine/Content/Internationalization/icudt64l/lang/ko.res" 1115
"../../../Engine/Content/Internationalization/icudt64l/region/ko_KP.res" 1116
"../../../Engine/Content/Internationalization/icudt64l/region/ko.res" 1117
"../../../Engine/Content/Internationalization/icudt64l/lang/kok.res" 1118
"../../../Engine/Content/Internationalization/icudt64l/region/kok.res" 1119
"../../../Engine/Content/Internationalization/icudt64l/lang/ks.res" 1120
"../../../Engine/Content/Internationalization/icudt64l/region/ks.res" 1121
"../../../Engine/Content/Internationalization/icudt64l/lang/ksb.res" 1122
"../../../Engine/Content/Internationalization/icudt64l/region/ksb.res" 1123
"../../../Engine/Content/Internationalization/icudt64l/lang/ksf.res" 1124
"../../../Engine/Content/Internationalization/icudt64l/region/ksf.res" 1125
"../../../Engine/Content/Internationalization/icudt64l/lang/ksh.res" 1126
"../../../Engine/Content/Internationalization/icudt64l/region/ksh.res" 1127
"../../../Engine/Content/Internationalization/icudt64l/lang/ku.res" 1128
"../../../Engine/Content/Internationalization/icudt64l/region/ku.res" 1129
"../../../Engine/Content/Internationalization/icudt64l/lang/kw.res" 1130
"../../../Engine/Content/Internationalization/icudt64l/region/kw.res" 1131
"../../../Engine/Content/Internationalization/icudt64l/lang/ky.res" 1132
"../../../Engine/Content/Internationalization/icudt64l/region/ky.res" 1133
"../../../Engine/Content/Internationalization/icudt64l/lang/lag.res" 1134
"../../../Engine/Content/Internationalization/icudt64l/region/lag.res" 1135
"../../../Engine/Content/Internationalization/icudt64l/lang/lb.res" 1136
"../../../Engine/Content/Internationalization/icudt64l/region/lb.res" 1137
"../../../Engine/Content/Internationalization/icudt64l/lang/lg.res" 1138
"../../../Engine/Content/Internationalization/icudt64l/region/lg.res" 1139
"../../../Engine/Content/Internationalization/icudt64l/lang/lkt.res" 1140
"../../../Engine/Content/Internationalization/icudt64l/region/lkt.res" 1141
"../../../Engine/Content/Internationalization/icudt64l/lang/ln.res" 1142
"../../../Engine/Content/Internationalization/icudt64l/region/ln.res" 1143
"../../../Engine/Content/Internationalization/icudt64l/lang/lo.res" 1144
"../../../Engine/Content/Internationalization/icudt64l/region/lo.res" 1145
"../../../Engine/Content/Internationalization/icudt64l/lang/lrc.res" 1146
"../../../Engine/Content/Internationalization/icudt64l/region/lrc.res" 1147
"../../../Engine/Content/Internationalization/icudt64l/lang/lt.res" 1148
"../../../Engine/Content/Internationalization/icudt64l/region/lt.res" 1149
"../../../Engine/Content/Internationalization/icudt64l/lang/lu.res" 1150
"../../../Engine/Content/Internationalization/icudt64l/region/lu.res" 1151
"../../../Engine/Content/Internationalization/icudt64l/lang/luo.res" 1152
"../../../Engine/Content/Internationalization/icudt64l/region/luo.res" 1153
"../../../Engine/Content/Internationalization/icudt64l/lang/luy.res" 1154
"../../../Engine/Content/Internationalization/icudt64l/region/luy.res" 1155
"../../../Engine/Content/Internationalization/icudt64l/lang/lv.res" 1156
"../../../Engine/Content/Internationalization/icudt64l/region/lv.res" 1157
"../../../Engine/Content/Internationalization/icudt64l/lang/mas.res" 1158
"../../../Engine/Content/Internationalization/icudt64l/region/mas.res" 1159
"../../../Engine/Content/Internationalization/icudt64l/lang/mer.res" 1160
"../../../Engine/Content/Internationalization/icudt64l/region/mer.res" 1161
"../../../Engine/Content/Internationalization/icudt64l/lang/mfe.res" 1162
"../../../Engine/Content/Internationalization/icudt64l/region/mfe.res" 1163
"../../../Engine/Content/Internationalization/icudt64l/lang/mg.res" 1164
"../../../Engine/Content/Internationalization/icudt64l/region/mg.res" 1165
"../../../Engine/Content/Internationalization/icudt64l/lang/mgh.res" 1166
"../../../Engine/Content/Internationalization/icudt64l/region/mgh.res" 1167
"../../../Engine/Content/Internationalization/icudt64l/lang/mgo.res" 1168
"../../../Engine/Content/Internationalization/icudt64l/region/mgo.res" 1169
"../../../Engine/Content/Internationalization/icudt64l/lang/mi.res" 1170
"../../../Engine/Content/Internationalization/icudt64l/region/mi.res" 1171
"../../../Engine/Content/Internationalization/icudt64l/lang/mk.res" 1172
"../../../Engine/Content/Internationalization/icudt64l/region/mk.res" 1173
"../../../Engine/Content/Internationalization/icudt64l/lang/ml.res" 1174
"../../../Engine/Content/Internationalization/icudt64l/region/ml.res" 1175
"../../../Engine/Content/Internationalization/icudt64l/lang/mn.res" 1176
"../../../Engine/Content/Internationalization/icudt64l/region/mn.res" 1177
"../../../Engine/Content/Internationalization/icudt64l/lang/mr.res" 1178
"../../../Engine/Content/Internationalization/icudt64l/region/mr.res" 1179
"../../../Engine/Content/Internationalization/icudt64l/lang/ms.res" 1180
"../../../Engine/Content/Internationalization/icudt64l/region/ms.res" 1181
"../../../Engine/Content/Internationalization/icudt64l/lang/mt.res" 1182
"../../../Engine/Content/Internationalization/icudt64l/region/mt.res" 1183
"../../../Engine/Content/Internationalization/icudt64l/lang/mua.res" 1184
"../../../Engine/Content/Internationalization/icudt64l/region/mua.res" 1185
"../../../Engine/Content/Internationalization/icudt64l/lang/my.res" 1186
"../../../Engine/Content/Internationalization/icudt64l/region/my.res" 1187
"../../../Engine/Content/Internationalization/icudt64l/lang/mzn.res" 1188
"../../../Engine/Content/Internationalization/icudt64l/region/mzn.res" 1189
"../../../Engine/Content/Internationalization/icudt64l/lang/naq.res" 1190
"../../../Engine/Content/Internationalization/icudt64l/region/naq.res" 1191
"../../../Engine/Content/Internationalization/icudt64l/lang/nb.res" 1192
"../../../Engine/Content/Internationalization/icudt64l/lang/nb_NO.res" 1193
"../../../Engine/Content/Internationalization/icudt64l/region/nb_NO.res" 1194
"../../../Engine/Content/Internationalization/icudt64l/region/nb.res" 1195
"../../../Engine/Content/Internationalization/icudt64l/lang/nd.res" 1196
"../../../Engine/Content/Internationalization/icudt64l/region/nd.res" 1197
"../../../Engine/Content/Internationalization/icudt64l/lang/nds.res" 1198
"../../../Engine/Content/Internationalization/icudt64l/region/nds.res" 1199
"../../../Engine/Content/Internationalization/icudt64l/lang/ne.res" 1200
"../../../Engine/Content/Internationalization/icudt64l/region/ne.res" 1201
"../../../Engine/Content/Internationalization/icudt64l/lang/nl.res" 1202
"../../../Engine/Content/Internationalization/icudt64l/region/nl.res" 1203
"../../../Engine/Content/Internationalization/icudt64l/lang/nmg.res" 1204
"../../../Engine/Content/Internationalization/icudt64l/region/nmg.res" 1205
"../../../Engine/Content/Internationalization/icudt64l/lang/nn.res" 1206
"../../../Engine/Content/Internationalization/icudt64l/lang/nn_NO.res" 1207
"../../../Engine/Content/Internationalization/icudt64l/region/nn_NO.res" 1208
"../../../Engine/Content/Internationalization/icudt64l/region/nn.res" 1209
"../../../Engine/Content/Internationalization/icudt64l/lang/nnh.res" 1210
"../../../Engine/Content/Internationalization/icudt64l/region/nnh.res" 1211
"../../../Engine/Content/Internationalization/icudt64l/lang/nus.res" 1212
"../../../Engine/Content/Internationalization/icudt64l/region/nus.res" 1213
"../../../Engine/Content/Internationalization/icudt64l/lang/nyn.res" 1214
"../../../Engine/Content/Internationalization/icudt64l/region/nyn.res" 1215
"../../../Engine/Content/Internationalization/icudt64l/lang/om.res" 1216
"../../../Engine/Content/Internationalization/icudt64l/region/om.res" 1217
"../../../Engine/Content/Internationalization/icudt64l/lang/or.res" 1218
"../../../Engine/Content/Internationalization/icudt64l/region/or.res" 1219
"../../../Engine/Content/Internationalization/icudt64l/lang/os.res" 1220
"../../../Engine/Content/Internationalization/icudt64l/region/os.res" 1221
"../../../Engine/Content/Internationalization/icudt64l/lang/pa.res" 1222
"../../../Engine/Content/Internationalization/icudt64l/lang/pa_Arab.res" 1223
"../../../Engine/Content/Internationalization/icudt64l/lang/pa_PK.res" 1224
"../../../Engine/Content/Internationalization/icudt64l/lang/pa_Arab_PK.res" 1225
"../../../Engine/Content/Internationalization/icudt64l/region/pa_PK.res" 1226
"../../../Engine/Content/Internationalization/icudt64l/region/pa_Arab_PK.res" 1227
"../../../Engine/Content/Internationalization/icudt64l/region/pa_Arab.res" 1228
"../../../Engine/Content/Internationalization/icudt64l/lang/pa_Guru.res" 1229
"../../../Engine/Content/Internationalization/icudt64l/lang/pa_IN.res" 1230
"../../../Engine/Content/Internationalization/icudt64l/lang/pa_Guru_IN.res" 1231
"../../../Engine/Content/Internationalization/icudt64l/region/pa_IN.res" 1232
"../../../Engine/Content/Internationalization/icudt64l/region/pa_Guru_IN.res" 1233
"../../../Engine/Content/Internationalization/icudt64l/region/pa_Guru.res" 1234
"../../../Engine/Content/Internationalization/icudt64l/region/pa.res" 1235
"../../../Engine/Content/Internationalization/icudt64l/lang/pl.res" 1236
"../../../Engine/Content/Internationalization/icudt64l/region/pl.res" 1237
"../../../Engine/Content/Internationalization/icudt64l/lang/ps.res" 1238
"../../../Engine/Content/Internationalization/icudt64l/region/ps.res" 1239
"../../../Engine/Content/Internationalization/icudt64l/lang/ps_PK.res" 1240
"../../../Engine/Content/Internationalization/icudt64l/region/ps_PK.res" 1241
"../../../Engine/Content/Internationalization/icudt64l/lang/pt.res" 1242
"../../../Engine/Content/Internationalization/icudt64l/lang/pt_AO.res" 1243
"../../../Engine/Content/Internationalization/icudt64l/lang/pt_PT.res" 1244
"../../../Engine/Content/Internationalization/icudt64l/region/pt_AO.res" 1245
"../../../Engine/Content/Internationalization/icudt64l/region/pt_PT.res" 1246
"../../../Engine/Content/Internationalization/icudt64l/region/pt.res" 1247
"../../../Engine/Content/Internationalization/icudt64l/lang/pt_CH.res" 1248
"../../../Engine/Content/Internationalization/icudt64l/region/pt_CH.res" 1249
"../../../Engine/Content/Internationalization/icudt64l/lang/pt_CV.res" 1250
"../../../Engine/Content/Internationalization/icudt64l/region/pt_CV.res" 1251
"../../../Engine/Content/Internationalization/icudt64l/lang/pt_GQ.res" 1252
"../../../Engine/Content/Internationalization/icudt64l/region/pt_GQ.res" 1253
"../../../Engine/Content/Internationalization/icudt64l/lang/pt_GW.res" 1254
"../../../Engine/Content/Internationalization/icudt64l/region/pt_GW.res" 1255
"../../../Engine/Content/Internationalization/icudt64l/lang/pt_LU.res" 1256
"../../../Engine/Content/Internationalization/icudt64l/region/pt_LU.res" 1257
"../../../Engine/Content/Internationalization/icudt64l/lang/pt_MO.res" 1258
"../../../Engine/Content/Internationalization/icudt64l/region/pt_MO.res" 1259
"../../../Engine/Content/Internationalization/icudt64l/lang/pt_MZ.res" 1260
"../../../Engine/Content/Internationalization/icudt64l/region/pt_MZ.res" 1261
"../../../Engine/Content/Internationalization/icudt64l/lang/pt_ST.res" 1262
"../../../Engine/Content/Internationalization/icudt64l/region/pt_ST.res" 1263
"../../../Engine/Content/Internationalization/icudt64l/lang/pt_TL.res" 1264
"../../../Engine/Content/Internationalization/icudt64l/region/pt_TL.res" 1265
"../../../Engine/Content/Internationalization/icudt64l/lang/qu.res" 1266
"../../../Engine/Content/Internationalization/icudt64l/region/qu.res" 1267
"../../../Engine/Content/Internationalization/icudt64l/lang/rm.res" 1268
"../../../Engine/Content/Internationalization/icudt64l/region/rm.res" 1269
"../../../Engine/Content/Internationalization/icudt64l/lang/rn.res" 1270
"../../../Engine/Content/Internationalization/icudt64l/region/rn.res" 1271
"../../../Engine/Content/Internationalization/icudt64l/lang/ro.res" 1272
"../../../Engine/Content/Internationalization/icudt64l/lang/ro_MD.res" 1273
"../../../Engine/Content/Internationalization/icudt64l/region/ro_MD.res" 1274
"../../../Engine/Content/Internationalization/icudt64l/region/ro.res" 1275
"../../../Engine/Content/Internationalization/icudt64l/lang/rof.res" 1276
"../../../Engine/Content/Internationalization/icudt64l/region/rof.res" 1277
"../../../Engine/Content/Internationalization/icudt64l/region/ru_UA.res" 1278
"../../../Engine/Content/Internationalization/icudt64l/lang/rw.res" 1279
"../../../Engine/Content/Internationalization/icudt64l/region/rw.res" 1280
"../../../Engine/Content/Internationalization/icudt64l/lang/rwk.res" 1281
"../../../Engine/Content/Internationalization/icudt64l/region/rwk.res" 1282
"../../../Engine/Content/Internationalization/icudt64l/lang/sah.res" 1283
"../../../Engine/Content/Internationalization/icudt64l/region/sah.res" 1284
"../../../Engine/Content/Internationalization/icudt64l/lang/saq.res" 1285
"../../../Engine/Content/Internationalization/icudt64l/region/saq.res" 1286
"../../../Engine/Content/Internationalization/icudt64l/lang/sbp.res" 1287
"../../../Engine/Content/Internationalization/icudt64l/region/sbp.res" 1288
"../../../Engine/Content/Internationalization/icudt64l/lang/sd.res" 1289
"../../../Engine/Content/Internationalization/icudt64l/region/sd.res" 1290
"../../../Engine/Content/Internationalization/icudt64l/lang/se.res" 1291
"../../../Engine/Content/Internationalization/icudt64l/lang/se_FI.res" 1292
"../../../Engine/Content/Internationalization/icudt64l/region/se_FI.res" 1293
"../../../Engine/Content/Internationalization/icudt64l/region/se.res" 1294
"../../../Engine/Content/Internationalization/icudt64l/lang/seh.res" 1295
"../../../Engine/Content/Internationalization/icudt64l/region/seh.res" 1296
"../../../Engine/Content/Internationalization/icudt64l/lang/ses.res" 1297
"../../../Engine/Content/Internationalization/icudt64l/region/ses.res" 1298
"../../../Engine/Content/Internationalization/icudt64l/lang/sg.res" 1299
"../../../Engine/Content/Internationalization/icudt64l/region/sg.res" 1300
"../../../Engine/Content/Internationalization/icudt64l/lang/shi.res" 1301
"../../../Engine/Content/Internationalization/icudt64l/lang/shi_Latn.res" 1302
"../../../Engine/Content/Internationalization/icudt64l/lang/shi_MA.res" 1303
"../../../Engine/Content/Internationalization/icudt64l/lang/shi_Tfng_MA.res" 1304
"../../../Engine/Content/Internationalization/icudt64l/lang/shi_Tfng.res" 1305
"../../../Engine/Content/Internationalization/icudt64l/region/shi_MA.res" 1306
"../../../Engine/Content/Internationalization/icudt64l/region/shi_Tfng_MA.res" 1307
"../../../Engine/Content/Internationalization/icudt64l/region/shi_Tfng.res" 1308
"../../../Engine/Content/Internationalization/icudt64l/region/shi.res" 1309
"../../../Engine/Content/Internationalization/icudt64l/region/shi_Latn.res" 1310
"../../../Engine/Content/Internationalization/icudt64l/lang/si.res" 1311
"../../../Engine/Content/Internationalization/icudt64l/region/si.res" 1312
"../../../Engine/Content/Internationalization/icudt64l/lang/sk.res" 1313
"../../../Engine/Content/Internationalization/icudt64l/region/sk.res" 1314
"../../../Engine/Content/Internationalization/icudt64l/lang/sl.res" 1315
"../../../Engine/Content/Internationalization/icudt64l/region/sl.res" 1316
"../../../Engine/Content/Internationalization/icudt64l/lang/smn.res" 1317
"../../../Engine/Content/Internationalization/icudt64l/region/smn.res" 1318
"../../../Engine/Content/Internationalization/icudt64l/lang/sn.res" 1319
"../../../Engine/Content/Internationalization/icudt64l/region/sn.res" 1320
"../../../Engine/Content/Internationalization/icudt64l/lang/so.res" 1321
"../../../Engine/Content/Internationalization/icudt64l/region/so.res" 1322
"../../../Engine/Content/Internationalization/icudt64l/lang/sq.res" 1323
"../../../Engine/Content/Internationalization/icudt64l/region/sq.res" 1324
"../../../Engine/Content/Internationalization/icudt64l/lang/sr.res" 1325
"../../../Engine/Content/Internationalization/icudt64l/lang/sr_Cyrl.res" 1326
"../../../Engine/Content/Internationalization/icudt64l/lang/sr_BA.res" 1327
"../../../Engine/Content/Internationalization/icudt64l/lang/sr_Cyrl_BA.res" 1328
"../../../Engine/Content/Internationalization/icudt64l/region/sr_BA.res" 1329
"../../../Engine/Content/Internationalization/icudt64l/region/sr_Cyrl_BA.res" 1330
"../../../Engine/Content/Internationalization/icudt64l/region/sr_Cyrl.res" 1331
"../../../Engine/Content/Internationalization/icudt64l/region/sr.res" 1332
"../../../Engine/Content/Internationalization/icudt64l/lang/sr_ME.res" 1333
"../../../Engine/Content/Internationalization/icudt64l/lang/sr_Latn_ME.res" 1334
"../../../Engine/Content/Internationalization/icudt64l/lang/sr_Latn.res" 1335
"../../../Engine/Content/Internationalization/icudt64l/region/sr_ME.res" 1336
"../../../Engine/Content/Internationalization/icudt64l/region/sr_Latn_ME.res" 1337
"../../../Engine/Content/Internationalization/icudt64l/region/sr_Latn.res" 1338
"../../../Engine/Content/Internationalization/icudt64l/lang/sr_Cyrl_ME.res" 1339
"../../../Engine/Content/Internationalization/icudt64l/region/sr_Cyrl_ME.res" 1340
"../../../Engine/Content/Internationalization/icudt64l/lang/sr_RS.res" 1341
"../../../Engine/Content/Internationalization/icudt64l/lang/sr_Cyrl_RS.res" 1342
"../../../Engine/Content/Internationalization/icudt64l/region/sr_RS.res" 1343
"../../../Engine/Content/Internationalization/icudt64l/region/sr_Cyrl_RS.res" 1344
"../../../Engine/Content/Internationalization/icudt64l/lang/sr_XK.res" 1345
"../../../Engine/Content/Internationalization/icudt64l/lang/sr_Cyrl_XK.res" 1346
"../../../Engine/Content/Internationalization/icudt64l/region/sr_XK.res" 1347
"../../../Engine/Content/Internationalization/icudt64l/region/sr_Cyrl_XK.res" 1348
"../../../Engine/Content/Internationalization/icudt64l/lang/sr_Latn_BA.res" 1349
"../../../Engine/Content/Internationalization/icudt64l/region/sr_Latn_BA.res" 1350
"../../../Engine/Content/Internationalization/icudt64l/lang/sr_Latn_RS.res" 1351
"../../../Engine/Content/Internationalization/icudt64l/region/sr_Latn_RS.res" 1352
"../../../Engine/Content/Internationalization/icudt64l/lang/sr_Latn_XK.res" 1353
"../../../Engine/Content/Internationalization/icudt64l/region/sr_Latn_XK.res" 1354
"../../../Engine/Content/Internationalization/icudt64l/lang/sv.res" 1355
"../../../Engine/Content/Internationalization/icudt64l/region/sv.res" 1356
"../../../Engine/Content/Internationalization/icudt64l/lang/sv_FI.res" 1357
"../../../Engine/Content/Internationalization/icudt64l/lang/sw.res" 1358
"../../../Engine/Content/Internationalization/icudt64l/lang/sw_CD.res" 1359
"../../../Engine/Content/Internationalization/icudt64l/region/sw_CD.res" 1360
"../../../Engine/Content/Internationalization/icudt64l/region/sw.res" 1361
"../../../Engine/Content/Internationalization/icudt64l/lang/sw_KE.res" 1362
"../../../Engine/Content/Internationalization/icudt64l/region/sw_KE.res" 1363
"../../../Engine/Content/Internationalization/icudt64l/lang/ta.res" 1364
"../../../Engine/Content/Internationalization/icudt64l/region/ta.res" 1365
"../../../Engine/Content/Internationalization/icudt64l/lang/te.res" 1366
"../../../Engine/Content/Internationalization/icudt64l/region/te.res" 1367
"../../../Engine/Content/Internationalization/icudt64l/lang/teo.res" 1368
"../../../Engine/Content/Internationalization/icudt64l/region/teo.res" 1369
"../../../Engine/Content/Internationalization/icudt64l/lang/tg.res" 1370
"../../../Engine/Content/Internationalization/icudt64l/region/tg.res" 1371
"../../../Engine/Content/Internationalization/icudt64l/lang/th.res" 1372
"../../../Engine/Content/Internationalization/icudt64l/lang/th_TH.res" 1373
"../../../Engine/Content/Internationalization/icudt64l/region/th_TH.res" 1374
"../../../Engine/Content/Internationalization/icudt64l/region/th.res" 1375
"../../../Engine/Content/Internationalization/icudt64l/lang/ti.res" 1376
"../../../Engine/Content/Internationalization/icudt64l/region/ti.res" 1377
"../../../Engine/Content/Internationalization/icudt64l/lang/tk.res" 1378
"../../../Engine/Content/Internationalization/icudt64l/region/tk.res" 1379
"../../../Engine/Content/Internationalization/icudt64l/lang/to.res" 1380
"../../../Engine/Content/Internationalization/icudt64l/region/to.res" 1381
"../../../Engine/Content/Internationalization/icudt64l/lang/tr.res" 1382
"../../../Engine/Content/Internationalization/icudt64l/region/tr.res" 1383
"../../../Engine/Content/Internationalization/icudt64l/lang/tt.res" 1384
"../../../Engine/Content/Internationalization/icudt64l/region/tt.res" 1385
"../../../Engine/Content/Internationalization/icudt64l/lang/twq.res" 1386
"../../../Engine/Content/Internationalization/icudt64l/region/twq.res" 1387
"../../../Engine/Content/Internationalization/icudt64l/lang/tzm.res" 1388
"../../../Engine/Content/Internationalization/icudt64l/region/tzm.res" 1389
"../../../Engine/Content/Internationalization/icudt64l/lang/ug.res" 1390
"../../../Engine/Content/Internationalization/icudt64l/region/ug.res" 1391
"../../../Engine/Content/Internationalization/icudt64l/lang/uk.res" 1392
"../../../Engine/Content/Internationalization/icudt64l/region/uk.res" 1393
"../../../Engine/Content/Internationalization/icudt64l/lang/ur.res" 1394
"../../../Engine/Content/Internationalization/icudt64l/lang/ur_IN.res" 1395
"../../../Engine/Content/Internationalization/icudt64l/region/ur_IN.res" 1396
"../../../Engine/Content/Internationalization/icudt64l/region/ur.res" 1397
"../../../Engine/Content/Internationalization/icudt64l/lang/uz.res" 1398
"../../../Engine/Content/Internationalization/icudt64l/lang/uz_Arab.res" 1399
"../../../Engine/Content/Internationalization/icudt64l/lang/uz_AF.res" 1400
"../../../Engine/Content/Internationalization/icudt64l/lang/uz_Arab_AF.res" 1401
"../../../Engine/Content/Internationalization/icudt64l/region/uz_AF.res" 1402
"../../../Engine/Content/Internationalization/icudt64l/region/uz_Arab_AF.res" 1403
"../../../Engine/Content/Internationalization/icudt64l/region/uz_Arab.res" 1404
"../../../Engine/Content/Internationalization/icudt64l/lang/uz_Cyrl.res" 1405
"../../../Engine/Content/Internationalization/icudt64l/lang/uz_UZ.res" 1406
"../../../Engine/Content/Internationalization/icudt64l/lang/uz_Latn_UZ.res" 1407
"../../../Engine/Content/Internationalization/icudt64l/lang/uz_Latn.res" 1408
"../../../Engine/Content/Internationalization/icudt64l/region/uz_UZ.res" 1409
"../../../Engine/Content/Internationalization/icudt64l/region/uz_Latn_UZ.res" 1410
"../../../Engine/Content/Internationalization/icudt64l/region/uz_Latn.res" 1411
"../../../Engine/Content/Internationalization/icudt64l/region/uz.res" 1412
"../../../Engine/Content/Internationalization/icudt64l/region/uz_Cyrl.res" 1413
"../../../Engine/Content/Internationalization/icudt64l/lang/vai.res" 1414
"../../../Engine/Content/Internationalization/icudt64l/lang/vai_Latn.res" 1415
"../../../Engine/Content/Internationalization/icudt64l/lang/vai_LR.res" 1416
"../../../Engine/Content/Internationalization/icudt64l/lang/vai_Vaii_LR.res" 1417
"../../../Engine/Content/Internationalization/icudt64l/lang/vai_Vaii.res" 1418
"../../../Engine/Content/Internationalization/icudt64l/region/vai_LR.res" 1419
"../../../Engine/Content/Internationalization/icudt64l/region/vai_Vaii_LR.res" 1420
"../../../Engine/Content/Internationalization/icudt64l/region/vai_Vaii.res" 1421
"../../../Engine/Content/Internationalization/icudt64l/region/vai.res" 1422
"../../../Engine/Content/Internationalization/icudt64l/region/vai_Latn.res" 1423
"../../../Engine/Content/Internationalization/icudt64l/lang/vi.res" 1424
"../../../Engine/Content/Internationalization/icudt64l/region/vi.res" 1425
"../../../Engine/Content/Internationalization/icudt64l/lang/vun.res" 1426
"../../../Engine/Content/Internationalization/icudt64l/region/vun.res" 1427
"../../../Engine/Content/Internationalization/icudt64l/lang/wae.res" 1428
"../../../Engine/Content/Internationalization/icudt64l/region/wae.res" 1429
"../../../Engine/Content/Internationalization/icudt64l/lang/wo.res" 1430
"../../../Engine/Content/Internationalization/icudt64l/region/wo.res" 1431
"../../../Engine/Content/Internationalization/icudt64l/lang/xh.res" 1432
"../../../Engine/Content/Internationalization/icudt64l/region/xh.res" 1433
"../../../Engine/Content/Internationalization/icudt64l/lang/xog.res" 1434
"../../../Engine/Content/Internationalization/icudt64l/region/xog.res" 1435
"../../../Engine/Content/Internationalization/icudt64l/lang/yav.res" 1436
"../../../Engine/Content/Internationalization/icudt64l/region/yav.res" 1437
"../../../Engine/Content/Internationalization/icudt64l/lang/yi.res" 1438
"../../../Engine/Content/Internationalization/icudt64l/region/yi.res" 1439
"../../../Engine/Content/Internationalization/icudt64l/lang/yo.res" 1440
"../../../Engine/Content/Internationalization/icudt64l/lang/yo_BJ.res" 1441
"../../../Engine/Content/Internationalization/icudt64l/region/yo_BJ.res" 1442
"../../../Engine/Content/Internationalization/icudt64l/region/yo.res" 1443
"../../../Engine/Content/Internationalization/icudt64l/lang/yue.res" 1444
"../../../Engine/Content/Internationalization/icudt64l/lang/yue_Hans.res" 1445
"../../../Engine/Content/Internationalization/icudt64l/lang/yue_CN.res" 1446
"../../../Engine/Content/Internationalization/icudt64l/lang/yue_Hans_CN.res" 1447
"../../../Engine/Content/Internationalization/icudt64l/region/yue_CN.res" 1448
"../../../Engine/Content/Internationalization/icudt64l/region/yue_Hans_CN.res" 1449
"../../../Engine/Content/Internationalization/icudt64l/region/yue_Hans.res" 1450
"../../../Engine/Content/Internationalization/icudt64l/lang/yue_Hant.res" 1451
"../../../Engine/Content/Internationalization/icudt64l/lang/yue_HK.res" 1452
"../../../Engine/Content/Internationalization/icudt64l/lang/yue_Hant_HK.res" 1453
"../../../Engine/Content/Internationalization/icudt64l/region/yue_HK.res" 1454
"../../../Engine/Content/Internationalization/icudt64l/region/yue_Hant_HK.res" 1455
"../../../Engine/Content/Internationalization/icudt64l/region/yue_Hant.res" 1456
"../../../Engine/Content/Internationalization/icudt64l/region/yue.res" 1457
"../../../Engine/Content/Internationalization/icudt64l/lang/zgh.res" 1458
"../../../Engine/Content/Internationalization/icudt64l/region/zgh.res" 1459
"../../../Engine/Content/Internationalization/icudt64l/lang/zh.res" 1460
"../../../Engine/Content/Internationalization/icudt64l/lang/zh_Hans.res" 1461
"../../../Engine/Content/Internationalization/icudt64l/lang/zh_CN.res" 1462
"../../../Engine/Content/Internationalization/icudt64l/lang/zh_Hans_CN.res" 1463
"../../../Engine/Content/Internationalization/icudt64l/region/zh_CN.res" 1464
"../../../Engine/Content/Internationalization/icudt64l/region/zh_Hans_CN.res" 1465
"../../../Engine/Content/Internationalization/icudt64l/region/zh_Hans.res" 1466
"../../../Engine/Content/Internationalization/icudt64l/region/zh.res" 1467
"../../../Engine/Content/Internationalization/icudt64l/lang/zh_HK.res" 1468
"../../../Engine/Content/Internationalization/icudt64l/lang/zh_Hant_HK.res" 1469
"../../../Engine/Content/Internationalization/icudt64l/lang/zh_Hant.res" 1470
"../../../Engine/Content/Internationalization/icudt64l/region/zh_HK.res" 1471
"../../../Engine/Content/Internationalization/icudt64l/region/zh_Hant_HK.res" 1472
"../../../Engine/Content/Internationalization/icudt64l/region/zh_Hant.res" 1473
"../../../Engine/Content/Internationalization/icudt64l/lang/zh_MO.res" 1474
"../../../Engine/Content/Internationalization/icudt64l/lang/zh_Hant_MO.res" 1475
"../../../Engine/Content/Internationalization/icudt64l/region/zh_MO.res" 1476
"../../../Engine/Content/Internationalization/icudt64l/region/zh_Hant_MO.res" 1477
"../../../Engine/Content/Internationalization/icudt64l/lang/zh_SG.res" 1478
"../../../Engine/Content/Internationalization/icudt64l/lang/zh_Hans_SG.res" 1479
"../../../Engine/Content/Internationalization/icudt64l/region/zh_SG.res" 1480
"../../../Engine/Content/Internationalization/icudt64l/region/zh_Hans_SG.res" 1481
"../../../Engine/Content/Internationalization/icudt64l/lang/zh_TW.res" 1482
"../../../Engine/Content/Internationalization/icudt64l/lang/zh_Hant_TW.res" 1483
"../../../Engine/Content/Internationalization/icudt64l/region/zh_TW.res" 1484
"../../../Engine/Content/Internationalization/icudt64l/region/zh_Hant_TW.res" 1485
"../../../Engine/Content/Internationalization/icudt64l/lang/zu.res" 1486
"../../../Engine/Content/Internationalization/icudt64l/region/zu.res" 1487
"../../../Engine/Content/Internationalization/icudt64l/lang/no.res" 1488
"../../../Engine/Content/Internationalization/icudt64l/lang/tl.res" 1489
"../../../Engine/Plugins/FX/Niagara/Shaders/Private/NiagaraSpriteVertexFactory.ush" 1490
"../../../Engine/Shaders/Private/VertexFactoryCommon.ush" 1491
"../../../Engine/Shaders/Private/Common.ush" 1492
"../../../Engine/Shaders/Public/Platform.ush" 1493
"../../../Engine/Shaders/Public/FP16Math.ush" 1494
"../../../Engine/Shaders/Public/Platform/D3D/D3DCommon.ush" 1495
"../../../Engine/Shaders/Public/ShaderVersion.ush" 1496
"../../../Engine/Shaders/Private/CommonViewUniformBuffer.ush" 1497
"../../../Engine/Shaders/Private/InstancedStereo.ush" 1498
"../../../Engine/Shaders/Private/Definitions.usf" 1499
"../../../Engine/Shaders/Private/FastMath.ush" 1500
"../../../Engine/Shaders/Private/Random.ush" 1501
"../../../Engine/Shaders/Private/ParticleVertexFactoryCommon.ush" 1502
"../../../Engine/Plugins/FX/Niagara/Shaders/Private/NiagaraVFParticleAccess.usf" 1503
"../../../Engine/Plugins/FX/Niagara/Shaders/Private/NiagaraRibbonVertexFactory.ush" 1504
"../../../Engine/Plugins/FX/Niagara/Shaders/Private/NiagaraMeshVertexFactory.ush" 1505
"../../../Engine/Plugins/FX/Niagara/Shaders/Private/NiagaraCommon.ush" 1506
"../../../Engine/Shaders/Private/RayTracing/RayTracingCommon.ush" 1507
"../../../Engine/Shaders/Private/ShadingCommon.ush" 1508
"../../../Engine/Shaders/Shared/RayTracingDefinitions.h" 1509
"../../../Engine/Shaders/Private/RayTracing/RayTracingHitGroupCommon.ush" 1510
"../../../Engine/Shaders/Shared/RayTracingBuiltInResources.h" 1511
"../../../Engine/Shaders/Private/VectorFieldVisualizationVertexFactory.ush" 1512
"../../../Engine/Shaders/Private/ParticleSpriteVertexFactory.ush" 1513
"../../../Engine/Shaders/Private/ParticleGPUSpriteVertexFactory.ush" 1514
"../../../Engine/Shaders/Private/ParticleBeamTrailVertexFactory.ush" 1515
"../../../Engine/Shaders/Private/MeshParticleVertexFactory.ush" 1516
"../../../Engine/Shaders/Private/LocalVertexFactory.ush" 1517
"../../../Engine/Shaders/Private/LocalVertexFactoryCommon.ush" 1518
"../../../Engine/Shaders/Private/LightmapData.ush" 1519
"../../../Engine/Shaders/Private/GpuSkinCommon.ush" 1520
"../../../Engine/Shaders/Private/GpuSkinVertexFactory.ush" 1521
"../../../Engine/Shaders/Private/GeometryCacheVertexFactory.ush" 1522
"../../../Engine/Shaders/Private/LandscapeVertexFactory.ush" 1523
"../../../Engine/Plugins/FX/Niagara/Shaders/Private/NiagaraSortKeyGen.usf" 1524
"../../../Engine/Plugins/FX/Niagara/Shaders/Private/NiagaraGPURayTracingTransforms.usf" 1525
"../../../Engine/Plugins/FX/Niagara/Shaders/Private/NiagaraDrawIndirectArgsGen.usf" 1526
"../../../Engine/Plugins/FX/Niagara/Shaders/Private/NiagaraFillIntBuffer.usf" 1527
"../../../Engine/Plugins/FX/Niagara/Shaders/Private/NiagaraComputeFreeIDs.usf" 1528
"../../../Engine/Plugins/FX/Niagara/Shaders/Private/NiagaraInitFreeIDBuffer.usf" 1529
"../../../Engine/Plugins/FX/Niagara/Shaders/Private/NiagaraEmitterInstanceShader.usf" 1530
"../../../Engine/Plugins/FX/Niagara/Shaders/Private/NiagaraShaderVersion.ush" 1531
"../../../Engine/Shaders/Private/GlobalDistanceFieldShared.ush" 1532
"../../../Engine/Shaders/Private/SceneTexturesCommon.ush" 1533
"../../../Engine/Plugins/FX/Niagara/Shaders/Private/NiagaraPhysicsCommon.ush" 1534
"../../../Engine/Plugins/FX/Niagara/Shaders/Private/NiagaraDebugDraw.usf" 1535
"../../../Engine/Plugins/FX/Niagara/Shaders/Private/NiagaraDebugDraw.ush" 1536
"../../../Engine/Plugins/FX/Niagara/Shaders/Private/NiagaraVisualizeTexture.usf" 1537
"../../../Engine/Plugins/FX/Niagara/Shaders/Private/NiagaraBatchedElements.usf" 1538
"../../../Engine/Shaders/Private/GammaCorrectionCommon.ush" 1539
"../../../Engine/Plugins/Media/WmfMedia/Shaders/Private/MediaHardwareVideoDecoding.usf" 1540
"../../../Engine/Shaders/Private/ColorUtils.ush" 1541
"../../../Engine/Plugins/Media/ImgMedia/Shaders/Private/ExrSwizzler.usf" 1542
"../../../Engine/Shaders/Private/SlateElementPixelShader.usf" 1543
"../../../Engine/Shaders/Private/SlateShaderCommon.ush" 1544
"../../../Engine/Shaders/Private/MaterialTemplate.ush" 1545
"../../../Engine/Shaders/Private/EyeAdaptationCommon.ush" 1546
"../../../Engine/Shaders/Private/SobolRandom.ush" 1547
"../../../Engine/Shaders/Private/MonteCarlo.ush" 1548
"../../../Engine/Shaders/Private/DepthOfFieldCommon.ush" 1549
"../../../Engine/Shaders/Private/CircleDOFCommon.ush" 1550
"../../../Engine/Shaders/Private/PhysicsFieldSampler.ush" 1551
"../../../Engine/Shaders/Private/PhysicsFieldShared.ush" 1552
"../../../Engine/Shaders/Private/SceneData.ush" 1553
"../../../Engine/Shaders/Private/HairShadingCommon.ush" 1554
"../../../Engine/Shaders/Private/HairStrands/HairCardsAttributeCommon.ush" 1555
"../../../Engine/Shaders/Private/HairStrands/HairStrandsVertexFactoryCommon.ush" 1556
"../../../Engine/Shaders/Private/HairStrands/HairStrandsAttributeCommon.ush" 1557
"../../../Engine/Shaders/Private/SpeedTreeCommon.ush" 1558
"../../../Engine/Shaders/Private/VirtualTextureCommon.ush" 1559
"../../../Engine/Shaders/Private/MinMaterialTexCoords.ush" 1560
"../../../Engine/Shaders/Private/AtmosphereCommon.ush" 1561
"../../../Engine/Shaders/Private/SkyAtmosphereCommon.ush" 1562
"../../../Engine/Shaders/Private/SingleLayerWaterCommon.ush" 1563
"../../../Engine/Shaders/Private/PaniniProjection.ush" 1564
"../../../Engine/Shaders/Private/DeferredShadingCommon.ush" 1565
"../../../Engine/Shaders/Private/LightAccumulator.ush" 1566
"../../../Engine/Shaders/Private/CompositeUIPixelShader.usf" 1567
"../../../Engine/Shaders/Private/TonemapCommon.ush" 1568
"../../../Engine/Shaders/Private/ACES.ush" 1569
"../../../Engine/Shaders/Private/SlateMaskingShader.usf" 1570
"../../../Engine/Shaders/Private/SlatePostProcessColorDeficiencyPixelShader.usf" 1571
"../../../Engine/Shaders/Private/ColorSpace.ush" 1572
"../../../Engine/Shaders/Private/SlatePostProcessPixelShader.usf" 1573
"../../../Engine/Shaders/Private/SlateVertexShader.usf" 1574
"../../../Engine/Shaders/Private/TranslucentLightingShaders.usf" 1575
"../../../Engine/Shaders/Private/SHCommon.ush" 1576
"../../../Engine/Shaders/Private/ShadowProjectionCommon.ush" 1577
"../../../Engine/Shaders/Private/CubemapCommon.ush" 1578
"../../../Engine/Shaders/Private/VectorFieldCompositeShaders.usf" 1579
"../../../Engine/Shaders/Private/UpdateTextureShaders.usf" 1580
"../../../Engine/Shaders/Private/StereoLayerShader.usf" 1581
"../../../Engine/Shaders/Private/MorphTargets.usf" 1582
"../../../Engine/Shaders/Private/SimpleElementColorChannelMaskPixelShader.usf" 1583
"../../../Engine/Shaders/Private/SimpleElementHitProxyPixelShader.usf" 1584
"../../../Engine/Shaders/Private/SimpleElementPixelShader.usf" 1585
"../../../Engine/Shaders/Private/IESLightProfilesCommon.ush" 1586
"../../../Engine/Shaders/Private/SimpleElementVertexShader.usf" 1587
"../../../Engine/Shaders/Private/ScreenPixelShaderOES.usf" 1588
"../../../Engine/Shaders/Private/ScreenVertexShader.usf" 1589
"../../../Engine/Shaders/Private/ScreenPixelShader.usf" 1590
"../../../Engine/Shaders/Private/VolumetricLightmapStreaming.usf" 1591
"../../../Engine/Shaders/Private/PhysicsFieldReset.usf" 1592
"../../../Engine/Shaders/Private/PhysicsFieldBuilder.usf" 1593
"../../../Engine/Shaders/Private/ParticleSortKeyGen.usf" 1594
"../../../Engine/Shaders/Private/ParticleBoundsShader.usf" 1595
"../../../Engine/Shaders/Private/ParticleSimVisualizeShader.usf" 1596
"../../../Engine/Shaders/Private/ParticleInjectionShader.usf" 1597
"../../../Engine/Shaders/Private/ParticleSimulationShader.usf" 1598
"../../../Engine/Shaders/Private/ParticleCurveInjectionShader.usf" 1599
"../../../Engine/Shaders/Private/CopyUIntBuffer.usf" 1600
"../../../Engine/Shaders/Private/RadixSortShaders.usf" 1601
"../../../Engine/Shaders/Private/RecomputeTangentsPerVertexPass.usf" 1602
"../../../Engine/Shaders/Private/RecomputeTangentsCommon.ush" 1603
"../../../Engine/Shaders/Private/RecomputeTangentsPerTrianglePass.usf" 1604
"../../../Engine/Shaders/Private/GpuSkinCacheComputeShader.usf" 1605
"../../../Engine/Shaders/Private/DistanceFieldDownsampling.usf" 1606
"../../../Engine/Shaders/Private/HeightFieldAtlasManagement.usf" 1607
"../../../Engine/Shaders/Private/LandscapePhysicalMaterial.usf" 1608
"../../../Engine/Shaders/Private/LandscapeGrassWeight.usf" 1609
"../../../Engine/Shaders/Private/LandscapeLayersCS.usf" 1610
"../../../Engine/Shaders/Private/LandscapeLayersPS.usf" 1611
"../../../Engine/Shaders/Private/LandscapeLayersVS.usf" 1612
"../../../Engine/Shaders/Private/WideCustomResolveShaders.usf" 1613
"../../../Engine/Shaders/Private/WideCustomResolve_Wide.ush" 1614
"../../../Engine/Shaders/Private/WideCustomResolve_Wider.ush" 1615
"../../../Engine/Shaders/Private/WideCustomResolve_Widest.ush" 1616
"../../../Engine/Shaders/Private/PageTableUpdate.usf" 1617
"../../../Engine/Shaders/Private/VirtualTextureCompress.usf" 1618
"../../../Engine/Shaders/Private/BCCompressionCommon.ush" 1619
"../../../Engine/Shaders/Private/ETCCompressionCommon.ush" 1620
"../../../Engine/Shaders/Private/VirtualTextureMaterial.usf" 1621
"../../../Engine/Shaders/Private/PixelShaderOutputCommon.ush" 1622
"../../../Engine/Shaders/Private/VolumetricRenderTarget.usf" 1623
"../../../Engine/Shaders/Private/SceneTextureParameters.ush" 1624
"../../../Engine/Shaders/Private/VolumetricFogVoxelization.usf" 1625
"../../../Engine/Shaders/Private/VolumetricCloudMaterialPixelCommon.ush" 1626
"../../../Engine/Shaders/Private/VolumetricFogLightFunction.usf" 1627
"../../../Engine/Shaders/Private/LightFunctionCommon.ush" 1628
"../../../Engine/Shaders/Private/VolumetricFog.usf" 1629
"../../../Engine/Shaders/Private/DeferredLightingCommon.ush" 1630
"../../../Engine/Shaders/Private/DynamicLightingCommon.ush" 1631
"../../../Engine/Shaders/Private/CapsuleLightIntegrate.ush" 1632
"../../../Engine/Shaders/Private/ShadingModels.ush" 1633
"../../../Engine/Shaders/Private/BRDF.ush" 1634
"../../../Engine/Shaders/Private/CapsuleLight.ush" 1635
"../../../Engine/Shaders/Private/RectLight.ush" 1636
"../../../Engine/Shaders/Private/TransmissionCommon.ush" 1637
"../../../Engine/Shaders/Private/SubsurfaceProfileCommon.ush" 1638
"../../../Engine/Shaders/Private/BurleyNormalizedSSSCommon.ush" 1639
"../../../Engine/Shaders/Private/HairBsdf.ush" 1640
"../../../Engine/Shaders/Private/CapsuleLightSampling.ush" 1641
"../../../Engine/Shaders/Private/RectLightIntegrate.ush" 1642
"../../../Engine/Shaders/Private/LightGridCommon.ush" 1643
"../../../Engine/Shaders/Private/HeightFogCommon.ush" 1644
"../../../Engine/Shaders/Private/DistanceFieldAOShared.ush" 1645
"../../../Engine/Shaders/Private/VolumeLightingCommon.ush" 1646
"../../../Engine/Shaders/Private/ShadowFilteringCommon.ush" 1647
"../../../Engine/Shaders/Private/PixelQuadMessagePassing.ush" 1648
"../../../Engine/Shaders/Private/VolumeLightingCommonSampling.ush" 1649
"../../../Engine/Shaders/Private/VolumetricLightmapShared.ush" 1650
"../../../Engine/Shaders/Private/ForwardShadowingCommon.ush" 1651
"../../../Engine/Shaders/Private/ParticipatingMediaCommon.ush" 1652
"../../../Engine/Shaders/Private/VolumetricCloudCommon.ush" 1653
"../../../Engine/Shaders/Private/VolumetricCloud.usf" 1654
"../../../Engine/Shaders/Private/ReflectionEnvironmentShared.ush" 1655
"../../../Engine/Shaders/Private/ShaderDrawDebug.ush" 1656
"../../../Engine/Shaders/Private/VisualizeVolumetricLightmap.usf" 1657
"../../../Engine/Shaders/Private/ViewMode/LODColorationPixelShader.usf" 1658
"../../../Engine/Shaders/Private/DebugViewModeCommon.ush" 1659
"../../../Engine/Shaders/Private/VelocityShader.usf" 1660
"../../../Engine/Shaders/Private/VelocityCommon.ush" 1661
"../../../Engine/Shaders/Private/Tessellation.ush" 1662
"../../../Engine/Shaders/Private/FlatTessellation.ush" 1663
"../../../Engine/Shaders/Private/PNTriangles.ush" 1664
"../../../Engine/Shaders/Private/VariableRateShading.usf" 1665
"../../../Engine/Shaders/Private/TranslucencyUpsampling.usf" 1666
"../../../Engine/Shaders/Private/SeparateTranslucency.ush" 1667
"../../../Engine/Shaders/Private/TranslucentLightInjectionShaders.usf" 1668
"../../../Engine/Shaders/Private/TranslucentShadowDepthShaders.usf" 1669
"../../../Engine/Shaders/Private/ShadowDepthCommon.ush" 1670
"../../../Engine/Shaders/Private/TiledDeferredLightShaders.usf" 1671
"../../../Engine/Shaders/Private/RayTracing/RayTracingTest.usf" 1672
"../../../Engine/Shaders/Private/SkyAtmosphere.usf" 1673
"../../../Engine/Shaders/Private/MiniFontCommon.ush" 1674
"../../../Engine/Shaders/Private/SingleLayerWaterComposite.usf" 1675
"../../../Engine/Shaders/Private/ReflectionEnvironmentComposite.ush" 1676
"../../../Engine/Shaders/Private/ShadowProjectionPixelShader.usf" 1677
"../../../Engine/Shaders/Private/ShadowPercentageCloserFiltering.ush" 1678
"../../../Engine/Shaders/Private/TransmissionThickness.ush" 1679
"../../../Engine/Shaders/Private/HairStrands/HairStrandsVisibilityCommon.ush" 1680
"../../../Engine/Shaders/Private/HairStrands/HairStrandsVisibilityCommonStruct.ush" 1681
"../../../Engine/Shaders/Private/ShadowProjectionVertexShader.usf" 1682
"../../../Engine/Shaders/Private/CopyShadowMaps.usf" 1683
"../../../Engine/Shaders/Private/ShadowDepthPixelShader.usf" 1684
"../../../Engine/Shaders/Private/LPVListEntry.ush" 1685
"../../../Engine/Shaders/Private/LPVWriteVplCommon.ush" 1686
"../../../Engine/Shaders/Private/LPVWriteCommon.ush" 1687
"../../../Engine/Shaders/Private/LPVCommon.ush" 1688
"../../../Engine/Shaders/Private/ShadowDepthVertexShader.usf" 1689
"../../../Engine/Shaders/Private/ShaderPrintDraw.usf" 1690
"../../../Engine/Shaders/Private/ShaderPrintCommon.ush" 1691
"../../../Engine/Shaders/Private/ShaderComplexityAccumulatePixelShader.usf" 1692
"../../../Engine/Shaders/Private/QuadOverdraw.ush" 1693
"../../../Engine/Shaders/Private/SSRT/SSRTDiffuseIndirect.usf" 1694
"../../../Engine/Shaders/Private/SSRT/SSRTRayCast.ush" 1695
"../../../Engine/Shaders/Private/SSRT/SSRTTileClassificationBuffer.ush" 1696
"../../../Engine/Shaders/Private/SSRT/SSRTReflections.usf" 1697
"../../../Engine/Shaders/Private/ScreenSpaceDenoise/SSDPublic.ush" 1698
"../../../Engine/Shaders/Private/SSRT/SSRTTileClassification.usf" 1699
"../../../Engine/Shaders/Private/SSRT/SSRTPrevFrameReduction.usf" 1700
"../../../Engine/Shaders/Private/ScreenSpaceDenoise/SSDComposeHarmonics.usf" 1701
"../../../Engine/Shaders/Private/ScreenSpaceDenoise/SSDDefinitions.ush" 1702
"../../../Engine/Shaders/Private/ScreenSpaceDenoise/SSDPublicHarmonics.ush" 1703
"../../../Engine/Shaders/Private/LightShaderParameters.ush" 1704
"../../../Engine/Shaders/Private/ScreenSpaceDenoise/SSDSignalFramework.ush" 1705
"../../../Engine/Shaders/Private/ScreenSpaceDenoise/SSDCommon.ush" 1706
"../../../Engine/Shaders/Private/SphericalGaussian.ush" 1707
"../../../Engine/Shaders/Public/WaveBroadcastIntrinsics.ush" 1708
"../../../Engine/Shaders/Private/ScreenSpaceDenoise/SSDMetadata.ush" 1709
"../../../Engine/Shaders/Private/ScreenSpaceDenoise/SSDSignalCore.ush" 1710
"../../../Engine/Shaders/Private/QuasiRandom.ush" 1711
"../../../Engine/Shaders/Private/BlueNoise.ush" 1712
"../../../Engine/Shaders/Private/Halton.ush" 1713
"../../../Engine/Shaders/Private/MortonCode.ush" 1714
"../../../Engine/Shaders/Private/ScreenSpaceDenoise/SSDSignalArray.ush" 1715
"../../../Engine/Shaders/Private/ScreenSpaceDenoise/SSDSignalBufferEncoding.ush" 1716
"../../../Engine/Shaders/Private/ScreenSpaceDenoise/SSDPublicBufferEncoding.ush" 1717
"../../../Engine/Shaders/Private/ScreenSpaceDenoise/SSDTemporalAccumulation.usf" 1718
"../../../Engine/Shaders/Private/ScreenSpaceDenoise/SSDSpatialKernel.ush" 1719
"../../../Engine/Shaders/Private/ScreenSpaceDenoise/SSDSignalAccumulatorArray.ush" 1720
"../../../Engine/Shaders/Private/ScreenSpaceDenoise/SSDSignalAccumulator.ush" 1721
"../../../Engine/Shaders/Private/ScreenSpaceDenoise/SSDSignalCompression.ush" 1722
"../../../Engine/Shaders/Private/TextureSampling.ush" 1723
"../../../Engine/Shaders/Private/ScreenSpaceDenoise/SSDSpatialAccumulation.usf" 1724
"../../../Engine/Shaders/Private/ScreenSpaceDenoise/SSDInjest.usf" 1725
"../../../Engine/Shaders/Private/ScreenSpaceDenoise/SSDCompressMetadata.usf" 1726
"../../../Engine/Shaders/Private/DownsampleDepthPixelShader.usf" 1727
"../../../Engine/Shaders/Private/ScreenPass.usf" 1728
"../../../Engine/Shaders/Private/HZB.usf" 1729
"../../../Engine/Shaders/Private/ReductionCommon.ush" 1730
"../../../Engine/Shaders/Private/HZBOcclusion.usf" 1731
"../../../Engine/Shaders/Private/OcclusionQueryPixelShader.usf" 1732
"../../../Engine/Shaders/Private/OcclusionQueryVertexShader.usf" 1733
"../../../Engine/Shaders/Private/HitProxyPixelShader.usf" 1734
"../../../Engine/Shaders/Private/HitProxyVertexShader.usf" 1735
"../../../Engine/Shaders/Private/ODSCapture.usf" 1736
"../../../Engine/Shaders/Private/SceneCapturePixelShader.usf" 1737
"../../../Engine/Shaders/Private/RequiredTextureResolutionPixelShader.usf" 1738
"../../../Engine/Shaders/Private/RTWriteMaskDecode.usf" 1739
"../../../Engine/Shaders/Private/ReflectionEnvironmentShaders.usf" 1740
"../../../Engine/Shaders/Private/SkyLightingShared.ush" 1741
"../../../Engine/Shaders/Private/RayTracing/VisualizeSkyLightMipTreePS.usf" 1742
"../../../Engine/Shaders/Private/RayTracing/MipTreeCommon.ush" 1743
"../../../Engine/Shaders/Private/RayTracing/CompositeSkyLightPS.usf" 1744
"../../../Engine/Shaders/Private/RayTracing/GenerateSkyLightVisibilityRaysCS.usf" 1745
"../../../Engine/Shaders/Private/RayTracing/RayTracingSkyLightCommon.ush" 1746
"../../../Engine/Shaders/Private/RayTracing/SkyLightVisibilityRaysData.ush" 1747
"../../../Engine/Shaders/Private/PathTracing/Utilities/PathTracingRandomSequence.ush" 1748
"../../../Engine/Shaders/Private/Raytracing/RaytracingSkylightRGS.usf" 1749
"../../../Engine/Shaders/Private/HairStrands/HairStrandsVoxelPageCommonStruct.ush" 1750
"../../../Engine/Shaders/Private/HairStrands/HairStrandsRaytracing.ush" 1751
"../../../Engine/Shaders/Private/HairStrands/HairStrandsVoxelPageCommon.ush" 1752
"../../../Engine/Shaders/Private/HairStrands/HairStrandsVoxelPageTraversal.ush" 1753
"../../../Engine/Shaders/Private/Raytracing/RayTracingSkyLightEvaluation.ush" 1754
"../../../Engine/Shaders/Private/Raytracing/RayTracingDeferredShadingCommon.ush" 1755
"../../../Engine/Shaders/Private/RayTracing/RayTracingOcclusionRGS.usf" 1756
"../../../Engine/Shaders/Private/RayTracing/RayTracingDirectionalLight.ush" 1757
"../../../Engine/Shaders/Private/RayTracing/RayTracingRectLight.ush" 1758
"../../../Engine/Shaders/Private/RayTracing/RayTracingSphereLight.ush" 1759
"../../../Engine/Shaders/Private/RayTracing/RayTracingSpotLight.ush" 1760
"../../../Engine/Shaders/Private/RayTracing/RayTracingDiskLight.ush" 1761
"../../../Engine/Shaders/Private/RayTracing/RayTracingPointLight.ush" 1762
"../../../Engine/Shaders/Private/RayTracing/SplitImaginaryReflectionGBufferCS.usf" 1763
"../../../Engine/Shaders/Private/RayTracing/RayTracingReflectionsCommon.ush" 1764
"../../../Engine/Shaders/Private/RayTracing/RayTracingReflections.usf" 1765
"../../../Engine/Shaders/Private/RayTracing/RayTracingLightingCommon.ush" 1766
"../../../Engine/Shaders/Private/RayTracing/RayTracingLightCullingCommon.ush" 1767
"../../../Engine/Shaders/Private/RayTracing/RayTracingReflectionEnvironment.ush" 1768
"../../../Engine/Shaders/Private/RayTracing/RayTracingPrimaryRays.usf" 1769
"../../../Engine/Shaders/Private/RayTracing/RayTracingMaterialDefaultHitShaders.usf" 1770
"../../../Engine/Shaders/Private/RayTracing/RayTracingMaterialHitShaders.usf" 1771
"../../../Engine/Shaders/Private/LightmapCommon.ush" 1772
"../../../Engine/Shaders/Private/PathTracing/Material/PathTracingFresnel.ush" 1773
"../../../Engine/Shaders/Private/PathTracing/Material/PathTracingThinGlass.ush" 1774
"../../../Engine/Shaders/Private/PathTracing/Material/PathTracingMaterialCommon.ush" 1775
"../../../Engine/Shaders/Private/PathTracing/PathTracingCommon.ush" 1776
"../../../Engine/Shaders/Private/PathTracing/PathTracingDefinitions.ush" 1777
"../../../Engine/Shaders/Private/PathTracing/Material/PathTracingGlossy.ush" 1778
"../../../Engine/Shaders/Private/RayTracing/RayTracingLightingMS.usf" 1779
"../../../Engine/Shaders/Private/RayTracing/GenerateCulledLightListCS.usf" 1780
"../../../Engine/Shaders/Private/RayTracing/RayTracingFinalGatherRGS.usf" 1781
"../../../Engine/Shaders/Private/RayTracing/RayTracingGatherPoints.ush" 1782
"../../../Engine/Shaders/Private/PathTracing/Light/PathTracingLightSampling.ush" 1783
"../../../Engine/Shaders/Private/PathTracing/Light/PathTracingLightCommon.ush" 1784
"../../../Engine/Shaders/Shared/RayTracingTypes.h" 1785
"../../../Engine/Shaders/Shared/PathTracingDefinitions.h" 1786
"../../../Engine/Shaders/Private/PathTracing/Light/PathTracingDirectionalLight.ush" 1787
"../../../Engine/Shaders/Private/PathTracing/Light/PathTracingPointLight.ush" 1788
"../../../Engine/Shaders/Private/PathTracing/Light/PathTracingCapsuleLight.ush" 1789
"../../../Engine/Shaders/Private/PathTracing/Light/PathTracingRectLight.ush" 1790
"../../../Engine/Shaders/Private/PathTracing/Light/PathTracingSkyLight.ush" 1791
"../../../Engine/Shaders/Private/PathTracing/Light/PathTracingSpotLight.ush" 1792
"../../../Engine/Shaders/Private/PathTracing/Material/PathTracingMaterialSampling.ush" 1793
"../../../Engine/Shaders/Private/PathTracing/Material/PathTracingLambert.ush" 1794
"../../../Engine/Shaders/Private/PathTracing/Material/PathTracingRadianceProbe.ush" 1795
"../../../Engine/Shaders/Private/PathTracing/Material/FirstBounceRayGuidingCommon.ush" 1796
"../../../Engine/Shaders/Private/PathTracing/Material/PathTracingSpecularReflection.ush" 1797
"../../../Engine/Shaders/Private/PathTracing/Material/PathTracingSpecularTransmission.ush" 1798
"../../../Engine/Shaders/Private/PathTracing/Material/PathTracingSolidGlass.ush" 1799
"../../../Engine/Shaders/Private/PathTracing/Material/PathTracingDefaultLit.ush" 1800
"../../../Engine/Shaders/Private/PathTracing/Material/PathTracingClearCoat.ush" 1801
"../../../Engine/Shaders/Private/PathTracing/Material/PathTracingTwoSidedFoliage.ush" 1802
"../../../Engine/Shaders/Private/PathTracing/Material/PathTracingCloth.ush" 1803
"../../../Engine/Shaders/Private/PathTracing/Material/PathTracingSubsurfaceProfile.ush" 1804
"../../../Engine/Shaders/Private/RayTracing/RayTracingCreateGatherPointsRGS.usf" 1805
"../../../Engine/Shaders/Private/RayTracing/RayTracingGlobalIlluminationRGS.usf" 1806
"../../../Engine/Shaders/Private/RayTracing/RayTracingDynamicMesh.usf" 1807
"../../../Engine/Shaders/Private/RayTracing/RayTracingDeferredReflections.usf" 1808
"../../../Engine/Shaders/Private/RayTracing/RayTracingDeferredMaterials.ush" 1809
"../../../Engine/Shaders/Shared/ThirdParty/AMD/ags_shader_intrinsics_dx12.h" 1810
"../../../Engine/Shaders/Private/RayTracing/RayTracingDeferredReflections.ush" 1811
"../../../Engine/Shaders/Private/RayTracing/RayTracingReflectionResolve.usf" 1812
"../../../Engine/Shaders/Private/RayTracing/RayTracingReflectionsGenerateRaysCS.usf" 1813
"../../../Engine/Shaders/Private/RayTracing/MaterialSort.usf" 1814
"../../../Engine/Shaders/Private/RayTracing/RayTracingDeferredMaterials.usf" 1815
"../../../Engine/Shaders/Private/RayTracing/RayTracingDebug.usf" 1816
"../../../Engine/Shaders/Shared/RayTracingDebugDefinitions.h" 1817
"../../../Engine/Shaders/Private/RayTracing/RayTracingBarycentrics.usf" 1818
"../../../Engine/Shaders/Private/RayTracing/RayTracingAmbientOcclusionRGS.usf" 1819
"../../../Engine/Shaders/Private/PrimitiveDistanceAccuracyPixelShader.usf" 1820
"../../../Engine/Shaders/Private/VisualizeShadingModels.usf" 1821
"../../../Engine/Shaders/Private/PostProcessCommon.ush" 1822
"../../../Engine/Shaders/Private/TemporalAA/TAAUpdateHistory.usf" 1823
"../../../Engine/Shaders/Private/TemporalAA/TAACommon.ush" 1824
"../../../Engine/Shaders/Private/TemporalAA/TAADilateRejection.usf" 1825
"../../../Engine/Shaders/Private/TemporalAA/TAACompareHistory.usf" 1826
"../../../Engine/Shaders/Private/TemporalAA/TAAFilterFrequencies.usf" 1827
"../../../Engine/Shaders/Private/TemporalAA/TAADecimateHistory.usf" 1828
"../../../Engine/Shaders/Private/TemporalAA/TAADilateVelocity.usf" 1829
"../../../Engine/Shaders/Private/TemporalAA/TAAClearPrevTextures.usf" 1830
"../../../Engine/Shaders/Private/TemporalAA/TAAStandalone.usf" 1831
"../../../Engine/Shaders/Private/FilterPixelShader.usf" 1832
"../../../Engine/Shaders/Private/ScreenPass.ush" 1833
"../../../Engine/Shaders/Private/FilterVertexShader.usf" 1834
"../../../Engine/Shaders/Private/PostProcessVisualizeHDR.usf" 1835
"../../../Engine/Shaders/Private/PostProcessHistogramCommon.ush" 1836
"../../../Engine/Shaders/Private/ShaderComplexityApplyPixelShader.usf" 1837
"../../../Engine/Shaders/Private/PostProcessVisualizeBuffer.usf" 1838
"../../../Engine/Shaders/Private/PostProcessUpscale.usf" 1839
"../../../Engine/Shaders/Private/PostProcessTonemap.usf" 1840
"../../../Engine/Shaders/Private/PostProcessTestImage.usf" 1841
"../../../Engine/Shaders/Private/PostProcessSubsurface.usf" 1842
"../../../Engine/Shaders/Private/SeparableSSS.ush" 1843
"../../../Engine/Shaders/Private/SubsurfaceBurleyNormalized.ush" 1844
"../../../Engine/Shaders/Private/PostProcessSelectionOutline.usf" 1845
"../../../Engine/Shaders/Private/PostProcessPixelProjectedReflectionMobile.usf" 1846
"../../../Engine/Shaders/Private/PostProcessNoiseBlur.usf" 1847
"../../../Engine/Shaders/Private/PostProcessMotionBlur.usf" 1848
"../../../Engine/Shaders/Private/PostProcessVelocityFlatten.usf" 1849
"../../../Engine/Shaders/Private/PostProcessMobile.usf" 1850
"../../../Engine/Shaders/Private/PostProcessMitchellNetravali.usf" 1851
"../../../Engine/Shaders/Private/PostProcessMaterialShaders.usf" 1852
"../../../Engine/Shaders/Private/PostProcessLensFlares.usf" 1853
"../../../Engine/Shaders/Private/ComposeSeparateTranslucency.usf" 1854
"../../../Engine/Shaders/Private/PostProcessHMD.usf" 1855
"../../../Engine/Shaders/Private/PostProcessHistogramReduce.usf" 1856
"../../../Engine/Shaders/Private/PostProcessHistogram.usf" 1857
"../../../Engine/Shaders/Private/PostProcessGBufferHints.usf" 1858
"../../../Engine/Shaders/Private/PostProcessFFTBloom.usf" 1859
"../../../Engine/Shaders/Private/PostProcessEyeAdaptation.usf" 1860
"../../../Engine/Shaders/Private/PostProcessDownsample.usf" 1861
"../../../Engine/Shaders/Private/PostProcessDOF.usf" 1862
"../../../Engine/Shaders/Private/PostProcessDeviceEncodingOnly.usf" 1863
"../../../Engine/Shaders/Private/PostProcessCompositeEditorPrimitives.usf" 1864
"../../../Engine/Shaders/Private/PostProcessCombineLUTs.usf" 1865
"../../../Engine/Shaders/Private/PostProcessVisualizeDOF.usf" 1866
"../../../Engine/Shaders/Private/PostProcessBloom.usf" 1867
"../../../Engine/Shaders/Private/PostProcessAmbientOcclusionMobile.usf" 1868
"../../../Engine/Shaders/Private/PostProcessAmbientOcclusionCommon.ush" 1869
"../../../Engine/Shaders/Private/FXAAShader.usf" 1870
"../../../Engine/Shaders/Private/Fxaa3_11.ush" 1871
"../../../Engine/Shaders/Private/DiaphragmDOF/DOFRecombine.usf" 1872
"../../../Engine/Shaders/Private/DiaphragmDOF/DOFCommon.ush" 1873
"../../../Engine/Shaders/Private/DiaphragmDOF/DOFHybridScatterPixelShader.usf" 1874
"../../../Engine/Shaders/Private/DiaphragmDOF/DOFHybridScatterCommon.ush" 1875
"../../../Engine/Shaders/Private/DiaphragmDOF/DOFHybridScatterVertexShader.usf" 1876
"../../../Engine/Shaders/Private/DiaphragmDOF/DOFPostfiltering.usf" 1877
"../../../Engine/Shaders/Private/DiaphragmDOF/DOFGatherTileSuggest.ush" 1878
"../../../Engine/Shaders/Private/DiaphragmDOF/DOFCocTileCommon.ush" 1879
"../../../Engine/Shaders/Private/DiaphragmDOF/DOFGatherPass.usf" 1880
"../../../Engine/Shaders/Private/DiaphragmDOF/DOFGatherCommon.ush" 1881
"../../../Engine/Shaders/Private/DiaphragmDOF/DOFGatherAccumulator.ush" 1882
"../../../Engine/Shaders/Private/DiaphragmDOF/DOFGatherKernel.ush" 1883
"../../../Engine/Shaders/Private/DiaphragmDOF/DOFBokehLUT.usf" 1884
"../../../Engine/Shaders/Private/DiaphragmDOF/DOFHybridScatterCompilation.usf" 1885
"../../../Engine/Shaders/Private/DiaphragmDOF/DOFReduce.usf" 1886
"../../../Engine/Shaders/Private/DiaphragmDOF/DOFDownsample.ush" 1887
"../../../Engine/Shaders/Private/DiaphragmDOF/DOFHybridScatterCompilation.ush" 1888
"../../../Engine/Shaders/Private/DiaphragmDOF/DOFDownsample.usf" 1889
"../../../Engine/Shaders/Private/DiaphragmDOF/DOFCocTileDilate.usf" 1890
"../../../Engine/Shaders/Private/DiaphragmDOF/DOFCocTileFlatten.usf" 1891
"../../../Engine/Shaders/Private/DiaphragmDOF/DOFSetup.usf" 1892
"../../../Engine/Shaders/Private/PlanarReflectionShaders.usf" 1893
"../../../Engine/Shaders/Private/PlanarReflectionShared.ush" 1894
"../../../Engine/Shaders/Private/PathTracing/PathTracingCompositingPixelShader.usf" 1895
"../../../Engine/Shaders/Private/PathTracing/PathTracingIESAtlas.usf" 1896
"../../../Engine/Shaders/Private/PathTracing/PathTracing.usf" 1897
"../../../Engine/Shaders/Private/PathTracing/Light/PathTracingLightGrid.ush" 1898
"../../../Engine/Shaders/Private/PathTracing/PathTracingCamera.ush" 1899
"../../../Engine/Shaders/Private/PathTracing/Sensor/PathTracingPinholeCamera.ush" 1900
"../../../Engine/Shaders/Private/PathTracing/PathTracingBuildLightGrid.usf" 1901
"../../../Engine/Shaders/Private/PathTracing/PathTracingSkylightMISCompensation.usf" 1902
"../../../Engine/Shaders/Private/PathTracing/PathTracingSkylightPrepare.usf" 1903
"../../../Engine/Shaders/Private/MobileSceneCapture.usf" 1904
"../../../Engine/Shaders/Private/DistortApplyScreenPS.usf" 1905
"../../../Engine/Shaders/Private/MobileDeferredShading.usf" 1906
"../../../Engine/Shaders/Private/MobileShadingModels.ush" 1907
"../../../Engine/Shaders/Private/MobileGGX.ush" 1908
"../../../Engine/Shaders/Private/MobileBasePassPixelShader.usf" 1909
"../../../Engine/Shaders/Private/MobileBasePassCommon.ush" 1910
"../../../Engine/Shaders/Private/SingleLayerWaterShading.ush" 1911
"../../../Engine/Shaders/Private/DistortionCommon.ush" 1912
"../../../Engine/Shaders/Private/MobileBasePassVertexShader.usf" 1913
"../../../Engine/Shaders/Private/MeshTexCoordSizeAccuracyPixelShader.usf" 1914
"../../../Engine/Shaders/Private/MaterialTexCoordScalesPixelShader.usf" 1915
"../../../Engine/Shaders/Private/LightShaftShader.usf" 1916
"../../../Engine/Shaders/Private/StationaryLightOverlapShaders.usf" 1917
"../../../Engine/Shaders/Private/DeferredLightPixelShaders.usf" 1918
"../../../Engine/Shaders/Private/HairStrands/HairStrandsCommon.ush" 1919
"../../../Engine/Shaders/Private/HairStrands/HairStrandsDeepTransmittanceCommon.ush" 1920
"../../../Engine/Shaders/Private/HairStrands/HairStrandsDeepTransmittanceDualScattering.ush" 1921
"../../../Engine/Shaders/Private/DeferredLightVertexShaders.usf" 1922
"../../../Engine/Shaders/Private/LPVVisualise.usf" 1923
"../../../Engine/Shaders/Private/LPVGeometryVolumeCommon.ush" 1924
"../../../Engine/Shaders/Private/LPVDirectLightInject.usf" 1925
"../../../Engine/Shaders/Private/LPVPropagate.usf" 1926
"../../../Engine/Shaders/Private/LPVPacking.ush" 1927
"../../../Engine/Shaders/Private/LPVBuildGeometryVolume.usf" 1928
"../../../Engine/Shaders/Private/LPVDirectionalOcclusion.usf" 1929
"../../../Engine/Shaders/Private/LPVInject_AccumulateVplLists.usf" 1930
"../../../Engine/Shaders/Private/LPVInject_GenerateVplLists.usf" 1931
"../../../Engine/Shaders/Private/LPVClearLists.usf" 1932
"../../../Engine/Shaders/Private/LPVClear.usf" 1933
"../../../Engine/Shaders/Private/LightMapDensityShader.usf" 1934
"../../../Engine/Shaders/Private/LightGridInjection.usf" 1935
"../../../Engine/Shaders/Private/LightFunctionPixelShader.usf" 1936
"../../../Engine/Shaders/Private/LightFunctionVertexShader.usf" 1937
"../../../Engine/Shaders/Private/ReflectionEnvironmentPixelShader.usf" 1938
"../../../Engine/Shaders/Private/AmbientCubemapComposite.usf" 1939
"../../../Engine/Shaders/Private/DiffuseIndirectComposite.usf" 1940
"../../../Engine/Shaders/Private/HeightfieldLighting.usf" 1941
"../../../Engine/Shaders/Private/DistanceFieldLightingShared.ush" 1942
"../../../Engine/Shaders/Private/DistanceFieldShadowingShared.ush" 1943
"../../../Engine/Shaders/Private/HeightfieldLightingShared.ush" 1944
"../../../Engine/Shaders/Private/HdrCustomResolveShaders.usf" 1945
"../../../Engine/Shaders/Private/HairStrands/HairStrandsVoxelMip.usf" 1946
"../../../Engine/Shaders/Private/HairStrands/HairStrandsVoxelRasterCompute.usf" 1947
"../../../Engine/Shaders/Private/HairStrands/HairStrandsVoxelPageAllocation.usf" 1948
"../../../Engine/Shaders/Private/Matrices.ush" 1949
"../../../Engine/Shaders/Private/HairStrands/HairStrandsAABBCommon.ush" 1950
"../../../Engine/Shaders/Private/HairStrands/HairStrandsVoxelOpaque.usf" 1951
"../../../Engine/Shaders/Private/HairStrands/HairStrandsVisibilityRasterCompute.usf" 1952
"../../../Engine/Shaders/Shared/ThirdParty/NVIDIA/nvHLSLExtns.h" 1953
"../../../Engine/Shaders/Shared/ThirdParty/NVIDIA/nvHLSLExtnsInternal.h" 1954
"../../../Engine/Shaders/Shared/ThirdParty/NVIDIA/nvShaderExtnEnums.h" 1955
"../../../Engine/Shaders/Shared/ThirdParty/AMD/ags_shader_intrinsics_dx11.h" 1956
"../../../Engine/Shaders/Private/HairStrands/HairStrandsCoverage.usf" 1957
"../../../Engine/Shaders/Private/HairStrands/HairStrandsVisibilityDepthPS.usf" 1958
"../../../Engine/Shaders/Private/HairStrands/HairStrandsVisibilityTransmittanceDepthPS.usf" 1959
"../../../Engine/Shaders/Private/HairStrands/HairStrandsVisibilityFillOpaqueDepthPS.usf" 1960
"../../../Engine/Shaders/Private/HairStrands/HairStrandsVisibilityTile.usf" 1961
"../../../Engine/Shaders/Private/HairStrands/HairStrandsVisibilityCompactionComputeRaster.usf" 1962
"../../../Engine/Shaders/Private/HairStrands/HairStrandsVisibilityCompaction.usf" 1963
"../../../Engine/Shaders/Private/HairStrands/HairStrandsVisibilityCopyIndirectArg.usf" 1964
"../../../Engine/Shaders/Private/HairStrands/HairStrandsVisibilityClearPS.usf" 1965
"../../../Engine/Shaders/Private/HairStrands/HairStrandsVisibilityPS.usf" 1966
"../../../Engine/Shaders/Private/HairStrands/HairStrandsVisibilityVS.usf" 1967
"../../../Engine/Shaders/Private/HairStrands/HairStrandsLightChannelMask.usf" 1968
"../../../Engine/Shaders/Private/HairStrands/HairStrandsVelocity.usf" 1969
"../../../Engine/Shaders/Private/HairStrands/HairStrandsVisibilityComputeSampleCoverage.usf" 1970
"../../../Engine/Shaders/Private/HairStrands/HairStrandsMaterialPS.usf" 1971
"../../../Engine/Shaders/Private/HairStrands/HairStrandsMaterialCommon.ush" 1972
"../../../Engine/Shaders/Private/HairStrands/HairStrandsMaterialVS.usf" 1973
"../../../Engine/Shaders/Private/HairStrands/HairStrandsMaterialGBufferPS.usf" 1974
"../../../Engine/Shaders/Private/HairStrands/HairStrandsGBufferCommon.ush" 1975
"../../../Engine/Shaders/Private/HairStrands/HairStrandsMaterialGBufferVS.usf" 1976
"../../../Engine/Shaders/Private/HairStrands/HairStrandsLightSample.usf" 1977
"../../../Engine/Shaders/Private/HairStrands/HairStrandsDeepShadowMask.usf" 1978
"../../../Engine/Shaders/Private/HairStrands/HairStrandsDeepShadowCommonStruct.ush" 1979
"../../../Engine/Shaders/Private/HairStrands/HairStrandsDebugCommon.ush" 1980
"../../../Engine/Shaders/Private/HairStrands/HairStrandsDeepShadowCommon.ush" 1981
"../../../Engine/Shaders/Private/HairStrands/HairStrandsDeepTransmittanceMask.usf" 1982
"../../../Engine/Shaders/Private/HairStrands/HairScatter.usf" 1983
"../../../Engine/Shaders/Private/HairStrands/HairScatterCompose.usf" 1984
"../../../Engine/Shaders/Private/HairStrands/HairStrandsDeepShadowPS.usf" 1985
"../../../Engine/Shaders/Private/HairStrands/HairStrandsDeepShadowVS.usf" 1986
"../../../Engine/Shaders/Private/HairStrands/HairStrandsLUT.usf" 1987
"../../../Engine/Shaders/Private/HairStrands/HairStrandsEnvironmentLighting.usf" 1988
"../../../Engine/Shaders/Private/HairStrands/HairStrandsEnvironmentLightingCommon.ush" 1989
"../../../Engine/Shaders/Private/HairStrands/HairStrandsDebugCommonStruct.ush" 1990
"../../../Engine/Shaders/Private/HairStrands/HairStrandsEnvironmentAO.usf" 1991
"../../../Engine/Shaders/Private/HairStrands/HairStrandsDeepShadowAllocation.usf" 1992
"../../../Engine/Shaders/Private/HairStrands/HairStrandsVoxelDepthInjection.usf" 1993
"../../../Engine/Shaders/Private/HairStrands/HairStrandsClusterCulling.usf" 1994
"../../../Engine/Shaders/Private/HairStrands/HairStrandsClusterCommon.ush" 1995
"../../../Engine/Shaders/Private/HairStrands/HairStrandsVisibilityPPLLDebug.usf" 1996
"../../../Engine/Shaders/Private/HairStrands/HairStrandsBsdfPlot.usf" 1997
"../../../Engine/Shaders/Private/HairStrands/HairStrandsVoxelPageRayMarching.usf" 1998
"../../../Engine/Shaders/Private/HairStrands/HairStrandsDeepShadowDebug.usf" 1999
"../../../Engine/Shaders/Private/HairStrands/HairStrandsDebug.usf" 2000
"../../../Engine/Shaders/Private/HairStrands/HairStrandsDebugPrint.usf" 2001
"../../../Engine/Shaders/Private/HairStrands/HairStrandsGBufferWrite.usf" 2002
"../../../Engine/Shaders/Private/HairStrands/HairStrandsVisibilityComposeSubPixelPS.usf" 2003
"../../../Engine/Shaders/Private/HairStrands/HairStrandsAABB.usf" 2004
"../../../Engine/Shaders/Private/GPUFastFourierTransform.usf" 2005
"../../../Engine/Shaders/Private/GPUFastFourierTransform2DCore.ush" 2006
"../../../Engine/Shaders/Private/GPUFastFourierTransformCore.ush" 2007
"../../../Engine/Shaders/Private/ShaderDrawDebug.usf" 2008
"../../../Engine/Shaders/Private/GPUBenchmark.usf" 2009
"../../../Engine/Shaders/Private/GlobalDistanceField.usf" 2010
"../../../Engine/Shaders/Private/GammaCorrection.usf" 2011
"../../../Engine/Shaders/Private/HeightFogPixelShader.usf" 2012
"../../../Engine/Shaders/Private/HeightFogVertexShader.usf" 2013
"../../../Engine/Shaders/Private/DistortAccumulatePS.usf" 2014
"../../../Engine/Shaders/Private/DistortAccumulateVS.usf" 2015
"../../../Engine/Shaders/Private/DistanceFieldVisualization.usf" 2016
"../../../Engine/Shaders/Private/DistanceFieldShadowing.usf" 2017
"../../../Engine/Shaders/Private/DistanceFieldScreenGridLighting.usf" 2018
"../../../Engine/Shaders/Private/DistanceFieldObjectCulling.usf" 2019
"../../../Engine/Shaders/Private/DistanceFieldLightingPost.usf" 2020
"../../../Engine/Shaders/Private/DitheredTransitionStencil.usf" 2021
"../../../Engine/Shaders/Private/DepthOnlyPixelShader.usf" 2022
"../../../Engine/Shaders/Private/DepthOnlyVertexShader.usf" 2023
"../../../Engine/Shaders/Private/PositionOnlyDepthVertexShader.usf" 2024
"../../../Engine/Shaders/Private/DeferredDecal.usf" 2025
"../../../Engine/Shaders/Private/DecalCommon.ush" 2026
"../../../Engine/Shaders/Private/DBufferDecalShared.ush" 2027
"../../../Engine/Shaders/Private/DebugViewModeVertexShader.usf" 2028
"../../../Engine/Shaders/Private/PostProcessPassThrough.usf" 2029
"../../../Engine/Shaders/Private/MeshDecals.usf" 2030
"../../../Engine/Shaders/Private/PostProcessLpvIndirect.usf" 2031
"../../../Engine/Shaders/Private/LPVFinalPass.ush" 2032
"../../../Engine/Shaders/Private/PostProcessAmbientOcclusion.usf" 2033
"../../../Engine/Shaders/Private/ClusteredDeferredShadingPixelShader.usf" 2034
"../../../Engine/Shaders/Private/CapsuleShadowShaders.usf" 2035
"../../../Engine/Shaders/Private/BasePassPixelShader.usf" 2036
"../../../Engine/Shaders/Private/BasePassCommon.ush" 2037
"../../../Engine/Shaders/Private/ShadingModelsMaterial.ush" 2038
"../../../Engine/Shaders/Private/ThinTranslucentCommon.ush" 2039
"../../../Engine/Shaders/Private/ForwardLightingCommon.ush" 2040
"../../../Engine/Shaders/Private/BasePassTessellationShaders.usf" 2041
"../../../Engine/Shaders/Private/BasePassVertexCommon.ush" 2042
"../../../Engine/Shaders/Private/BasePassVertexShader.usf" 2043
"../../../Engine/Shaders/Private/AtmospherePrecomputeInscatter.usf" 2044
"../../../Engine/Shaders/Private/AtmospherePrecomputeCommon.ush" 2045
"../../../Engine/Shaders/Private/AtmospherePrecompute.usf" 2046
"../../../Engine/Shaders/Private/AtmosphericFogShader.usf" 2047
"../../../Engine/Shaders/Private/AnisotropyPassShader.usf" 2048
"../../../Engine/Shaders/Private/SimpleElementVolumeTexturePreviewPixelShader.usf" 2049
"../../../Engine/Shaders/Private/SimpleElementTexture2DPreviewPixelShader.usf" 2050
"../../../Engine/Shaders/Private/SimpleElementNormalMapPixelShader.usf" 2051
"../../../Engine/Shaders/Private/meshpaintdilatepixelshader.usf" 2052
"../../../Engine/Shaders/Private/meshpaintdilatevertexshader.usf" 2053
"../../../Engine/Shaders/Private/MeshPaintPixelShader.usf" 2054
"../../../Engine/Shaders/Private/MeshPaintVertexShader.usf" 2055
"../../../Engine/Shaders/Private/Tools/VisualizeTexture.usf" 2056
"../../../Engine/Shaders/Private/ByteBuffer.usf" 2057
"../../../Engine/Shaders/Private/ResolveVertexShader.usf" 2058
"../../../Engine/Shaders/Private/ResolvePixelShader.usf" 2059
"../../../Engine/Shaders/Private/Tools/ClearUAV.usf" 2060
"../../../Engine/Shaders/Private/ClearReplacementShaders.usf" 2061
"../../../Engine/Shaders/Private/Raytracing/RayTracingInstanceCopy.usf" 2062
"../../../Engine/Shaders/Private/RenderGraphUtilities.usf" 2063
"../../../Engine/Shaders/Private/OneColorShader.usf" 2064
"../../../Engine/Shaders/Private/OculusShaders.usf" 2065
"../../../Engine/Shaders/Private/MediaShaders.usf" 2066
"../../../Engine/Shaders/Private/NullPixelShader.usf" 2067
"../../../Engine/Shaders/Private/ComputeGenerateMips.usf" 2068
"../../../Engine/Shaders/Private/CopyTextureShaders.usf" 2069
"../../../Engine/Shaders/Private/Tools/FullscreenVertexShader.usf" 2070
"../../../Engine/Shaders/Private/RayTracing/RayTracingBuiltInShaders.usf" 2071
"C:/Users/Murad/AppData/Local/UnrealEngine/4.27/DerivedDataCache/Boot.ddc" 2072
"../../../Engine/DerivedDataCache/Compressed.ddp" 2073
"C:/Users/Murad/AppData/Local/UnrealEngine/Common/DerivedDataCache/TestData/0/TestData_4kb.dat" 2074
"C:/Users/Murad/AppData/Local/UnrealEngine/Common/DerivedDataCache/TestData/1/TestData_4kb.dat" 2075
"C:/Users/Murad/AppData/Local/UnrealEngine/Common/DerivedDataCache/TestData/0/TestData_8kb.dat" 2076
"C:/Users/Murad/AppData/Local/UnrealEngine/Common/DerivedDataCache/TestData/1/TestData_8kb.dat" 2077
"C:/Users/Murad/AppData/Local/UnrealEngine/Common/DerivedDataCache/TestData/0/TestData_16kb.dat" 2078
"C:/Users/Murad/AppData/Local/UnrealEngine/Common/DerivedDataCache/TestData/1/TestData_16kb.dat" 2079
"C:/Users/Murad/AppData/Local/UnrealEngine/Common/DerivedDataCache/TestData/0/TestData_64kb.dat" 2080
"C:/Users/Murad/AppData/Local/UnrealEngine/Common/DerivedDataCache/TestData/1/TestData_64kb.dat" 2081
"C:/Users/Murad/AppData/Local/UnrealEngine/Common/DerivedDataCache/TestData/0/TestData_128kb.dat" 2082
"C:/Users/Murad/AppData/Local/UnrealEngine/Common/DerivedDataCache/TestData/1/TestData_128kb.dat" 2083
"C:/Users/Murad/AppData/Local/UnrealEngine/Common/DerivedDataCache/TestData/0/TestData_256kb.dat" 2084
"C:/Users/Murad/AppData/Local/UnrealEngine/Common/DerivedDataCache/TestData/1/TestData_256kb.dat" 2085
"../../../Engine/Content/EditorResources/S_Actor.uasset" 2086
"../../../Engine/Content/EngineResources/WhiteSquareTexture.uasset" 2087
"../../../Engine/Content/EngineResources/GradientTexture0.uasset" 2088
"../../../Engine/Content/EngineResources/Black.uasset" 2089
"../../../Engine/Content/EngineMeshes/Sphere.uasset" 2090
"../../../Engine/Content/EditorMaterials/MatineeGroups/MAT_Groups_Float.uasset" 2091
"../../../Engine/Content/EditorMaterials/MatineeGroups/MAT_Groups_Anim.uasset" 2092
"../../../Engine/Content/EditorMaterials/MatineeGroups/MAT_Groups_AudioMaster.uasset" 2093
"../../../Engine/Content/EditorMaterials/MatineeGroups/MAT_ColorTrack.uasset" 2094
"../../../Engine/Content/EditorMaterials/MatineeGroups/MAT_Groups_Fade.uasset" 2095
"../../../Engine/Content/EditorMaterials/MatineeGroups/MAT_Groups_Director.uasset" 2096
"../../../Engine/Content/EditorMaterials/MatineeGroups/MAT_Groups_Event.uasset" 2097
"../../../Engine/Content/EditorMaterials/MatineeGroups/MAT_Groups_Move.uasset" 2098
"../../../Engine/Content/EditorMaterials/MatineeGroups/MAT_Groups_Slomo.uasset" 2099
"../../../Engine/Content/EditorMaterials/MatineeGroups/MAT_Groups_Sound.uasset" 2100
"../../../Engine/Content/EditorMaterials/MAT_Groups_Toggle.uasset" 2101
"../../../Engine/Content/EditorMaterials/MatineeGroups/MAT_Groups_Vector.uasset" 2102
"../../../Engine/Content/EditorMaterials/MAT_Groups_Visibility.uasset" 2103
"../../../Engine/Content/EngineResources/DefaultTexture.uasset" 2104
"../../../Engine/Content/EngineResources/DefaultTextureCube.uasset" 2105
"../../../Engine/Content/EngineResources/DefaultVolumeTexture.uasset" 2106
"../../../Engine/Content/EngineResources/DefaultVolumeTexture2D.uasset" 2107
"../../../Engine/Content/EngineFonts/RobotoDistanceField.uasset" 2108
"../../../Engine/Content/EngineMaterials/DefaultTextMaterialOpaque.uasset" 2109
"../../../Engine/Content/Functions/Engine_MaterialFunctions01/Shading/PowerToRoughness.uasset" 2110
"../../../Engine/Content/Functions/Engine_MaterialFunctions01/Shading/ConvertFromDiffSpec.uasset" 2111
"../../../Engine/Content/EngineMaterials/WorldGridMaterial.uasset" 2112
"../../../Engine/Content/Functions/Engine_MaterialFunctions01/Opacity/CameraDepthFade.uasset" 2113
"../../../Engine/Content/EngineMaterials/T_Default_Material_Grid_M.uasset" 2114
"../../../Engine/Content/EngineMaterials/T_Default_Material_Grid_N.uasset" 2115
"../../../Engine/Content/EngineMaterials/DefaultDeferredDecalMaterial.uasset" 2116
"../../../Engine/Content/EngineMaterials/DefaultDiffuse.uasset" 2117
"../../../Engine/Content/EngineMaterials/DefaultLightFunctionMaterial.uasset" 2118
"../../../Engine/Content/EngineMaterials/DefaultPostProcessMaterial.uasset" 2119
"../../../Engine/Content/Functions/Engine_MaterialFunctions02/Utility/BreakOutFloat2Components.uasset" 2120
"../../../Engine/Content/EditorResources/S_Trigger.uasset" 2121
"../../../Engine/Content/EngineSky/VolumetricClouds/m_SimpleVolumetricCloud_Inst.uasset" 2122
"../../../Engine/Content/EngineSky/VolumetricClouds/m_SimpleVolumetricCloud.uasset" 2123
"../../../Engine/Content/Functions/Engine_MaterialFunctions02/Utility/MakeFloat2.uasset" 2124
"../../../Engine/Content/EngineSky/VolumetricClouds/CloudGradientTexture.uasset" 2125
"../../../Engine/Content/EngineSky/VolumetricClouds/CloudWeatherTexture.uasset" 2126
"../../../Engine/Content/EngineSky/VolumetricClouds/T_VolumeNoiseErosion32.uasset" 2127
"../../../Engine/Content/EngineSky/VolumetricClouds/T_NoiseErosion.uasset" 2128
"../../../Engine/Content/EngineSky/VolumetricClouds/T_VolumeNoiseShape64.uasset" 2129
"../../../Engine/Content/EngineSky/VolumetricClouds/T_NoiseShape64.uasset" 2130
"../../../Engine/Content/EngineMaterials/BaseFlattenMaterial.uasset" 2131
"../../../Engine/Content/EngineMaterials/BaseFlattenDiffuseMap.uasset" 2132
"../../../Engine/Content/EngineMaterials/BaseFlattenEmissiveMap.uasset" 2133
"../../../Engine/Content/EngineMaterials/BaseFlattenGrayscaleMap.uasset" 2134
"../../../Engine/Content/EngineMaterials/BaseFlattenNormalMap.uasset" 2135
"../../../Engine/Content/EngineDamageTypes/DmgTypeBP_Environmental.uasset" 2136
"../../../Engine/Content/VREditor/TransformGizmo/SM_Sequencer_Key.uasset" 2137
"../../../Engine/Content/VREditor/TransformGizmo/Main.uasset" 2138
"../../../Engine/Content/VREditor/TransformGizmo/Xray.uasset" 2139
"../../../Engine/Content/EngineMaterials/Widget3DPassThrough_Translucent.uasset" 2140
"../../../Engine/Content/EngineMaterials/Widget3DPassThrough.uasset" 2141
"../../../Engine/Config/TVOS/TVOSEngine.ini" 2142
"../../../Engine/Content/EngineMaterials/Widget3DPassThrough_Translucent_OneSided.uasset" 2143
"../../../Engine/Content/EngineMaterials/Widget3DPassThrough_Opaque.uasset" 2144
"../../../Engine/Content/EngineMaterials/Widget3DPassThrough_Opaque_OneSided.uasset" 2145
"../../../Engine/Content/EngineMaterials/Widget3DPassThrough_Masked.uasset" 2146
"../../../Engine/Content/EngineMaterials/Widget3DPassThrough_Masked_OneSided.uasset" 2147
"../../../Engine/Content/VREditor/TransformGizmo/PlaneTranslationHandle.uasset" 2148
"../../../Engine/Content/VREditor/TransformGizmo/TransformGizmoMaterial.uasset" 2149
"../../../Engine/Content/VREditor/LaserPointer/VR_LaserPower_01.uasset" 2150
"../../../Engine/Content/VREditor/TransformGizmo/TranslucentTransformGizmoMaterial.uasset" 2151
"../../../Engine/Content/VREditor/TransformGizmo/BoundingBoxCorner.uasset" 2152
"../../../Engine/Content/VREditor/TransformGizmo/BoundingBoxEdge.uasset" 2153
"../../../Engine/Content/EditorMeshes/Camera/SM_CraneRig_Base.uasset" 2154
"../../../Engine/Content/EditorMaterials/Camera/MI_CineMat_Rig.uasset" 2155
"../../../Engine/Content/EditorMaterials/Camera/CineMat.uasset" 2156
"../../../Engine/Content/EditorMeshes/Camera/SM_CraneRig_Arm.uasset" 2157
"../../../Engine/Content/EditorMeshes/Camera/SM_CraneRig_Mount.uasset" 2158
"../../../Engine/Content/EditorMeshes/Camera/SM_CraneRig_Body.uasset" 2159
"../../../Engine/Content/EditorMeshes/Camera/SM_RailRig_Track.uasset" 2160
"../../../Engine/Content/EditorMeshes/Camera/SM_RailRig_Mount.uasset" 2161
"../../../Engine/Content/ArtTools/RenderToTexture/Meshes/S_1_Unit_Plane.uasset" 2162
"../../../Engine/Content/EngineDebugMaterials/M_SimpleUnlitTranslucent.uasset" 2163
"../../../Engine/Content/EngineFonts/Roboto.uasset" 2164
"../../../Engine/Content/EngineFonts/Faces/DroidSansFallback.uasset" 2165
"../../../Engine/Content/EngineFonts/Faces/RobotoBold.uasset" 2166
"../../../Engine/Content/EngineFonts/Faces/RobotoBoldItalic.uasset" 2167
"../../../Engine/Content/EngineFonts/Faces/RobotoItalic.uasset" 2168
"../../../Engine/Content/EngineFonts/Faces/RobotoLight.uasset" 2169
"../../../Engine/Content/EngineFonts/Faces/RobotoRegular.uasset" 2170
"../../../Engine/Content/EditorMaterials/ParticleSystems/PSysThumbnail_NoImage.uasset" 2171
"../../../Engine/Content/EditorMaterials/ParticleSystems/PSysThumbnail_OOD.uasset" 2172
"../../../Engine/Content/Maps/Templates/Thumbnails/Default.uasset" 2173
"../../../Engine/Content/Maps/Templates/Thumbnails/TimeOfDay.uasset" 2174
"../../../Engine/Content/Maps/Templates/Thumbnails/VR-Basic.uasset" 2175
"../../../Engine/Content/EditorLandscapeResources/DataLayer.uasset" 2176
"../../Plugins/Runtime/Oculus/OculusVR/Content/Materials/PokeAHoleMaterial.uasset" 2177
"../../../Engine/Content/VREditor/TransformGizmo/SM_Sequencer_Node.uasset" 2178
"../../../Engine/Content/Internationalization/icudt64l/coll/ucadata.icu" 2179
"../../../Engine/Content/Internationalization/icudt64l/coll/ru.res" 2180
"../../../Engine/Content/Internationalization/icudt64l/coll/root.res" 2181
"../../../Engine/Content/Tutorial/Basics/LevelEditorAttract.uasset" 2182
"../../../Engine/Content/Tutorial/Basics/LevelEditorOverview.uasset" 2183
"../../../Engine/Content/Tutorial/Basics/TutorialAssets/icon_tab_Levels_40x.uasset" 2184
"../../../Engine/Content/Tutorial/BlueprintTutorials/BlueprintEditorTutorial.uasset" 2185
"../../../Engine/Content/Tutorial/BlueprintTutorials/TutorialAssets/Blueprint_64x.uasset" 2186
"../../../../../../Users/Murad/Documents/Unreal Projects/Peacekeeper_3D/Content/ThirdPersonBP/ThirdPersonOverview.uasset" 2187
"../../../Engine/Content/Tutorial/SubEditors/ParticleSystemEditorTutorial.uasset" 2188
"../../../Engine/Content/Tutorial/BlueprintTutorials/BlueprintMacroLibrariesEditorOverview.uasset" 2189
"../../../Engine/Content/Tutorial/BlueprintTutorials/TutorialAssets/BlueprintMacroLibrary_64x.uasset" 2190
"../../../Engine/Content/Tutorial/BlueprintTutorials/BlueprintInterfacesEditorOverview.uasset" 2191
"../../../Engine/Content/Tutorial/BlueprintTutorials/TutorialAssets/BlueprintInterface_64x.uasset" 2192
"../../../Engine/Content/Tutorial/BlueprintTutorials/LevelBlueprintEditorOverview.uasset" 2193
"../../../Engine/Content/Tutorial/SubEditors/MaterialEditorTutorial.uasset" 2194
"../../../Engine/Content/Tutorial/ContentIntroCurve.uasset" 2195
"../../Plugins/2D/Paper2D/Content/MaskedUnlitSpriteMaterial.uasset" 2196
"../../Plugins/2D/Paper2D/Content/DefaultSpriteMaterial.uasset" 2197
"../../Plugins/2D/Paper2D/Content/PlaceholderTextures/DummySpriteTexture.uasset" 2198
"../../Plugins/2D/Paper2D/Content/OpaqueUnlitSpriteMaterial.uasset" 2199
"../../Plugins/2D/Paper2D/Content/DefaultPaperTerrainMaterial.uasset" 2200
"../../Plugins/2D/Paper2D/Content/DummySprite.uasset" 2201
"../../Plugins/Lumin/MagicLeapPassableWorld/Content/MagicLeapARPinInfoActor.uasset" 2202
"../../../Engine/Content/ArtTools/RenderToTexture/Materials/Debug/M_Emissive_Color.uasset" 2203
"../../../Engine/Content/BasicShapes/Cylinder.uasset" 2204
"../../../Engine/Content/EngineMaterials/DefaultMaterial.uasset" 2205
"../../../Engine/Content/EngineDebugMaterials/VertexColorMaterial.uasset" 2206
"../../../Engine/Content/EngineDebugMaterials/WireframeMaterial.uasset" 2207
"../../../Engine/Content/EngineMeshes/Cylinder.uasset" 2208
"../../../Engine/Content/EditorResources/S_Solver.uasset" 2209
"../../../Engine/Content/EditorResources/S_Note.uasset" 2210
"../../../Engine/Content/EngineDebugMaterials/VolumeToRender.uasset" 2211
"../../../Engine/Content/EngineDebugMaterials/M_VolumeRenderSphereTracePP.uasset" 2212
"../../../Engine/Content/Functions/Engine_MaterialFunctions02/Utility/CameraDirectionVector.uasset" 2213
"C:/Users/Murad/AppData/Local/UnrealEngine/4.27/Saved/Config/Windows/SourceControlSettings.ini" 2214
"C:/Users/Murad/Documents/Unreal Projects/Peacekeeper_3D/Saved/Config/Windows/SourceControlSettings.ini" 2215
"../../Plugins/Runtime/OpenXR/Content/Devices/GoogleDaydream/GoogleDaydreamController.uasset" 2216
"../../Plugins/Runtime/OpenXR/Content/Devices/GoogleDaydream/MI_GoogleDaydream.uasset" 2217
"../../Plugins/Runtime/OpenXR/Content/Devices/M_XRController.uasset" 2218
"../../Plugins/Runtime/OpenXR/Content/Devices/GoogleDaydream/BaseTexture.uasset" 2219
"../../Plugins/Runtime/OpenXR/Content/Devices/GoogleDaydream/MRTexture.uasset" 2220
"../../Plugins/Runtime/OpenXR/Content/Devices/HTCVive/HTCViveController.uasset" 2221
"../../Plugins/Runtime/OpenXR/Content/Devices/HTCVive/MI_HTCVive.uasset" 2222
"../../Plugins/Runtime/OpenXR/Content/Devices/HTCVive/BaseTexture.uasset" 2223
"../../Plugins/Runtime/OpenXR/Content/Devices/MicrosoftMixedReality/Left/left_MicrosoftMixedRealityController.uasset" 2224
"../../Plugins/Runtime/OpenXR/Content/Devices/MicrosoftMixedReality/MI_MicrosoftMixedReality.uasset" 2225
"../../Plugins/Runtime/OpenXR/Content/Devices/MicrosoftMixedReality/BaseTexture.uasset" 2226
"../../Plugins/Runtime/OpenXR/Content/Devices/MicrosoftMixedReality/EmissiveTexture.uasset" 2227
"../../Plugins/Runtime/OpenXR/Content/Devices/MicrosoftMixedReality/MRTexture.uasset" 2228
"../../Plugins/Runtime/OpenXR/Content/Devices/MicrosoftMixedReality/NormalTexture.uasset" 2229
"../../Plugins/Runtime/OpenXR/Content/Devices/MicrosoftMixedReality/Right/right_MicrosoftMixedRealityController.uasset" 2230
"../../Plugins/Runtime/OpenXR/Content/Devices/OculusGo/OculusGoController.uasset" 2231
"../../Plugins/Runtime/OpenXR/Content/Devices/OculusGo/MI_OculusGo.uasset" 2232
"../../Plugins/Runtime/OpenXR/Content/Devices/OculusGo/BaseTexture.uasset" 2233
"../../Plugins/Runtime/OpenXR/Content/Devices/OculusTouch/Left/left_OculusTouchController.uasset" 2234
"../../Plugins/Runtime/OpenXR/Content/Devices/OculusTouch/MI_OculusTouch.uasset" 2235
"../../Plugins/Runtime/OpenXR/Content/Devices/OculusTouch/BaseTexture.uasset" 2236
"../../Plugins/Runtime/OpenXR/Content/Devices/OculusTouch/MRTexture.uasset" 2237
"../../Plugins/Runtime/OpenXR/Content/Devices/OculusTouch/Right/right_OculusTouchController.uasset" 2238
"../../Plugins/Runtime/OpenXR/Content/Devices/ValveIndex/Left/left_ValveIndexController.uasset" 2239
"../../Plugins/Runtime/OpenXR/Content/Devices/ValveIndex/Left/MI_left_ValveIndex.uasset" 2240
"../../Plugins/Runtime/OpenXR/Content/Devices/ValveIndex/BaseTexture.uasset" 2241
"../../Plugins/Runtime/OpenXR/Content/Devices/ValveIndex/MRTexture.uasset" 2242
"../../Plugins/Runtime/OpenXR/Content/Devices/ValveIndex/Right/right_ValveIndexController.uasset" 2243
"../../Plugins/Runtime/OpenXR/Content/Devices/ValveIndex/Right/MI_right_ValveIndex.uasset" 2244
"../../Plugins/Runtime/OpenXR/Content/Devices/OculusTouch_v2/Left/left_OculusTouch_v2Controller.uasset" 2245
"../../Plugins/Runtime/OpenXR/Content/Devices/OculusTouch_v2/MI_OculusTouch_v2.uasset" 2246
"../../Plugins/Runtime/OpenXR/Content/Devices/OculusTouch_v2/BaseTexture.uasset" 2247
"../../Plugins/Runtime/OpenXR/Content/Devices/OculusTouch_v2/MRTexture.uasset" 2248
"../../Plugins/Runtime/OpenXR/Content/Devices/OculusTouch_v2/Right/right_OculusTouch_v2Controller.uasset" 2249
"../../Plugins/Runtime/OpenXR/Content/Devices/OculusTouch_v3/Left/left_OculusTouch_v3Controller.uasset" 2250
"../../Plugins/Runtime/OpenXR/Content/Devices/OculusTouch_v3/MI_OculusTouch_v3.uasset" 2251
"../../Plugins/Runtime/OpenXR/Content/Devices/OculusTouch_v3/BaseTexture.uasset" 2252
"../../Plugins/Runtime/OpenXR/Content/Devices/OculusTouch_v3/MRTexture.uasset" 2253
"../../Plugins/Runtime/OpenXR/Content/Devices/OculusTouch_v3/Right/right_OculusTouch_v3Controller.uasset" 2254
"../../Plugins/Editor/SpeedTreeImporter/Content/SpeedTree9/SpeedTreeMaster.uasset" 2255
"../../../Engine/Content/Functions/Engine_MaterialFunctions02/ObjectLocalBounds.uasset" 2256
"../../../Engine/Content/Functions/Engine_MaterialFunctions02/SafeNormalize.uasset" 2257
"../../../Engine/Content/Functions/Engine_MaterialFunctions02/Utility/BreakOutFloat3Components.uasset" 2258
"../../../Engine/Content/Functions/Engine_MaterialFunctions02/Utility/VectorLength.uasset" 2259
"../../../Engine/Content/Functions/Engine_MaterialFunctions02/UVs/BoundingBoxBased_0-1_UVW.uasset" 2260
"../../../Engine/Content/Functions/Engine_MaterialFunctions02/WorldPositionOffset/ObjectScale.uasset" 2261
"../../Plugins/Editor/SpeedTreeImporter/Content/SpeedTree9/SpeedTreeBranchMotion.uasset" 2262
"../../Plugins/Editor/SpeedTreeImporter/Content/SpeedTree9/SpeedTreeWindMotion.uasset" 2263
"../../Plugins/Editor/SpeedTreeImporter/Content/SpeedTree9/game_wind_noise.uasset" 2264
"../../Plugins/Editor/SpeedTreeImporter/Content/SpeedTree9/UnpackDirection.uasset" 2265
"../../Plugins/Editor/SpeedTreeImporter/Content/SpeedTree9/UnpackInteger3.uasset" 2266
"../../Plugins/Editor/SpeedTreeImporter/Content/SpeedTree9/SpeedTreeCameraFacing.uasset" 2267
"../../Plugins/Editor/SpeedTreeImporter/Content/SpeedTree9/SpeedTreeWind.uasset" 2268
"../../Plugins/Editor/SpeedTreeImporter/Content/SpeedTree9/Empty.uasset" 2269
"../../Plugins/Editor/SpeedTreeImporter/Content/SpeedTree9/EmptyNormal.uasset" 2270
"../../Plugins/Editor/SpeedTreeImporter/Content/SpeedTree9/SpeedTreeBillboardMaster.uasset" 2271
"../../Plugins/Editor/SpeedTreeImporter/Content/SpeedTree9/SpeedTreeBillboard.uasset" 2272
"../../Plugins/Runtime/Oculus/OculusVR/Content/Materials/OculusMR_ChromaKey.uasset" 2273
"../../../Engine/Content/Functions/Engine_MaterialFunctions02/Utility/BreakOutFloat4Components.uasset" 2274
"../../../Engine/Content/Functions/Engine_MaterialFunctions02/Utility/MakeFloat3.uasset" 2275
"../../Plugins/Runtime/Oculus/OculusVR/Content/Materials/OculusMR_OpaqueColoredMaterial.uasset" 2276
"../../Plugins/Runtime/Oculus/OculusVR/Content/Meshes/RiftHMD.uasset" 2277
"../../Plugins/Runtime/Oculus/OculusVR/Content/Meshes/LeftTouchController.uasset" 2278
"../../Plugins/Runtime/Oculus/OculusVR/Content/Materials/touchController_mat.uasset" 2279
"../../Plugins/Runtime/Oculus/OculusVR/Content/Textures/touchController_albedo.uasset" 2280
"../../Plugins/Runtime/Oculus/OculusVR/Content/Textures/touchController_controlmap.uasset" 2281
"../../Plugins/Runtime/Oculus/OculusVR/Content/Meshes/RightTouchController.uasset" 2282
"../../Plugins/Runtime/Oculus/OculusVR/Content/Meshes/LeftTouchForQuestRiftSController.uasset" 2283
"../../Plugins/Runtime/Oculus/OculusVR/Content/Materials/TouchForQuestRiftSControllerMaterial.uasset" 2284
"../../Plugins/Runtime/Oculus/OculusVR/Content/Textures/TouchForQuestRiftSController_albedo.uasset" 2285
"../../Plugins/Runtime/Oculus/OculusVR/Content/Meshes/RightTouchForQuestRiftSController.uasset" 2286
"../../../Engine/Content/EngineMaterials/RemoveSurfaceMaterial.uasset" 2287
"../../../Engine/Content/EngineDebugMaterials/DebugMeshMaterial.uasset" 2288
"../../../Engine/Content/EngineMaterials/EmissiveMeshMaterial.uasset" 2289
"../../../Engine/Content/EngineMaterials/DefaultWhiteGrid_Low.uasset" 2290
"../../../Engine/Content/EngineMaterials/M_InvalidLightmapSettings.uasset" 2291
"../../../Engine/Content/EngineMaterials/InvalidLightmapSettings.uasset" 2292
"../../../Engine/Content/EngineMaterials/GizmoMaterial.uasset" 2293
"../../../Engine/Content/EngineMaterials/PhAT_JointLimitMaterial.uasset" 2294
"../../../Engine/Content/Functions/Engine_MaterialFunctions02/WorldPositionOffset/CameraOffset.uasset" 2295
"../../../Engine/Content/EngineMaterials/Good64x64TilingNoiseHighFreq.uasset" 2296
"../../../Engine/Content/EngineMaterials/DefaultBokeh.uasset" 2297
"../../../Engine/Content/EngineMaterials/DefaultBloomKernel.uasset" 2298
"../../../Engine/Content/EngineMaterials/PreintegratedSkinBRDF.uasset" 2299
"../../../Engine/Content/EngineMaterials/MiniFont.uasset" 2300
"../../../Engine/Content/EngineMaterials/WeightMapPlaceholderTexture.uasset" 2301
"../../../Engine/Content/EngineMaterials/DefaultWhiteGrid.uasset" 2302
"../../../Engine/Content/EngineMaterials/BlueNoise.uasset" 2303
"../../../Engine/Content/EngineMaterials/DefaultPhysicalMaterial.uasset" 2304
"../../../../../../Users/Murad/Documents/Unreal Projects/Peacekeeper_3D/Intermediate/AssetRegistryCache/311563bb.bin" 2305
"../../../../../../Users/Murad/Documents/Unreal Projects/Peacekeeper_3D/Intermediate/AssetRegistryCache/c90e3f55.bin" 2306
"../../../../../../Users/Murad/Documents/Unreal Projects/Peacekeeper_3D/Content/ThirdPersonBP/Blueprints/Widgets/MainMenu/WB_MainMenu.uasset" 2307
"../../../Engine/Content/BasicShapes/Cube.uasset" 2308
"../../../Engine/Content/BasicShapes/Sphere.uasset" 2309
"../../../Engine/Content/BasicShapes/Cone.uasset" 2310
"../../../Engine/Content/BasicShapes/Plane.uasset" 2311
"../../../Engine/Content/EditorLandscapeResources/DefaultAlphaTexture.uasset" 2312
"../../../Engine/Content/EditorResources/S_Terrain.uasset" 2313
"../../../Engine/Content/EditorResources/SequenceRecorder/Countdown.uasset" 2314
"../../../Engine/Content/EditorResources/SequenceRecorder/RecordingIndicator.uasset" 2315
"../../../../../../Users/Murad/Documents/Unreal Projects/Peacekeeper_3D/Intermediate/AssetRegistryCache/4c37e0bb.bin" 2316
"C:/Users/Murad/Documents/Unreal Projects/Peacekeeper_3D/Saved/Cooked/WindowsNoEditor/Peacekeeper_3D/Metadata/CookedIniVersion.txt" 2317
"../../../Engine/Content/Tutorial/SubEditors/TutorialAssets/TutorialMaterial.uasset" 2318
"../../../Engine/Content/Tutorial/BlueprintTutorials/TutorialAssets/Tutorial_BP_Interface.uasset" 2319
"../../../Engine/Content/Tutorial/BlueprintTutorials/TutorialAssets/Tutorial_BP_MacroLib.uasset" 2320
"../../../Engine/Content/Tutorial/SubEditors/TutorialAssets/M_smoke_subUV_blackbody.uasset" 2321
"../../../Engine/Content/Tutorial/SubEditors/TutorialAssets/TutorialParticleSystem.uasset" 2322
"../../../Engine/Content/Tutorial/SubEditors/TutorialAssets/T_SmokeSubUV_8X8.uasset" 2323
"../../../Engine/Content/Tutorial/SubEditors/TutorialAssets/T_soft_smoke.uasset" 2324
"../../../Engine/Content/EngineMaterials/DefaultCalibrationGrayscale.uasset" 2325
"../../../Engine/Content/EngineMaterials/PPM_DefaultCalibrationGrayscale.uasset" 2326
"../../../Engine/Content/EngineMaterials/DefaultCalibrationColor.uasset" 2327
"../../../Engine/Content/EngineMaterials/PPM_DefaultCalibrationColor.uasset" 2328
"../../../Engine/Content/MobileResources/HUD/DefaultVirtualJoysticks.uasset" 2329
"../../../Engine/Content/MobileResources/HUD/VirtualJoystick_Background.uasset" 2330
"../../../Engine/Content/MobileResources/HUD/VirtualJoystick_Thumb.uasset" 2331
"C:/Users/Murad/Documents/Unreal Projects/Peacekeeper_3D/Content/ThirdPersonBP/Blueprints/Widgets/HUD/WB_WaveMode_HUD.uasset" 2332
"../../../Engine/Content/EditorBlueprintResources/StandardMacros.uasset" 2333
"../../../Engine/Content/EngineMeshes/MaterialSphere.uasset" 2334
"C:/Users/Murad/Documents/Unreal Projects/Peacekeeper_3D/Content/ThirdPersonBP/Blueprints/Enemies/Weapons/BP_Weapon_Base.uasset" 2335
"C:/Users/Murad/Documents/Unreal Projects/Peacekeeper_3D/Content/ThirdPersonBP/Blueprints/Player/PlayerUpgrades/BPC_PLayerLevelStats.uasset" 2336
"../../../Engine/Content/Functions/Engine_MaterialFunctions01/Density/ExponentialDensity.uasset" 2337
"C:/Users/Murad/Documents/Unreal Projects/Peacekeeper_3D/Content/ThirdPersonBP/Blueprints/Player/PlayerUpgrades/E_Upgrade.uasset" 2338
"../../../Engine/Content/Functions/Engine_MaterialFunctions01/Gradient/RadialGradientExponential.uasset" 2339
"C:/Users/Murad/Documents/Unreal Projects/Peacekeeper_3D/Content/Realistic_Starter_VFX_Pack_Vol2/Materials/M_Snow.uasset" 2340
"C:/Users/Murad/Documents/Unreal Projects/Peacekeeper_3D/Content/Realistic_Starter_VFX_Pack_Vol2/Textures/T_Smoke_B.uasset" 2341
"C:/Users/Murad/Documents/Unreal Projects/Peacekeeper_3D/Content/Realistic_Starter_VFX_Pack_Vol2/Materials/M_Smoke_A.uasset" 2342
"C:/Users/Murad/Documents/Unreal Projects/Peacekeeper_3D/Content/Realistic_Starter_VFX_Pack_Vol2/Textures/T_Dirt_C.uasset" 2343
"../../../Engine/Content/Functions/Engine_MaterialFunctions02/Texturing/CustomRotator.uasset" 2344
"C:/Users/Murad/Documents/Unreal Projects/Peacekeeper_3D/Content/Realistic_Starter_VFX_Pack_Vol2/Materials/M_Dirt_A.uasset" 2345
"C:/Users/Murad/Documents/Unreal Projects/Peacekeeper_3D/Content/Realistic_Starter_VFX_Pack_Vol2/Textures/T_Splash_A.uasset" 2346
"C:/Users/Murad/Documents/Unreal Projects/Peacekeeper_3D/Content/Realistic_Starter_VFX_Pack_Vol2/Materials/M_Blood_C.uasset" 2347
"C:/Users/Murad/Documents/Unreal Projects/Peacekeeper_3D/Content/Realistic_Starter_VFX_Pack_Vol2/Particles/Blood/P_Blood_Splat_Cone.uasset" 2348
"../../../../../../Users/Murad/Documents/Unreal Projects/Peacekeeper_3D/Content/ThirdPersonBP/Blueprints/ThirdPersonGameMode.uasset" 2349
"../../../../../../Users/Murad/Documents/Unreal Projects/Peacekeeper_3D/Content/ThirdPersonBP/Blueprints/Enemies/BP_Enemy_Base.uasset" 2350
"../../../../../../Users/Murad/Documents/Unreal Projects/Peacekeeper_3D/Content/Mannequin/Animations/Enemy_AnimBP.uasset" 2351
"../../../../../../Users/Murad/Documents/Unreal Projects/Peacekeeper_3D/Content/AnimStarterPack/Crouch_Idle_Rifle_Hip.uasset" 2352
"../../../Engine/Content/Animation/DefaultAnimBoneCompressionSettings.uasset" 2353
"../../../Engine/Content/Animation/DefaultAnimCurveCompressionSettings.uasset" 2354
"../../../../../../Users/Murad/Documents/Unreal Projects/Peacekeeper_3D/Content/Mannequin/Character/Mesh/UE4_Mannequin_Skeleton.uasset" 2355
"../../../Engine/Content/EngineMeshes/Humanoid.uasset" 2356
"../../../../../../Users/Murad/Documents/Unreal Projects/Peacekeeper_3D/Content/AnimStarterPack/Idle_Rifle_Hip.uasset" 2357
"../../../../../../Users/Murad/Documents/Unreal Projects/Peacekeeper_3D/Content/AnimStarterPack/Idle_Rifle_Ironsights.uasset" 2358
"../../../../../../Users/Murad/Documents/Unreal Projects/Peacekeeper_3D/Content/AnimStarterPack/BS_CrouchWalk.uasset" 2359
"../../../../../../Users/Murad/Documents/Unreal Projects/Peacekeeper_3D/Content/AnimStarterPack/Crouch_Walk_Bwd_Rifle_Hip.uasset" 2360
"../../../../../../Users/Murad/Documents/Unreal Projects/Peacekeeper_3D/Content/AnimStarterPack/Crouch_Walk_Fwd_Rifle_Hip.uasset" 2361
"../../../../../../Users/Murad/Documents/Unreal Projects/Peacekeeper_3D/Content/AnimStarterPack/Crouch_Walk_Lt_Rifle_Hip.uasset" 2362
"../../../../../../Users/Murad/Documents/Unreal Projects/Peacekeeper_3D/Content/AnimStarterPack/Crouch_Walk_Rt_Rifle_Hip.uasset" 2363
"../../../../../../Users/Murad/Documents/Unreal Projects/Peacekeeper_3D/Content/AnimStarterPack/BS_Jog.uasset" 2364
"../../../../../../Users/Murad/Documents/Unreal Projects/Peacekeeper_3D/Content/AnimStarterPack/Jog_Bwd_Rifle.uasset" 2365
"../../../../../../Users/Murad/Documents/Unreal Projects/Peacekeeper_3D/Content/AnimStarterPack/Jog_Fwd_Rifle.uasset" 2366
"../../../../../../Users/Murad/Documents/Unreal Projects/Peacekeeper_3D/Content/AnimStarterPack/Jog_Lt_Rifle.uasset" 2367
"../../../../../../Users/Murad/Documents/Unreal Projects/Peacekeeper_3D/Content/AnimStarterPack/Jog_Rt_Rifle.uasset" 2368
"../../../../../../Users/Murad/Documents/Unreal Projects/Peacekeeper_3D/Content/ThirdPersonBP/Blueprints/Player/BP_Player.uasset" 2369
"../../../../../../Users/Murad/Documents/Unreal Projects/Peacekeeper_3D/Content/Mannequin/Animations/Player_AnimBP.uasset" 2370
"../../../../../../Users/Murad/Documents/Unreal Projects/Peacekeeper_3D/Content/DamageSystem/S_DamageInfo.uasset" 2371
"../../../../../../Users/Murad/Documents/Unreal Projects/Peacekeeper_3D/Content/DamageSystem/E_DamageResponse.uasset" 2372
"../../../../../../Users/Murad/Documents/Unreal Projects/Peacekeeper_3D/Content/DamageSystem/E_DamageType.uasset" 2373
"../../../../../../Users/Murad/Documents/Unreal Projects/Peacekeeper_3D/Content/DamageSystem/BPI_Damageable.uasset" 2374
"../../../../../../Users/Murad/Documents/Unreal Projects/Peacekeeper_3D/Content/ThirdPersonBP/Blueprints/Enemies/AI/AIC_Enemy_Base.uasset" 2375
"../../../../../../Users/Murad/Documents/Unreal Projects/Peacekeeper_3D/Content/ThirdPersonBP/Blueprints/Enemies/AI/BPI_EnemyAI.uasset" 2376
"../../../../../../Users/Murad/Documents/Unreal Projects/Peacekeeper_3D/Content/ThirdPersonBP/Blueprints/Enemies/AI/BP_PatrolRoute.uasset" 2377
"../../../../../../Users/Murad/Documents/Unreal Projects/Peacekeeper_3D/Content/ThirdPersonBP/Blueprints/Enemies/AI/Enums/E_MovementSpeed.uasset" 2378
"../../../../../../Users/Murad/Documents/Unreal Projects/Peacekeeper_3D/Content/DamageSystem/BPC_DamageSystem.uasset" 2379
"../../../../../../Users/Murad/Documents/Unreal Projects/Peacekeeper_3D/Content/ThirdPersonBP/Blueprints/Enemies/AI/Enums/E_AIStates.uasset" 2380
"../../../../../../Users/Murad/Documents/Unreal Projects/Peacekeeper_3D/Content/ThirdPersonBP/Blueprints/Enemies/AI/Enums/E_AISense.uasset" 2381
"../../../../../../Users/Murad/Documents/Unreal Projects/Peacekeeper_3D/Content/ThirdPersonBP/Blueprints/Enemies/Attacks/BPC_Attacks.uasset" 2382
"../../../../../../Users/Murad/Documents/Unreal Projects/Peacekeeper_3D/Content/ThirdPersonBP/Blueprints/Projectiles/BP_Projectile_Base.uasset" 2383
"../../../../../../Users/Murad/Documents/Unreal Projects/Peacekeeper_3D/Content/Realistic_Starter_VFX_Pack_Vol2/Particles/Blood/P_Blood_Splat_Cone.uasset" 2384
"../../../../../../Users/Murad/Documents/Unreal Projects/Peacekeeper_3D/Content/Realistic_Starter_VFX_Pack_Vol2/Materials/M_Blood_C.uasset" 2385
"../../../../../../Users/Murad/Documents/Unreal Projects/Peacekeeper_3D/Content/Realistic_Starter_VFX_Pack_Vol2/Textures/T_Splash_A.uasset" 2386
"../../../../../../Users/Murad/Documents/Unreal Projects/Peacekeeper_3D/Content/Realistic_Starter_VFX_Pack_Vol2/Materials/M_Dirt_A.uasset" 2387
"../../../../../../Users/Murad/Documents/Unreal Projects/Peacekeeper_3D/Content/Realistic_Starter_VFX_Pack_Vol2/Textures/T_Dirt_C.uasset" 2388
"../../../../../../Users/Murad/Documents/Unreal Projects/Peacekeeper_3D/Content/Realistic_Starter_VFX_Pack_Vol2/Materials/M_Smoke_A.uasset" 2389
"../../../../../../Users/Murad/Documents/Unreal Projects/Peacekeeper_3D/Content/Realistic_Starter_VFX_Pack_Vol2/Textures/T_Smoke_B.uasset" 2390
"../../../../../../Users/Murad/Documents/Unreal Projects/Peacekeeper_3D/Content/Realistic_Starter_VFX_Pack_Vol2/Materials/M_Snow.uasset" 2391
"../../../../../../Users/Murad/Documents/Unreal Projects/Peacekeeper_3D/Content/ThirdPersonBP/Blueprints/Projectiles/BP_Projectile_Enemy_Long_Ranged.uasset" 2392
"../../../../../../Users/Murad/Documents/Unreal Projects/Peacekeeper_3D/Content/Mannequin/Character/Materials/M_Enemy_Long_Ranged.uasset" 2393
"../../../Engine/Content/Functions/Engine_MaterialFunctions02/Utility/BlendAngleCorrectedNormals.uasset" 2394
"../../../Engine/Content/Functions/MaterialLayerFunctions/MatLayerBlend_NormalBlend.uasset" 2395
"../../../Engine/Content/Functions/MaterialLayerFunctions/MatLayerBlend_Simple.uasset" 2396
"../../../../../../Users/Murad/Documents/Unreal Projects/Peacekeeper_3D/Content/Mannequin/Character/Materials/MaterialLayers/ML_GlossyBlack_Latex_UE4.uasset" 2397
"../../../../../../Users/Murad/Documents/Unreal Projects/Peacekeeper_3D/Content/Mannequin/Character/Materials/MaterialLayers/T_ML_Rubber_Blue_01_D.uasset" 2398
"../../../../../../Users/Murad/Documents/Unreal Projects/Peacekeeper_3D/Content/Mannequin/Character/Materials/MaterialLayers/T_ML_Rubber_Blue_01_N.uasset" 2399
"../../../../../../Users/Murad/Documents/Unreal Projects/Peacekeeper_3D/Content/Mannequin/Character/Materials/MaterialLayers/ML_Plastic_Shiny_Beige.uasset" 2400
"../../../../../../Users/Murad/Documents/Unreal Projects/Peacekeeper_3D/Content/Mannequin/Character/Materials/MaterialLayers/ML_Plastic_Shiny_Beige_LOGO.uasset" 2401
"../../../../../../Users/Murad/Documents/Unreal Projects/Peacekeeper_3D/Content/Mannequin/Character/Textures/T_UE4Logo_Mask.uasset" 2402
"../../../../../../Users/Murad/Documents/Unreal Projects/Peacekeeper_3D/Content/Mannequin/Character/Materials/MaterialLayers/ML_SoftMetal_UE4.uasset" 2403
"../../../../../../Users/Murad/Documents/Unreal Projects/Peacekeeper_3D/Content/Mannequin/Character/Materials/MaterialLayers/T_ML_Aluminum01.uasset" 2404
"../../../../../../Users/Murad/Documents/Unreal Projects/Peacekeeper_3D/Content/Mannequin/Character/Materials/MaterialLayers/T_ML_Aluminum01_N.uasset" 2405
"../../../../../../Users/Murad/Documents/Unreal Projects/Peacekeeper_3D/Content/Mannequin/Character/Textures/T_Male_Mask.uasset" 2406
"../../../../../../Users/Murad/Documents/Unreal Projects/Peacekeeper_3D/Content/Mannequin/Character/Textures/T_Male_N.uasset" 2407
"../../../../../../Users/Murad/Documents/Unreal Projects/Peacekeeper_3D/Content/ThirdPersonBP/Blueprints/Projectiles/BP_Projectile_Enemy_Middle_Ranged.uasset" 2408
"../../../Engine/Content/MapTemplates/Materials/BasicAsset01.uasset" 2409
"../../../Engine/Content/VREditor/Sounds/UI/Drop_Item_From_ContentBrowser.uasset" 2410
"../../../../../../Users/Murad/Documents/Unreal Projects/Peacekeeper_3D/Content/ThirdPersonBP/Blueprints/Projectiles/BP_Projectile_Player.uasset" 2411
"../../../Engine/Content/BasicShapes/BasicShapeMaterial.uasset" 2412
"../../../../../../Users/Murad/Documents/Unreal Projects/Peacekeeper_3D/Content/FPS_Weapon_Bundle/Weapons/Meshes/AR4/SK_AR4.uasset" 2413
"../../../../../../Users/Murad/Documents/Unreal Projects/Peacekeeper_3D/Content/FPS_Weapon_Bundle/Weapons/Materials/Ammunition/M_762x39_Empty.uasset" 2414
"../../../../../../Users/Murad/Documents/Unreal Projects/Peacekeeper_3D/Content/FPS_Weapon_Bundle/Weapons/Materials/Master_Material/M_Weapon_Master_USE.uasset" 2415
"../../../../../../Users/Murad/Documents/Unreal Projects/Peacekeeper_3D/Content/FPS_Weapon_Bundle/Weapons/Textures/KA74U/T_KA74U_ALB.uasset" 2416
"../../../../../../Users/Murad/Documents/Unreal Projects/Peacekeeper_3D/Content/FPS_Weapon_Bundle/Weapons/Textures/KA74U/T_KA74U_M_MSK.uasset" 2417
"../../../../../../Users/Murad/Documents/Unreal Projects/Peacekeeper_3D/Content/FPS_Weapon_Bundle/Weapons/Textures/KA74U/T_KA74U_NRM.uasset" 2418
"../../../../../../Users/Murad/Documents/Unreal Projects/Peacekeeper_3D/Content/FPS_Weapon_Bundle/Weapons/Textures/Patterns/T_Stripes__Pattern.uasset" 2419
"../../../../../../Users/Murad/Documents/Unreal Projects/Peacekeeper_3D/Content/FPS_Weapon_Bundle/Weapons/Textures/Ammunition/T_762x39_ALB.uasset" 2420
"../../../../../../Users/Murad/Documents/Unreal Projects/Peacekeeper_3D/Content/FPS_Weapon_Bundle/Weapons/Textures/Ammunition/T_762x39_M_MSK.uasset" 2421
"../../../../../../Users/Murad/Documents/Unreal Projects/Peacekeeper_3D/Content/FPS_Weapon_Bundle/Weapons/Textures/Ammunition/T_762x39_NRM.uasset" 2422
"../../../../../../Users/Murad/Documents/Unreal Projects/Peacekeeper_3D/Content/FPS_Weapon_Bundle/Weapons/Materials/AR4/M_AR4.uasset" 2423
"../../../../../../Users/Murad/Documents/Unreal Projects/Peacekeeper_3D/Content/FPS_Weapon_Bundle/Weapons/Textures/AR4/T_AR4_ALB.uasset" 2424
"../../../../../../Users/Murad/Documents/Unreal Projects/Peacekeeper_3D/Content/FPS_Weapon_Bundle/Weapons/Textures/AR4/T_AR4_M_MSK.uasset" 2425
"../../../../../../Users/Murad/Documents/Unreal Projects/Peacekeeper_3D/Content/FPS_Weapon_Bundle/Weapons/Textures/AR4/T_AR4_NRM.uasset" 2426
"../../../../../../Users/Murad/Documents/Unreal Projects/Peacekeeper_3D/Content/FPS_Weapon_Bundle/Weapons/Meshes/AR4/SK_AR4_Physics.uasset" 2427
"../../../../../../Users/Murad/Documents/Unreal Projects/Peacekeeper_3D/Content/FPS_Weapon_Bundle/Weapons/Meshes/AR4/SK_AR4_Skeleton.uasset" 2428
"../../../../../../Users/Murad/Documents/Unreal Projects/Peacekeeper_3D/Content/ThirdPersonBP/Blueprints/Player/PlayerUpgrades/BPI_PlayerLevel.uasset" 2429
"../../../../../../Users/Murad/Documents/Unreal Projects/Peacekeeper_3D/Content/ThirdPersonBP/Blueprints/Widgets/HUD/DamageEffect.uasset" 2430
"../../../../../../Users/Murad/Documents/Unreal Projects/Peacekeeper_3D/Content/ThirdPersonBP/Blueprints/Widgets/HUD/DamageVignette.uasset" 2431
"../../../../../../Users/Murad/Documents/Unreal Projects/Peacekeeper_3D/Content/ThirdPersonBP/Blueprints/Widgets/HUD/DynamicCrosshair.uasset" 2432
"../../../../../../Users/Murad/Documents/Unreal Projects/Peacekeeper_3D/Content/ThirdPersonBP/Blueprints/Widgets/HUD/WB_Main_HUD.uasset" 2433
"../../../../../../Users/Murad/Documents/Unreal Projects/Peacekeeper_3D/Content/ThirdPersonBP/Blueprints/Widgets/HUD/WB_UpgradeMenu.uasset" 2434
"../../../../../../Users/Murad/Documents/Unreal Projects/Peacekeeper_3D/Content/ThirdPersonBP/Blueprints/Widgets/HUD/WB_Upgrade.uasset" 2435
"../../../Engine/Content/EditorSounds/Notifications/CompileFailed.uasset" 2436
"../../../Engine/Content/VREditor/Sounds/UI/Dockable_Window_Pick_Up.uasset" 2437
"../../../Engine/Content/VREditor/Sounds/UI/Flashlight_Switch.uasset" 2438
"../../../../../../Users/Murad/Documents/Unreal Projects/Peacekeeper_3D/Content/ThirdPersonBP/Blueprints/Widgets/WB_Game_Over_Menu.uasset" 2439
"../../../../../../Users/Murad/Documents/Unreal Projects/Peacekeeper_3D/Content/ThirdPersonBP/Blueprints/Widgets/WB_Pause_Menu.uasset" 2440
"../../../../../../Users/Murad/Documents/Unreal Projects/Peacekeeper_3D/Content/Mannequin/Character/Mesh/SK_Mannequin.uasset" 2441
"../../../../../../Users/Murad/Documents/Unreal Projects/Peacekeeper_3D/Content/Mannequin/Character/Materials/M_Male_Body.uasset" 2442
"../../../../../../Users/Murad/Documents/Unreal Projects/Peacekeeper_3D/Content/Mannequin/Character/Materials/M_UE4Man_ChestLogo.uasset" 2443
"../../../../../../Users/Murad/Documents/Unreal Projects/Peacekeeper_3D/Content/Mannequin/Character/Textures/T_UE4Logo_N.uasset" 2444
"../../../../../../Users/Murad/Documents/Unreal Projects/Peacekeeper_3D/Content/Mannequin/Character/Mesh/SK_Mannequin_PhysicsAsset.uasset" 2445
"../../../../../../Users/Murad/Documents/Unreal Projects/Peacekeeper_3D/Content/DamageSystem/W_HealthBar.uasset" 2446
"../../../../../../Users/Murad/Documents/Unreal Projects/Peacekeeper_3D/Content/ThirdPersonBP/Blueprints/Enemies/Montages/Montage_Hit.uasset" 2447
"../../../../../../Users/Murad/Documents/Unreal Projects/Peacekeeper_3D/Content/AnimStarterPack/Hit_React_4.uasset" 2448
"../../../../../../Users/Murad/Documents/Unreal Projects/Peacekeeper_3D/Content/ThirdPersonBP/Blueprints/Enemies/Montages/Montage_Unequip_Rifle_Standing.uasset" 2449
"../../../../../../Users/Murad/Documents/Unreal Projects/Peacekeeper_3D/Content/AnimStarterPack/Equip_Rifle_Standing.uasset" 2450
"../../../../../../Users/Murad/Documents/Unreal Projects/Peacekeeper_3D/Content/ThirdPersonBP/Blueprints/Enemies/AI/BehaviorTrees/BT_Enemy_Base.uasset" 2451
"../../../../../../Users/Murad/Documents/Unreal Projects/Peacekeeper_3D/Content/ThirdPersonBP/Blueprints/Enemies/AI/BehaviorTrees/SubTrees/BT_Subtree_Frozen.uasset" 2452
"../../../../../../Users/Murad/Documents/Unreal Projects/Peacekeeper_3D/Content/ThirdPersonBP/Blueprints/Enemies/AI/BehaviorTrees/BP_Enemy_Base.uasset" 2453
"../../../../../../Users/Murad/Documents/Unreal Projects/Peacekeeper_3D/Content/ThirdPersonBP/Blueprints/Enemies/AI/Tasks/BTT_ClearFocus.uasset" 2454
"../../../../../../Users/Murad/Documents/Unreal Projects/Peacekeeper_3D/Content/ThirdPersonBP/Blueprints/Enemies/AI/Tasks/BTT_SetMovementSpeed.uasset" 2455
"../../../../../../Users/Murad/Documents/Unreal Projects/Peacekeeper_3D/Content/ThirdPersonBP/Blueprints/Enemies/AI/BehaviorTrees/SubTrees/BT_Subtree_Investigating.uasset" 2456
"../../../../../../Users/Murad/Documents/Unreal Projects/Peacekeeper_3D/Content/ThirdPersonBP/Blueprints/Enemies/AI/Tasks/BTT_SetStateAsPassive.uasset" 2457
"../../../../../../Users/Murad/Documents/Unreal Projects/Peacekeeper_3D/Content/ThirdPersonBP/Blueprints/Enemies/AI/BehaviorTrees/SubTrees/BT_Subtree_Passive.uasset" 2458
"../../../../../../Users/Murad/Documents/Unreal Projects/Peacekeeper_3D/Content/ThirdPersonBP/Blueprints/Enemies/AI/Decorators/BTD_HasPatrolRoute.uasset" 2459
"../../../../../../Users/Murad/Documents/Unreal Projects/Peacekeeper_3D/Content/ThirdPersonBP/Blueprints/Enemies/AI/Tasks/BTT_MoveAlongPatrolRoute.uasset" 2460
"../../../Engine/Content/EditorSounds/GamePreview/StartPlayInEditor.uasset" 2461
"../../../../../../Users/Murad/Documents/Unreal Projects/Peacekeeper_3D/Content/Realistic_Starter_VFX_Pack_Vol2/Particles/Explosion/P_Explosion_Side.uasset" 2462
"../../../../../../Users/Murad/Documents/Unreal Projects/Peacekeeper_3D/Content/Realistic_Starter_VFX_Pack_Vol2/Materials/M_Distortion.uasset" 2463
"../../../Engine/Content/Functions/Engine_MaterialFunctions01/Gradient/SphereGradient-2D.uasset" 2464
"../../../../../../Users/Murad/Documents/Unreal Projects/Peacekeeper_3D/Content/Realistic_Starter_VFX_Pack_Vol2/Textures/T_NoiseNormal_B.uasset" 2465
"../../../../../../Users/Murad/Documents/Unreal Projects/Peacekeeper_3D/Content/Realistic_Starter_VFX_Pack_Vol2/Materials/M_Explosion_i.uasset" 2466
"../../../../../../Users/Murad/Documents/Unreal Projects/Peacekeeper_3D/Content/Realistic_Starter_VFX_Pack_Vol2/Textures/T_Explosion_Air.uasset" 2467
"../../../../../../Users/Murad/Documents/Unreal Projects/Peacekeeper_3D/Content/Realistic_Starter_VFX_Pack_Vol2/Materials/M_Impact_B.uasset" 2468
"../../../../../../Users/Murad/Documents/Unreal Projects/Peacekeeper_3D/Content/Realistic_Starter_VFX_Pack_Vol2/Textures/T_Impact_Flare.uasset" 2469
"../../../../../../Users/Murad/Documents/Unreal Projects/Peacekeeper_3D/Content/Realistic_Starter_VFX_Pack_Vol2/Materials/M_Rock_B.uasset" 2470
"../../../../../../Users/Murad/Documents/Unreal Projects/Peacekeeper_3D/Content/Realistic_Starter_VFX_Pack_Vol2/Textures/T_Rocks.uasset" 2471
"../../../../../../Users/Murad/Documents/Unreal Projects/Peacekeeper_3D/Content/Realistic_Starter_VFX_Pack_Vol2/Textures/T_Rocks_NM.uasset" 2472
"../../../../../../Users/Murad/Documents/Unreal Projects/Peacekeeper_3D/Content/Realistic_Starter_VFX_Pack_Vol2/Materials/M_Smoke_Ground.uasset" 2473
"../../../../../../Users/Murad/Documents/Unreal Projects/Peacekeeper_3D/Content/Realistic_Starter_VFX_Pack_Vol2/Textures/T_Smoke_Ground.uasset" 2474
"../../../../../../Users/Murad/Documents/Unreal Projects/Peacekeeper_3D/Content/Realistic_Starter_VFX_Pack_Vol2/Materials/M_Glow_C_Inst.uasset" 2475
"../../../../../../Users/Murad/Documents/Unreal Projects/Peacekeeper_3D/Content/Realistic_Starter_VFX_Pack_Vol2/Materials/M_Glow_C.uasset" 2476
"../../../../../../Users/Murad/Documents/Unreal Projects/Peacekeeper_3D/Content/Realistic_Starter_VFX_Pack_Vol2/Textures/T_Spark_B.uasset" 2477
"../../../../../../Users/Murad/Documents/Unreal Projects/Peacekeeper_3D/Content/Realistic_Starter_VFX_Pack_Vol2/Textures/T_Flare_A.uasset" 2478
"../../../../../../Users/Murad/Documents/Unreal Projects/Peacekeeper_3D/Content/Realistic_Starter_VFX_Pack_Vol2/Vectorfields/VectorField_A.uasset" 2479
"../../../../../../Users/Murad/Documents/Unreal Projects/Peacekeeper_3D/Content/Realistic_Starter_VFX_Pack_Vol2/Particles/Sparks/P_Sparks_C.uasset" 2480
"../../../../../../Users/Murad/Documents/Unreal Projects/Peacekeeper_3D/Content/ThirdPersonBP/Blueprints/Explosion01.uasset" 2481
"../../../../../../Users/Murad/Documents/Unreal Projects/Peacekeeper_3D/Content/ThirdPersonBP/Blueprints/Enemies/BP_Enemy_Long_Ranged.uasset" 2482
"../../../../../../Users/Murad/Documents/Unreal Projects/Peacekeeper_3D/Content/ThirdPersonBP/Blueprints/Enemies/Montages/Montage_Equip_Rifle_Standing.uasset" 2483
"../../../../../../Users/Murad/Documents/Unreal Projects/Peacekeeper_3D/Content/ThirdPersonBP/Blueprints/Enemies/Montages/Montage_Fire_Rifle_Ironsights.uasset" 2484
"../../../../../../Users/Murad/Documents/Unreal Projects/Peacekeeper_3D/Content/AnimStarterPack/Fire_Rifle_Ironsights.uasset" 2485
"../../../../../../Users/Murad/Documents/Unreal Projects/Peacekeeper_3D/Content/ThirdPersonBP/Blueprints/Enemies/AI/BehaviorTrees/BT_Enemy_Long_Ranged.uasset" 2486
"../../../../../../Users/Murad/Documents/Unreal Projects/Peacekeeper_3D/Content/ThirdPersonBP/Blueprints/Enemies/AI/Decorators/BTD_CanSeeTarget.uasset" 2487
"../../../../../../Users/Murad/Documents/Unreal Projects/Peacekeeper_3D/Content/ThirdPersonBP/Blueprints/Enemies/AI/Decorators/BTD_IsHoldingWeapon.uasset" 2488
"../../../../../../Users/Murad/Documents/Unreal Projects/Peacekeeper_3D/Content/ThirdPersonBP/Blueprints/Enemies/AI/Decorators/BTD_IsWithinIdealRange.uasset" 2489
"../../../../../../Users/Murad/Documents/Unreal Projects/Peacekeeper_3D/Content/ThirdPersonBP/Blueprints/Enemies/AI/Services/BTS_StopAttackingIfTargetIsDead.uasset" 2490
"../../../../../../Users/Murad/Documents/Unreal Projects/Peacekeeper_3D/Content/ThirdPersonBP/Blueprints/Enemies/AI/Tasks/BTT_DefaultAttack.uasset" 2491
"../../../../../../Users/Murad/Documents/Unreal Projects/Peacekeeper_3D/Content/ThirdPersonBP/Blueprints/Enemies/AI/Tasks/BTT_EquipWeapon.uasset" 2492
"../../../../../../Users/Murad/Documents/Unreal Projects/Peacekeeper_3D/Content/ThirdPersonBP/Blueprints/Enemies/AI/Tasks/BTT_Focus.uasset" 2493
"../../../../../../Users/Murad/Documents/Unreal Projects/Peacekeeper_3D/Content/ThirdPersonBP/Blueprints/Enemies/AI/Tasks/BTT_Heal.uasset" 2494
"../../../../../../Users/Murad/Documents/Unreal Projects/Peacekeeper_3D/Content/ThirdPersonBP/Blueprints/Enemies/AI/Tasks/BTT_MoveToIdealRange.uasset" 2495
"../../../../../../Users/Murad/Documents/Unreal Projects/Peacekeeper_3D/Content/ThirdPersonBP/Blueprints/Enemies/AI/Tasks/BTT_TurnBy90Degrees.uasset" 2496
"../../../../../../Users/Murad/Documents/Unreal Projects/Peacekeeper_3D/Content/ThirdPersonBP/Blueprints/Enemies/AI/EQS/EQS_Strafe.uasset" 2497
"../../../../../../Users/Murad/Documents/Unreal Projects/Peacekeeper_3D/Content/ThirdPersonBP/Blueprints/Enemies/AI/EQS/EQS_Context_AttackTarget.uasset" 2498
"../../../../../../Users/Murad/Documents/Unreal Projects/Peacekeeper_3D/Content/ThirdPersonBP/Blueprints/Enemies/Weapons/BP_Weapon_Long_Ranged.uasset" 2499
"../../../../../../Users/Murad/Documents/Unreal Projects/Peacekeeper_3D/Content/FPS_Weapon_Bundle/Weapons/Meshes/KA_Val/SM_KA_Val_Y.uasset" 2500
"../../../../../../Users/Murad/Documents/Unreal Projects/Peacekeeper_3D/Content/FPS_Weapon_Bundle/Weapons/Materials/KA_Val/M_KA_Val.uasset" 2501
"../../../../../../Users/Murad/Documents/Unreal Projects/Peacekeeper_3D/Content/FPS_Weapon_Bundle/Weapons/Textures/KA_Val/T_KA_Val_ALB.uasset" 2502
"../../../../../../Users/Murad/Documents/Unreal Projects/Peacekeeper_3D/Content/FPS_Weapon_Bundle/Weapons/Textures/KA_Val/T_KA_Val_M_MSK.uasset" 2503
"../../../../../../Users/Murad/Documents/Unreal Projects/Peacekeeper_3D/Content/FPS_Weapon_Bundle/Weapons/Textures/KA_Val/T_KA_Val_NRM.uasset" 2504
"../../../../../../Users/Murad/Documents/Unreal Projects/Peacekeeper_3D/Content/ThirdPersonBP/Blueprints/Enemies/BP_Enemy_Middle_Ranged.uasset" 2505
"../../../../../../Users/Murad/Documents/Unreal Projects/Peacekeeper_3D/Content/Mannequin/Animations/Middle_Ranged_Enemy_AnimBP.uasset" 2506
"../../../../../../Users/Murad/Documents/Unreal Projects/Peacekeeper_3D/Content/ThirdPersonBP/Blueprints/Enemies/AI/BehaviorTrees/BT_Enemy_Middle_Ranged.uasset" 2507
"../../../../../../Users/Murad/Documents/Unreal Projects/Peacekeeper_3D/Content/ThirdPersonBP/Blueprints/Enemies/AI/Decorators/BTD_IsHealthBelowThreshold.uasset" 2508
"../../../../../../Users/Murad/Documents/Unreal Projects/Peacekeeper_3D/Content/ThirdPersonBP/Blueprints/Enemies/AI/Tasks/BTT_SetStateAsAttacking.uasset" 2509
"../../../../../../Users/Murad/Documents/Unreal Projects/Peacekeeper_3D/Content/ThirdPersonBP/Blueprints/Enemies/AI/Tasks/BTT_UnequipWeapon.uasset" 2510
"../../../../../../Users/Murad/Documents/Unreal Projects/Peacekeeper_3D/Content/ThirdPersonBP/Blueprints/Enemies/AI/EQS/EQS_FindCover.uasset" 2511
"../../../../../../Users/Murad/Documents/Unreal Projects/Peacekeeper_3D/Content/ThirdPersonBP/Blueprints/Enemies/AI/EQS/EQS_FindIdealRangedLocation.uasset" 2512
"../../../../../../Users/Murad/Documents/Unreal Projects/Peacekeeper_3D/Content/ThirdPersonBP/Blueprints/Enemies/Weapons/BP_Weapon_Middle_Ranged.uasset" 2513
"../../../../../../Users/Murad/Documents/Unreal Projects/Peacekeeper_3D/Content/FPS_Weapon_Bundle/Weapons/Meshes/Ka47/SM_KA47.uasset" 2514
"../../../../../../Users/Murad/Documents/Unreal Projects/Peacekeeper_3D/Content/FPS_Weapon_Bundle/Weapons/Materials/Ka47/M_KA47.uasset" 2515
"../../../../../../Users/Murad/Documents/Unreal Projects/Peacekeeper_3D/Content/FPS_Weapon_Bundle/Weapons/Textures/KA47/T_KA47_ALB.uasset" 2516
"../../../../../../Users/Murad/Documents/Unreal Projects/Peacekeeper_3D/Content/FPS_Weapon_Bundle/Weapons/Textures/KA47/T_KA47_M_MSK.uasset" 2517
"../../../../../../Users/Murad/Documents/Unreal Projects/Peacekeeper_3D/Content/FPS_Weapon_Bundle/Weapons/Textures/KA47/T_KA47_NRM.uasset" 2518
"../../../../../../Users/Murad/Documents/Unreal Projects/Peacekeeper_3D/Content/Mannequin/Character/Materials/M_Enemy_Middle_Ranged.uasset" 2519
"../../../../../../Users/Murad/Documents/Unreal Projects/Peacekeeper_3D/Content/ThirdPersonBP/Blueprints/Enemies/BP_Enemy_Short_Ranged.uasset" 2520
"../../../../../../Users/Murad/Documents/Unreal Projects/Peacekeeper_3D/Content/Mannequin/Animations/Short_Ranged_Enemy_AnimBP.uasset" 2521
"../../../../../../Users/Murad/Documents/Unreal Projects/Peacekeeper_3D/Content/ThirdPersonBP/Blueprints/Enemies/Montages/Montage_Fire_Shotgun_Hip.uasset" 2522
"../../../../../../Users/Murad/Documents/Unreal Projects/Peacekeeper_3D/Content/AnimStarterPack/Fire_Shotgun_Hip.uasset" 2523
"../../../../../../Users/Murad/Documents/Unreal Projects/Peacekeeper_3D/Content/ThirdPersonBP/Blueprints/Enemies/AI/BehaviorTrees/BT_Enemy_Short_Ranged.uasset" 2524
"../../../../../../Users/Murad/Documents/Unreal Projects/Peacekeeper_3D/Content/ThirdPersonBP/Blueprints/Enemies/AI/BehaviorTrees/SubTrees/BT_Subtree_Seeking.uasset" 2525
"../../../../../../Users/Murad/Documents/Unreal Projects/Peacekeeper_3D/Content/ThirdPersonBP/Blueprints/Enemies/AI/EQS/EQS_Seeking.uasset" 2526
"../../../../../../Users/Murad/Documents/Unreal Projects/Peacekeeper_3D/Content/ThirdPersonBP/Blueprints/Enemies/AI/Tasks/BTT_ShortRangeAttack.uasset" 2527
"../../../../../../Users/Murad/Documents/Unreal Projects/Peacekeeper_3D/Content/ThirdPersonBP/Blueprints/Enemies/Weapons/BP_Weapon_Short_Ranged.uasset" 2528
"../../../../../../Users/Murad/Documents/Unreal Projects/Peacekeeper_3D/Content/FPS_Weapon_Bundle/Weapons/Meshes/KA74U/SM_KA74U_Y.uasset" 2529
"../../../../../../Users/Murad/Documents/Unreal Projects/Peacekeeper_3D/Content/FPS_Weapon_Bundle/Weapons/Materials/KA74U/M_KA74U.uasset" 2530
"../../../../../../Users/Murad/Documents/Unreal Projects/Peacekeeper_3D/Content/Mannequin/Character/Materials/M_Enemy_Short_Ranged.uasset" 2531
"../../../../../../Users/Murad/Documents/Unreal Projects/Peacekeeper_3D/Content/ThirdPersonBP/Blueprints/Enemies/BP_Spawner.uasset" 2532
"../../../../../../Users/Murad/Documents/Unreal Projects/Peacekeeper_3D/Content/ThirdPersonBP/Blueprints/Enemies/S_WaveStruct.uasset" 2533
"../../../../../../Users/Murad/Documents/Unreal Projects/Peacekeeper_3D/Content/ThirdPersonBP/Blueprints/Widgets/WB_Victory_Menu.uasset" 2534
"../../../../../../Users/Murad/Documents/Unreal Projects/Peacekeeper_3D/Content/ThirdPersonBP/Blueprints/Enemies/DT_WavePoolData.uasset" 2535
"C:/Users/Murad/AppData/Local/UnrealEngine/Common/DerivedDataCache/5/8/8/SKELETALMESH_91550326BADA436B92C8BF16C910465C_0A1563CA5846F9892926484195458D5B__2125A2F3AF20EC7ED23A55E198EA7E715864228E.udd" 2536
"C:/Users/Murad/AppData/Local/UnrealEngine/Common/DerivedDataCache/1/4/1/ANIMSEQ_D0E639028BB74237AD0F9775C097BB85_0_53E528CEA35331150A081CA212FD966260E__E95798A2D4E5CD754DB2C98D2A5E03356E5E7CD6.udd" 2537
"C:/Users/Murad/AppData/Local/UnrealEngine/Common/DerivedDataCache/8/9/3/ANIMSEQ_D0E639028BB74237AD0F9775C097BB85_0_64C54B486754A48594C46A1DC96EB9E160E__A9D2FB5D99F40BD85839C14CE865FB14737558E9.udd" 2538
"C:/Users/Murad/AppData/Local/UnrealEngine/Common/DerivedDataCache/0/5/7/ANIMSEQ_D0E639028BB74237AD0F9775C097BB85_0_2AD5F4C3F7D4A6EDAAF53AF50E8EDF0A60E__449A28DD493C441FD74B8058AFA186D04B25B8B1.udd" 2539
"C:/Users/Murad/AppData/Local/UnrealEngine/Common/DerivedDataCache/5/0/5/ANIMSEQ_D0E639028BB74237AD0F9775C097BB85_0_8F4D099BD2CEDAA16B5A6607C130024A60E__06EF49A047B32D1533DAEB5300077D6F808C71C3.udd" 2540
"C:/Users/Murad/AppData/Local/UnrealEngine/Common/DerivedDataCache/8/3/6/ANIMSEQ_D0E639028BB74237AD0F9775C097BB85_0_0D6A07B7D57DEEEEED67F1D2887897D660E__794A3276F8EA56086555C9258C6DD941F5916281.udd" 2541
"C:/Users/Murad/AppData/Local/UnrealEngine/Common/DerivedDataCache/3/0/7/ANIMSEQ_D0E639028BB74237AD0F9775C097BB85_0_72DC3A4FE6AB557840AB10C8935DD65860E__406BE4FA9A3AC9848AC11C4FAF2C3E08D9AE537F.udd" 2542
"C:/Users/Murad/AppData/Local/UnrealEngine/Common/DerivedDataCache/4/1/1/ANIMSEQ_D0E639028BB74237AD0F9775C097BB85_0_F41FA7D84E27E065C32559E97C9077F460E__F9BE9B305E059D6A7D8F4B6BD5A14FE8A4E29E20.udd" 2543
"C:/Users/Murad/AppData/Local/UnrealEngine/Common/DerivedDataCache/5/4/0/ANIMSEQ_D0E639028BB74237AD0F9775C097BB85_0_67B1ED1F0CF5FC84F116547F22BC627A60E__428AE7CE53FD1D60ECAE4BB59A9D3F3C149012BC.udd" 2544
"C:/Users/Murad/AppData/Local/UnrealEngine/Common/DerivedDataCache/4/1/7/ANIMSEQ_D0E639028BB74237AD0F9775C097BB85_0_A31FF78622377D7AA1583C765F28F86B60E__AC9693BB6664202124DBDBFB6EE347FDAA7B43A8.udd" 2545
"C:/Users/Murad/AppData/Local/UnrealEngine/Common/DerivedDataCache/0/2/4/ANIMSEQ_D0E639028BB74237AD0F9775C097BB85_0_6C36FEAB15756FEF71F7857C83A00CF560E__5D44DD0BA54201D312C386E181FBCE062D60EA7B.udd" 2546
"C:/Users/Murad/AppData/Local/UnrealEngine/Common/DerivedDataCache/1/9/4/ANIMSEQ_D0E639028BB74237AD0F9775C097BB85_0_418CD5D7F33C45E53F96EE53091F9E2060E__58EB370B0C3ADA4A57F44103C0BA203DA7E41ED6.udd" 2547
"C:/Users/Murad/AppData/Local/UnrealEngine/Common/DerivedDataCache/2/4/3/STATICMESH_9CE2B6FB46754B699726C4AA1515F12E_228332BAE0224DD294E232B87D83948FQU__EF1E01B8E8C1158EF9B43738634DED9AB012955A.udd" 2548
"C:/Users/Murad/AppData/Local/UnrealEngine/Common/DerivedDataCache/7/8/4/PHYSX_A08609EF508D460CBB6710540B03AACF_PHYSXPC_C79C4F814BFF1CC8BA5417AE9C56745__BD2479A99EDC819B5B3ECAACE4FA38A47DABF11B.udd" 2549
"C:/Users/Murad/AppData/Local/UnrealEngine/Common/DerivedDataCache/0/6/9/NAVCOLLISION_2983273BE5D6425391E8C0B3D1C0A55D_NAVCOLLISION_X_C79C4F814BFF1CC8B__BF34DCC0CB5DCD097493C1A1CB7CC76104D12EEC.udd" 2550
"C:/Users/Murad/AppData/Local/UnrealEngine/Common/DerivedDataCache/5/2/1/ANIMSEQ_D0E639028BB74237AD0F9775C097BB85_0_F81AE9EE533A8DB56A0848FCA63C6E6B60E__C79F4A2F3C53CB6E51FA405F7C161024D9016211.udd" 2551
"C:/Users/Murad/AppData/Local/UnrealEngine/Common/DerivedDataCache/9/7/0/STATICMESH_9CE2B6FB46754B699726C4AA1515F12E_228332BAE0224DD294E232B87D83948FQU__71653A5EB5490DF399F84FFF02A461B96DBE3A4C.udd" 2552
"C:/Users/Murad/AppData/Local/UnrealEngine/Common/DerivedDataCache/6/4/9/PHYSX_A08609EF508D460CBB6710540B03AACF_PHYSXPC_EF30CBB243AABF18128760BEEF50045__A7A21248CD96854CDC67FB88C8CD642B2468ED98.udd" 2553
"C:/Users/Murad/AppData/Local/UnrealEngine/Common/DerivedDataCache/8/2/7/NAVCOLLISION_2983273BE5D6425391E8C0B3D1C0A55D_NAVCOLLISION_X_EF30CBB243AABF181__4D5D75116F3E963DC686DCA3524691F132239054.udd" 2554
"C:/Users/Murad/AppData/Local/UnrealEngine/Common/DerivedDataCache/0/5/2/ANIMSEQ_D0E639028BB74237AD0F9775C097BB85_0_93A7185AEC5CC694C1251019C79021BD60E__6DFB1AF4796F55F8C6882ADB845EBED4DA27461B.udd" 2555
"C:/Users/Murad/AppData/Local/UnrealEngine/Common/DerivedDataCache/5/6/3/MATSM_0BA69734E4FD45E082FA4560DBE25454_PCD3D_SM5_8__BC5N_NOCCBN_NOIRIS_DEV_SL___93B6327F3B9A83246A91935A4E10D35F4CF4CD93.udd" 2556
"C:/Users/Murad/AppData/Local/UnrealEngine/Common/DerivedDataCache/2/4/4/STATICMESH_9CE2B6FB46754B699726C4AA1515F12E_228332BAE0224DD294E232B87D83948FQU__42CEC1AC0B4407341D0FF2DEA25301F46A85730D.udd" 2557
"C:/Users/Murad/AppData/Local/UnrealEngine/Common/DerivedDataCache/9/0/5/PHYSX_A08609EF508D460CBB6710540B03AACF_PHYSXPC_E585F67A470B27500635619AFA27B60__7A81F1748CD48A692E226DB8037417F232103D78.udd" 2558
"C:/Users/Murad/AppData/Local/UnrealEngine/Common/DerivedDataCache/1/8/4/NAVCOLLISION_2983273BE5D6425391E8C0B3D1C0A55D_NAVCOLLISION_X_E585F67A470B27500__A75BB803171CA9D8BB3770EC2BC43049D96161E7.udd" 2559
"C:/Users/Murad/AppData/Local/UnrealEngine/Common/DerivedDataCache/3/4/9/AUDIO_0005_0000_OGG10000$2D1$2D1$2D1$2D1$2D1_0004_2CEBFA854BF1B2506DF4B48557112D33.udd" 2560
"C:/Users/Murad/AppData/Local/UnrealEngine/Common/DerivedDataCache/2/5/6/ANIMSEQ_D0E639028BB74237AD0F9775C097BB85_0_6DC02F6700B3813319826FBF3650A45B60E__C2A29DAF1AA6451AFEAD538B89B4F1373E8C5927.udd" 2561
"C:/Users/Murad/AppData/Local/UnrealEngine/Common/DerivedDataCache/2/5/2/ANIMSEQ_D0E639028BB74237AD0F9775C097BB85_0_67A4CFC4FFBD01DED91427AAD4B68F1F60E__044205954A427EE0897BF625FC47A0C924F82A7D.udd" 2562
"C:/Users/Murad/AppData/Local/UnrealEngine/Common/DerivedDataCache/1/3/1/MATSM_0BA69734E4FD45E082FA4560DBE25454_PCD3D_SM5_8__BC5N_NOCCBN_NOIRIS_DEV_SL___FA06EB44DD3F7438049A32105425CE5709ECB7E4.udd" 2563
"C:/Users/Murad/AppData/Local/UnrealEngine/Common/DerivedDataCache/5/6/0/TEXTURE_E01F4250BECD420DA9CE63B5EECEC2C2_OODLE_AUTODXT_11_9CA85D304001926E6378__1748EDAEBE0FBA18CD6A88CEDD02EFED19D2D49E.udd" 2564
"C:/Users/Murad/AppData/Local/UnrealEngine/Common/DerivedDataCache/3/2/6/TEXTURE_E01F4250BECD420DA9CE63B5EECEC2C2_OODLE_AUTODXT_11_9CA85D304001926E6378__F392A49AD728308199EE0A091D672C3688A72DEB.udd" 2565
"C:/Users/Murad/AppData/Local/UnrealEngine/Common/DerivedDataCache/0/2/9/MATSM_0BA69734E4FD45E082FA4560DBE25454_PCD3D_SM5_8__BC5N_NOCCBN_NOIRIS_DEV_SL___035798027F8365C4901CDA9AA322EEB6EF4F8F46.udd" 2566
"C:/Users/Murad/AppData/Local/UnrealEngine/Common/DerivedDataCache/5/0/4/TEXTURE_E01F4250BECD420DA9CE63B5EECEC2C2_OODLE_AUTODXT_11_381AA6FA4D154A9700B5__95F4A401003FBA554D4946ED92B2ED6FE6459C26.udd" 2567
"C:/Users/Murad/AppData/Local/UnrealEngine/Common/DerivedDataCache/3/2/0/TEXTURE_E01F4250BECD420DA9CE63B5EECEC2C2_OODLE_AUTODXT_11_381AA6FA4D154A9700B5__04BFBA8E2F1F727A6A4164C80572D17CC99981E3.udd" 2568
"C:/Users/Murad/AppData/Local/UnrealEngine/Common/DerivedDataCache/2/2/5/TEXTURE_E01F4250BECD420DA9CE63B5EECEC2C2_OODLE_AUTODXT_11_381AA6FA4D154A9700B5__0480CFC91B64F7A46C2016611D93A081E9118E58.udd" 2569
"C:/Users/Murad/AppData/Local/UnrealEngine/Common/DerivedDataCache/5/2/9/MATSM_0BA69734E4FD45E082FA4560DBE25454_PCD3D_SM5_8__BC5N_NOCCBN_NOIRIS_DEV_SL___5DE532BA8FA254489AE91477615F32D72BA2DFE4.udd" 2570
"C:/Users/Murad/AppData/Local/UnrealEngine/Common/DerivedDataCache/8/9/0/TEXTURE_E01F4250BECD420DA9CE63B5EECEC2C2_OODLE_AUTODXT_11_572486284DBA11CEA01A__71B95FD7A5ACBC3571167B215E6F2BB73AFF4A16.udd" 2571
"C:/Users/Murad/AppData/Local/UnrealEngine/Common/DerivedDataCache/8/8/4/TEXTURE_E01F4250BECD420DA9CE63B5EECEC2C2_OODLE_AUTODXT_11_572486284DBA11CEA01A__3C5B4B287E1A480FB4A92429D27CC00398274AF7.udd" 2572
"C:/Users/Murad/AppData/Local/UnrealEngine/Common/DerivedDataCache/0/0/7/TEXTURE_E01F4250BECD420DA9CE63B5EECEC2C2_OODLE_AUTODXT_11_572486284DBA11CEA01A__AEF3105C71D46EA2E5D246C94A8273DFBEDFA25D.udd" 2573
"C:/Users/Murad/AppData/Local/UnrealEngine/Common/DerivedDataCache/0/6/6/TEXTURE_E01F4250BECD420DA9CE63B5EECEC2C2_OODLE_AUTODXT_11_572486284DBA11CEA01A__393B15896D0AD00B1257501EBAC4D1849DFBAF14.udd" 2574
"C:/Users/Murad/AppData/Local/UnrealEngine/Common/DerivedDataCache/0/2/6/MATSM_0BA69734E4FD45E082FA4560DBE25454_PCD3D_SM5_8__BC5N_NOCCBN_NOIRIS_DEV_SL___D48C35DD8C7436281EC8C7AF2CD904EDF20AFE4D.udd" 2575
"C:/Users/Murad/AppData/Local/UnrealEngine/Common/DerivedDataCache/7/8/4/MATSM_0BA69734E4FD45E082FA4560DBE25454_PCD3D_SM5_8__BC5N_NOCCBN_NOIRIS_DEV_SL___64ADE00D46CCF0C60DD460BF15E61DF2A6F6E023.udd" 2576
"C:/Users/Murad/AppData/Local/UnrealEngine/Common/DerivedDataCache/5/4/7/TEXTURE_E01F4250BECD420DA9CE63B5EECEC2C2_OODLE_AUTODXT_11_35F5E04F44A533E9F2CE__F839935B70AAE41F0DADDDE21C1D9EE095795126.udd" 2577
"C:/Users/Murad/AppData/Local/UnrealEngine/Common/DerivedDataCache/6/7/0/TEXTURE_E01F4250BECD420DA9CE63B5EECEC2C2_OODLE_AUTODXT_11_7570E18B41AC085DE8C8__8F355765AD7F64945587119CFD3EA9CB84C76181.udd" 2578
"C:/Users/Murad/AppData/Local/UnrealEngine/Common/DerivedDataCache/9/4/9/TEXTURE_E01F4250BECD420DA9CE63B5EECEC2C2_OODLE_AUTODXT_11_7570E18B41AC085DE8C8__7400EB58FD265BB13FB3EAC10B2D61A368E5758B.udd" 2579
"C:/Users/Murad/AppData/Local/UnrealEngine/Common/DerivedDataCache/3/0/8/TEXTURE_E01F4250BECD420DA9CE63B5EECEC2C2_OODLE_AUTODXT_11_A75C96764966D847EFF5__D800B1A2BAB219889C680EE7DD70B322C8C41508.udd" 2580
"C:/Users/Murad/AppData/Local/UnrealEngine/Common/DerivedDataCache/3/4/6/STREAMEDAUDIO_BC6E92FBBD314E3B9B9EC6778749EB5E_OGG10000$2D1$2D1$2D1$2D1$2D1_4_2CEBFA854BF1B2506DF4B48557112D33.udd" 2581
"C:/Users/Murad/AppData/Local/UnrealEngine/Common/DerivedDataCache/1/3/4/MATSM_0BA69734E4FD45E082FA4560DBE25454_PCD3D_SM5_8__BC5N_NOCCBN_NOIRIS_DEV_SL___FC94916B7C63F24BC614E25558F0FCBA0592964A.udd" 2582
"C:/Users/Murad/AppData/Local/UnrealEngine/Common/DerivedDataCache/8/4/0/TEXTURE_E01F4250BECD420DA9CE63B5EECEC2C2_OODLE_AUTODXT_11_83EECF464BD23DE21C98__1EF2672B953C3DE73750E4DC8D190DAC7C66D738.udd" 2583
"C:/Users/Murad/AppData/Local/UnrealEngine/Common/DerivedDataCache/5/5/6/TEXTURE_E01F4250BECD420DA9CE63B5EECEC2C2_OODLE_AUTODXT_11_83EECF464BD23DE21C98__5F2A6B004687935EDA12D7C1CB0B1F8263A624F9.udd" 2584
"C:/Users/Murad/AppData/Local/UnrealEngine/Common/DerivedDataCache/0/0/1/TEXTURE_E01F4250BECD420DA9CE63B5EECEC2C2_OODLE_AUTODXT_11_83EECF464BD23DE21C98__94403CDC9F41BBBDE0C179A0708EBFFB766F6C54.udd" 2585
"C:/Users/Murad/AppData/Local/UnrealEngine/Common/DerivedDataCache/8/7/8/TEXTURE_E01F4250BECD420DA9CE63B5EECEC2C2_OODLE_AUTODXT_11_83EECF464BD23DE21C98__913E22B0502DE22DE6D68C810C936C2437C5A8ED.udd" 2586
"C:/Users/Murad/AppData/Local/UnrealEngine/Common/DerivedDataCache/9/3/0/TEXTURE_E01F4250BECD420DA9CE63B5EECEC2C2_OODLE_AUTODXT_11_83EECF464BD23DE21C98__C5EF9D4B3BADBF23F3AB1E5DCCEA2E4AA2718599.udd" 2587
"C:/Users/Murad/AppData/Local/UnrealEngine/Common/DerivedDataCache/8/1/1/TEXTURE_E01F4250BECD420DA9CE63B5EECEC2C2_OODLE_AUTODXT_11_83EECF464BD23DE21C98__73EF47A3087A2C7870F47A2E5CA3B6EABAB528B1.udd" 2588
"C:/Users/Murad/AppData/Local/UnrealEngine/Common/DerivedDataCache/5/4/2/MATSM_0BA69734E4FD45E082FA4560DBE25454_PCD3D_SM5_8__BC5N_NOCCBN_NOIRIS_DEV_SL___63B2B02892884CC0CD3AF23647290507E08B1AF9.udd" 2589
"C:/Users/Murad/AppData/Local/UnrealEngine/Common/DerivedDataCache/9/6/2/TEXTURE_E01F4250BECD420DA9CE63B5EECEC2C2_OODLE_BC5_11_111B59AA4BC77DBF60220F99__CB4BCDC505587D72CFD0F73AC9AEF1A2D122B6EE.udd" 2590
"C:/Users/Murad/AppData/Local/UnrealEngine/Common/DerivedDataCache/9/8/9/TEXTURE_E01F4250BECD420DA9CE63B5EECEC2C2_OODLE_AUTODXT_11_2235573F4BA19A6922B3__FE5DE9F28547D350BEE4EDF3473C3FA87CD4229C.udd" 2591
"C:/Users/Murad/AppData/Local/UnrealEngine/Common/DerivedDataCache/7/2/4/TEXTURE_E01F4250BECD420DA9CE63B5EECEC2C2_OODLE_AUTODXT_11_2235573F4BA19A6922B3__6C51019B70CDEC8324D1314B0DC19DAD36DBC35B.udd" 2592
"C:/Users/Murad/AppData/Local/UnrealEngine/Common/DerivedDataCache/5/8/0/MATSM_0BA69734E4FD45E082FA4560DBE25454_PCD3D_SM5_8__BC5N_NOCCBN_NOIRIS_DEV_SL___34B8F62AEF081DFF60A05C069E95308654CEB672.udd" 2593
"C:/Users/Murad/AppData/Local/UnrealEngine/Common/DerivedDataCache/5/6/9/TEXTURE_E01F4250BECD420DA9CE63B5EECEC2C2_OODLE_AUTODXT_11_92E1782A438C0982C7AA__C2FFF150FA04C5F5CE31978AAB7F76F3F1DBA11F.udd" 2594
"C:/Users/Murad/AppData/Local/UnrealEngine/Common/DerivedDataCache/8/2/5/TEXTURE_E01F4250BECD420DA9CE63B5EECEC2C2_OODLE_AUTODXT_11_92E1782A438C0982C7AA__BD049C6CA7B1C8DD1B1F2057BE67BF6E1C308E00.udd" 2595
"C:/Users/Murad/AppData/Local/UnrealEngine/Common/DerivedDataCache/6/1/1/MATSM_0BA69734E4FD45E082FA4560DBE25454_PCD3D_SM5_8__BC5N_NOCCBN_NOIRIS_DEV_SL___961574BE195E7B99E805B8B90C41987D9C1131DC.udd" 2596
"C:/Users/Murad/AppData/Local/UnrealEngine/Common/DerivedDataCache/9/5/6/TEXTURE_E01F4250BECD420DA9CE63B5EECEC2C2_OODLE_AUTODXT_11_D5FDF6F042B35BFA8ECD__4D069D8C4CF8CA99DF3057BE68393E5D8D6752E1.udd" 2597
"C:/Users/Murad/AppData/Local/UnrealEngine/Common/DerivedDataCache/5/6/1/TEXTURE_E01F4250BECD420DA9CE63B5EECEC2C2_OODLE_AUTODXT_11_D5FDF6F042B35BFA8ECD__C99ECDC289FB4C05E46BF2C21DD602BA99D1D97F.udd" 2598
"C:/Users/Murad/AppData/Local/UnrealEngine/Common/DerivedDataCache/3/0/6/TEXTURE_E01F4250BECD420DA9CE63B5EECEC2C2_OODLE_AUTODXT_11_D5FDF6F042B35BFA8ECD__7C0511202FC5DBAD914086AE41109B217B784FF2.udd" 2599
"C:/Users/Murad/AppData/Local/UnrealEngine/Common/DerivedDataCache/6/0/1/TEXTURE_E01F4250BECD420DA9CE63B5EECEC2C2_OODLE_AUTODXT_11_D5FDF6F042B35BFA8ECD__CC6273C13F6D7692FB2A031478DACC872D913D72.udd" 2600
"C:/Users/Murad/AppData/Local/UnrealEngine/Common/DerivedDataCache/0/7/2/TEXTURE_E01F4250BECD420DA9CE63B5EECEC2C2_OODLE_AUTODXT_11_D5FDF6F042B35BFA8ECD__276AB864AA17B078AF46662090D856B0FDE3E6FC.udd" 2601
"C:/Users/Murad/AppData/Local/UnrealEngine/Common/DerivedDataCache/6/1/9/TEXTURE_E01F4250BECD420DA9CE63B5EECEC2C2_OODLE_AUTODXT_11_D5FDF6F042B35BFA8ECD__7ED57F37901C2F4B03263693A22D8CAA7B201355.udd" 2602
"C:/Users/Murad/AppData/Local/UnrealEngine/Common/DerivedDataCache/2/6/6/TEXTURE_E01F4250BECD420DA9CE63B5EECEC2C2_OODLE_BC5_11_88ED5EE54C7FD5553D0F1BA9__AFF354A9464DB3C5F2A9FCC5B0EAEFB95733D5B5.udd" 2603
"C:/Users/Murad/AppData/Local/UnrealEngine/Common/DerivedDataCache/4/9/5/TEXTURE_E01F4250BECD420DA9CE63B5EECEC2C2_OODLE_BC5_11_88ED5EE54C7FD5553D0F1BA9__2AB0F7611575BEE91FB7068229FA5C4033ACCE3E.udd" 2604
"C:/Users/Murad/AppData/Local/UnrealEngine/Common/DerivedDataCache/9/9/1/TEXTURE_E01F4250BECD420DA9CE63B5EECEC2C2_OODLE_BC5_11_88ED5EE54C7FD5553D0F1BA9__814B4CE0752D5D77CF26ABAD09B3EAFE518DFD27.udd" 2605
"C:/Users/Murad/AppData/Local/UnrealEngine/Common/DerivedDataCache/8/6/1/TEXTURE_E01F4250BECD420DA9CE63B5EECEC2C2_OODLE_BC5_11_88ED5EE54C7FD5553D0F1BA9__C87A2BF34B7F282E5A8FB8FDC28552769F12E1E9.udd" 2606
"C:/Users/Murad/AppData/Local/UnrealEngine/Common/DerivedDataCache/5/4/1/MATSM_0BA69734E4FD45E082FA4560DBE25454_PCD3D_SM5_8__BC5N_NOCCBN_NOIRIS_DEV_SL___A77350F31D3F5DC666DF6F59705E4B3D50DAC728.udd" 2607
"C:/Users/Murad/AppData/Local/UnrealEngine/Common/DerivedDataCache/9/8/2/MATSM_0BA69734E4FD45E082FA4560DBE25454_PCD3D_SM5_8__BC5N_NOCCBN_NOIRIS_DEV_SL___DB9B3E2C9E8E738C0B604E7E37DAF0F1A88A0266.udd" 2608
"C:/Users/Murad/AppData/Local/UnrealEngine/Common/DerivedDataCache/6/8/7/TEXTURE_E01F4250BECD420DA9CE63B5EECEC2C2_OODLE_BC5_11_10E5FB2C490C9713E2803BAA__CE8AED28DFE20241414B6814FEE74E194F497F7D.udd" 2609
"C:/Users/Murad/AppData/Local/UnrealEngine/Common/DerivedDataCache/7/2/4/TEXTURE_E01F4250BECD420DA9CE63B5EECEC2C2_OODLE_BC5_11_10E5FB2C490C9713E2803BAA__7B7423C13A94CA48F6AB59FD6893585CBAC4C098.udd" 2610
"C:/Users/Murad/AppData/Local/UnrealEngine/Common/DerivedDataCache/8/9/3/TEXTURE_E01F4250BECD420DA9CE63B5EECEC2C2_OODLE_BC5_11_10E5FB2C490C9713E2803BAA__122453267724486CB5A4B50D691735405E064959.udd" 2611
"C:/Users/Murad/AppData/Local/UnrealEngine/Common/DerivedDataCache/4/5/1/TEXTURE_E01F4250BECD420DA9CE63B5EECEC2C2_OODLE_BC5_11_10E5FB2C490C9713E2803BAA__162D3EC43D69511FEA96B85BE7E699171030ABE1.udd" 2612
"C:/Users/Murad/AppData/Local/UnrealEngine/Common/DerivedDataCache/6/5/8/TEXTURE_E01F4250BECD420DA9CE63B5EECEC2C2_OODLE_BC5_11_10E5FB2C490C9713E2803BAA__18A68E7778B54CAEEA8DB49235EF9F361E598903.udd" 2613
"C:/Users/Murad/AppData/Local/UnrealEngine/Common/DerivedDataCache/7/5/4/TEXTURE_E01F4250BECD420DA9CE63B5EECEC2C2_OODLE_BC5_11_10E5FB2C490C9713E2803BAA__4C925F87062BD9A91CD80AB504DF8D4046723BBB.udd" 2614
"C:/Users/Murad/AppData/Local/UnrealEngine/Common/DerivedDataCache/3/6/1/TEXTURE_E01F4250BECD420DA9CE63B5EECEC2C2_OODLE_AUTODXT_11_ABE062AA4D9AB48068D8__8903763453B8A74918E5EA3CAC7D9024BA1C7E34.udd" 2615
"C:/Users/Murad/AppData/Local/UnrealEngine/Common/DerivedDataCache/6/9/9/TEXTURE_E01F4250BECD420DA9CE63B5EECEC2C2_OODLE_AUTODXT_11_ABE062AA4D9AB48068D8__64C9F75F4550AA947BE75FC428B32D5F480E5FBC.udd" 2616
"C:/Users/Murad/AppData/Local/UnrealEngine/Common/DerivedDataCache/9/0/1/TEXTURE_E01F4250BECD420DA9CE63B5EECEC2C2_OODLE_AUTODXT_11_ABE062AA4D9AB48068D8__537CF3974F42CEF7722DFC11426C0FCF80A7EB8C.udd" 2617
"C:/Users/Murad/AppData/Local/UnrealEngine/Common/DerivedDataCache/6/1/0/TEXTURE_E01F4250BECD420DA9CE63B5EECEC2C2_OODLE_AUTODXT_11_ABE062AA4D9AB48068D8__10C9A10F45001F052460805D0CA91B6969F92652.udd" 2618
"C:/Users/Murad/AppData/Local/UnrealEngine/Common/DerivedDataCache/5/0/2/TEXTURE_E01F4250BECD420DA9CE63B5EECEC2C2_OODLE_AUTODXT_11_ABE062AA4D9AB48068D8__3C340591808AF2593DC7446991EC595134DFF277.udd" 2619
"C:/Users/Murad/AppData/Local/UnrealEngine/Common/DerivedDataCache/1/2/7/TEXTURE_E01F4250BECD420DA9CE63B5EECEC2C2_OODLE_AUTODXT_11_ABE062AA4D9AB48068D8__6678CE50AB10FBF38D85FCCC2FC88B459818BDA4.udd" 2620
"C:/Users/Murad/AppData/Local/UnrealEngine/Common/DerivedDataCache/1/9/8/TEXTURE_E01F4250BECD420DA9CE63B5EECEC2C2_OODLE_AUTODXT_11_514F200F45A4C393C8D2__ED8B641BD81CC3579C1C386E1FAEB07956D2CDFA.udd" 2621
"C:/Users/Murad/AppData/Local/UnrealEngine/Common/DerivedDataCache/7/6/9/TEXTURE_E01F4250BECD420DA9CE63B5EECEC2C2_OODLE_AUTODXT_11_514F200F45A4C393C8D2__B6EA562C691FBB8FEDB1AA0069EB03CCA9FE5EC9.udd" 2622
"C:/Users/Murad/AppData/Local/UnrealEngine/Common/DerivedDataCache/2/0/0/TEXTURE_E01F4250BECD420DA9CE63B5EECEC2C2_OODLE_AUTODXT_11_514F200F45A4C393C8D2__F9C42CB0074D69010E7DA952CB10023007AFD181.udd" 2623
"C:/Users/Murad/AppData/Local/UnrealEngine/Common/DerivedDataCache/6/7/1/TEXTURE_E01F4250BECD420DA9CE63B5EECEC2C2_OODLE_AUTODXT_11_514F200F45A4C393C8D2__5DEAC8CF19EBAB62AD4BE6D9FDCFB0E0D41941A2.udd" 2624
"C:/Users/Murad/AppData/Local/UnrealEngine/Common/DerivedDataCache/0/2/5/TEXTURE_E01F4250BECD420DA9CE63B5EECEC2C2_OODLE_AUTODXT_11_514F200F45A4C393C8D2__A40ECC3A4EDB5EFDE88D021B4A692C8C6DD9898D.udd" 2625
"C:/Users/Murad/AppData/Local/UnrealEngine/Common/DerivedDataCache/9/6/4/TEXTURE_E01F4250BECD420DA9CE63B5EECEC2C2_OODLE_AUTODXT_11_514F200F45A4C393C8D2__3B45366177AC47D541AFAFE25E7C07424B66ADA2.udd" 2626
"C:/Users/Murad/AppData/Local/UnrealEngine/Common/DerivedDataCache/3/8/4/TEXTURE_E01F4250BECD420DA9CE63B5EECEC2C2_OODLE_AUTODXT_11_B8B739C24C63791D961A__74FEE5CCB3A63AC6536A5F974A2DB8CD19C5F272.udd" 2627
"C:/Users/Murad/AppData/Local/UnrealEngine/Common/DerivedDataCache/6/3/9/TEXTURE_E01F4250BECD420DA9CE63B5EECEC2C2_OODLE_AUTODXT_11_B8B739C24C63791D961A__D49A22E67A4AFD47D6F6649477DC1A28A1BF9404.udd" 2628
"C:/Users/Murad/AppData/Local/UnrealEngine/Common/DerivedDataCache/9/1/6/TEXTURE_E01F4250BECD420DA9CE63B5EECEC2C2_OODLE_AUTODXT_11_B8B739C24C63791D961A__6D01AD5F7B259F9830A56D4F0D401C3DFB3BCD7B.udd" 2629
"C:/Users/Murad/AppData/Local/UnrealEngine/Common/DerivedDataCache/4/7/3/TEXTURE_E01F4250BECD420DA9CE63B5EECEC2C2_OODLE_AUTODXT_11_B8B739C24C63791D961A__C45790F87554B91D7C8C6FF43EF639057C85542E.udd" 2630
"C:/Users/Murad/AppData/Local/UnrealEngine/Common/DerivedDataCache/7/9/3/TEXTURE_E01F4250BECD420DA9CE63B5EECEC2C2_OODLE_AUTODXT_11_B8B739C24C63791D961A__3CA73E435296AE9A623491A3BAC00771F825ECB4.udd" 2631
"C:/Users/Murad/AppData/Local/UnrealEngine/Common/DerivedDataCache/6/8/2/TEXTURE_E01F4250BECD420DA9CE63B5EECEC2C2_OODLE_BC5_11_DB2F905847D55D306C536F87__517F47DED37B582EC9E5DDDF533FE2441C1231F0.udd" 2632
"C:/Users/Murad/AppData/Local/UnrealEngine/Common/DerivedDataCache/3/9/8/TEXTURE_E01F4250BECD420DA9CE63B5EECEC2C2_OODLE_BC5_11_DB2F905847D55D306C536F87__CB6F967FBBE2419080E1E97CEC3292BE2952210F.udd" 2633
"C:/Users/Murad/AppData/Local/UnrealEngine/Common/DerivedDataCache/7/5/1/TEXTURE_E01F4250BECD420DA9CE63B5EECEC2C2_OODLE_BC5_11_DB2F905847D55D306C536F87__402A8216E4E0D06912FBD44CA8085A8AD55AD078.udd" 2634
"C:/Users/Murad/AppData/Local/UnrealEngine/Common/DerivedDataCache/4/7/5/TEXTURE_E01F4250BECD420DA9CE63B5EECEC2C2_OODLE_BC5_11_DB2F905847D55D306C536F87__57A0FAD41DAB7D870D8EAEAB75BD4DD7C73C3947.udd" 2635
"C:/Users/Murad/AppData/Local/UnrealEngine/Common/DerivedDataCache/7/4/1/TEXTURE_E01F4250BECD420DA9CE63B5EECEC2C2_OODLE_BC5_11_DB2F905847D55D306C536F87__376091E525532E026F98C1C04B3E9A03E23EA878.udd" 2636
"C:/Users/Murad/AppData/Local/UnrealEngine/Common/DerivedDataCache/2/5/8/TEXTURE_E01F4250BECD420DA9CE63B5EECEC2C2_OODLE_BC5_11_DB2F905847D55D306C536F87__5E114D7151DEB8120F7D59CC5C10EE893E319873.udd" 2637
"C:/Users/Murad/AppData/Local/UnrealEngine/Common/DerivedDataCache/6/9/4/TEXTURE_E01F4250BECD420DA9CE63B5EECEC2C2_OODLE_AUTODXT_11_88CB092749F2EA5B25C1__6AD42C9503CE1E3CA90DA03640A83C05A8F16087.udd" 2638
"C:/Users/Murad/AppData/Local/UnrealEngine/Common/DerivedDataCache/2/4/7/TEXTURE_E01F4250BECD420DA9CE63B5EECEC2C2_OODLE_AUTODXT_11_88CB092749F2EA5B25C1__FD6E9F302DBF9BE4E9C2EDD550B783C0C56E1E78.udd" 2639
"C:/Users/Murad/AppData/Local/UnrealEngine/Common/DerivedDataCache/4/0/3/TEXTURE_E01F4250BECD420DA9CE63B5EECEC2C2_OODLE_AUTODXT_11_88CB092749F2EA5B25C1__2957E6D54A32B4EE2F157EEE629A14A5B4CB7747.udd" 2640
"C:/Users/Murad/AppData/Local/UnrealEngine/Common/DerivedDataCache/9/4/7/TEXTURE_E01F4250BECD420DA9CE63B5EECEC2C2_OODLE_AUTODXT_11_88CB092749F2EA5B25C1__D020208345D3D44216EED0524DD7D3D06683C34C.udd" 2641
"C:/Users/Murad/AppData/Local/UnrealEngine/Common/DerivedDataCache/1/7/0/TEXTURE_E01F4250BECD420DA9CE63B5EECEC2C2_OODLE_AUTODXT_11_88CB092749F2EA5B25C1__1AD988AF4523F729F33C8F9CE451ECAE9529EEC1.udd" 2642
"C:/Users/Murad/AppData/Local/UnrealEngine/Common/DerivedDataCache/5/5/3/TEXTURE_E01F4250BECD420DA9CE63B5EECEC2C2_OODLE_AUTODXT_11_88CB092749F2EA5B25C1__664D0778A1A280C7B5D4651F9608BF679E51FF0C.udd" 2643
"C:/Users/Murad/AppData/Local/UnrealEngine/Common/DerivedDataCache/2/3/5/TEXTURE_E01F4250BECD420DA9CE63B5EECEC2C2_OODLE_AUTODXT_11_B5D9A5D040611B4C99CD__100213EB3D6F4FB659C4AC5484FB865C92E3CBBF.udd" 2644
"C:/Users/Murad/AppData/Local/UnrealEngine/Common/DerivedDataCache/1/9/2/TEXTURE_E01F4250BECD420DA9CE63B5EECEC2C2_OODLE_AUTODXT_11_B5D9A5D040611B4C99CD__9C8BBEE3AB100B3AD0190B889DCF84CED4616C46.udd" 2645
"C:/Users/Murad/AppData/Local/UnrealEngine/Common/DerivedDataCache/9/3/6/TEXTURE_E01F4250BECD420DA9CE63B5EECEC2C2_OODLE_AUTODXT_11_B5D9A5D040611B4C99CD__411569EAF0459FD8CA5729AF0B4ECF9F729BBA3C.udd" 2646
"C:/Users/Murad/AppData/Local/UnrealEngine/Common/DerivedDataCache/7/8/2/TEXTURE_E01F4250BECD420DA9CE63B5EECEC2C2_OODLE_AUTODXT_11_B5D9A5D040611B4C99CD__A4107367BA5EE6C0072E40C23C2C84C1DB537906.udd" 2647
"C:/Users/Murad/AppData/Local/UnrealEngine/Common/DerivedDataCache/8/4/5/TEXTURE_E01F4250BECD420DA9CE63B5EECEC2C2_OODLE_AUTODXT_11_B5D9A5D040611B4C99CD__BCE9775B19F6C2C1D85E7B99C74B1BCDCEEE4118.udd" 2648
"C:/Users/Murad/AppData/Local/UnrealEngine/Common/DerivedDataCache/8/8/1/TEXTURE_E01F4250BECD420DA9CE63B5EECEC2C2_OODLE_AUTODXT_11_B5D9A5D040611B4C99CD__7AC64D2D092D471FB28FC29D8496425FD952B6AA.udd" 2649
"C:/Users/Murad/AppData/Local/UnrealEngine/Common/DerivedDataCache/1/9/1/MATSM_0BA69734E4FD45E082FA4560DBE25454_PCD3D_SM5_8__BC5N_NOCCBN_NOIRIS_DEV_SL___5875240626B6A8A5F091799F94CE3F1CD85B559B.udd" 2650
"C:/Users/Murad/AppData/Local/UnrealEngine/Common/DerivedDataCache/9/6/9/TEXTURE_E01F4250BECD420DA9CE63B5EECEC2C2_OODLE_BC5_11_F9B07FE347DAB092D106CB99__F0DD30BD41A5B379A00A3118CC1DBAE67EC10CE7.udd" 2651
"C:/Users/Murad/AppData/Local/UnrealEngine/Common/DerivedDataCache/4/5/9/TEXTURE_E01F4250BECD420DA9CE63B5EECEC2C2_OODLE_BC5_11_F9B07FE347DAB092D106CB99__9E32E8426888B05616A1361E7FD494C2689C115D.udd" 2652
"C:/Users/Murad/AppData/Local/UnrealEngine/Common/DerivedDataCache/9/7/8/TEXTURE_E01F4250BECD420DA9CE63B5EECEC2C2_OODLE_BC5_11_F9B07FE347DAB092D106CB99__70F2C54E346EED00E6ADA7577D23134DB1484B86.udd" 2653
"C:/Users/Murad/AppData/Local/UnrealEngine/Common/DerivedDataCache/9/7/3/TEXTURE_E01F4250BECD420DA9CE63B5EECEC2C2_OODLE_AUTODXT_11_8176709141107B0063B1__588B2864754B8D4362C12C9F07D81103CDFFD33D.udd" 2654
"C:/Users/Murad/AppData/Local/UnrealEngine/Common/DerivedDataCache/0/5/8/TEXTURE_E01F4250BECD420DA9CE63B5EECEC2C2_OODLE_AUTODXT_11_8176709141107B0063B1__C184BD3DDB2AEBD4819D71758E031D0E8EDC3356.udd" 2655
"C:/Users/Murad/AppData/Local/UnrealEngine/Common/DerivedDataCache/2/7/0/TEXTURE_E01F4250BECD420DA9CE63B5EECEC2C2_OODLE_AUTODXT_11_8176709141107B0063B1__15ADB0ACC71BB49AF738B57BEAB7ED3FCBAFBA57.udd" 2656
"C:/Users/Murad/AppData/Local/UnrealEngine/Common/DerivedDataCache/6/6/0/TEXTURE_E01F4250BECD420DA9CE63B5EECEC2C2_OODLE_AUTODXT_11_C2C6245F4EF8FE498D23__5E55D132E7FED1489194130AB3C13C858B79DF14.udd" 2657
"C:/Users/Murad/AppData/Local/UnrealEngine/Common/DerivedDataCache/1/9/2/TEXTURE_E01F4250BECD420DA9CE63B5EECEC2C2_OODLE_AUTODXT_11_C2C6245F4EF8FE498D23__853820E08429366243161B55531B4596153FE9AC.udd" 2658
"C:/Users/Murad/AppData/Local/UnrealEngine/Common/DerivedDataCache/9/0/2/TEXTURE_E01F4250BECD420DA9CE63B5EECEC2C2_OODLE_AUTODXT_11_C2C6245F4EF8FE498D23__19959ADF77967D9AA278753A79CE03B782B26621.udd" 2659
"C:/Users/Murad/AppData/Local/UnrealEngine/Common/DerivedDataCache/3/2/9/TEXTURE_E01F4250BECD420DA9CE63B5EECEC2C2_OODLE_BC5_11_3026FB39446FAF523651F9AB__E7010832B216BFDA6145DEC14C40FF202175AF9D.udd" 2660
"C:/Users/Murad/AppData/Local/UnrealEngine/Common/DerivedDataCache/2/2/8/TEXTURE_E01F4250BECD420DA9CE63B5EECEC2C2_OODLE_BC5_11_3026FB39446FAF523651F9AB__AEB1827333DA7A40C2AF61821C5FD01164CCC4FA.udd" 2661
"C:/Users/Murad/AppData/Local/UnrealEngine/Common/DerivedDataCache/2/8/7/TEXTURE_E01F4250BECD420DA9CE63B5EECEC2C2_OODLE_BC5_11_3026FB39446FAF523651F9AB__B6F4FCEDEBBE4DFE5FC340ADAC5E73FED3BF4FAB.udd" 2662
"C:/Users/Murad/AppData/Local/UnrealEngine/Common/DerivedDataCache/8/5/7/TEXTURE_E01F4250BECD420DA9CE63B5EECEC2C2_OODLE_BC5_11_3026FB39446FAF523651F9AB__E4C46A1554D3AC0A523A738DCDEF17D4AFCD030E.udd" 2663
"C:/Users/Murad/AppData/Local/UnrealEngine/Common/DerivedDataCache/8/3/2/TEXTURE_E01F4250BECD420DA9CE63B5EECEC2C2_OODLE_BC5_11_3026FB39446FAF523651F9AB__4C1082679D6FA806633A478C4114624F9A4F8DAB.udd" 2664
"C:/Users/Murad/AppData/Local/UnrealEngine/Common/DerivedDataCache/3/4/1/TEXTURE_E01F4250BECD420DA9CE63B5EECEC2C2_OODLE_BC5_11_3026FB39446FAF523651F9AB__70C9D64E1F82546FE0BF5FDB5CA5F2AD8A523AF0.udd" 2665
"C:/Users/Murad/AppData/Local/UnrealEngine/Common/DerivedDataCache/8/7/9/TEXTURE_E01F4250BECD420DA9CE63B5EECEC2C2_OODLE_AUTODXT_11_95BF13894A0AD878B07A__6292E316825D086BF548039828007A7B587FA706.udd" 2666
"C:/Users/Murad/AppData/Local/UnrealEngine/Common/DerivedDataCache/2/2/0/TEXTURE_E01F4250BECD420DA9CE63B5EECEC2C2_OODLE_AUTODXT_11_95BF13894A0AD878B07A__CF5B71EB5DB19B809D1EF9F2358227B58CD81484.udd" 2667
"C:/Users/Murad/AppData/Local/UnrealEngine/Common/DerivedDataCache/9/1/2/TEXTURE_E01F4250BECD420DA9CE63B5EECEC2C2_OODLE_AUTODXT_11_95BF13894A0AD878B07A__45D15C419EF1B533C52867D96025506E3DA9CBCD.udd" 2668
"C:/Users/Murad/AppData/Local/UnrealEngine/Common/DerivedDataCache/5/7/3/TEXTURE_E01F4250BECD420DA9CE63B5EECEC2C2_OODLE_AUTODXT_11_95BF13894A0AD878B07A__C2CD7099C11195FDB96A28507C9D9B575EEF9256.udd" 2669
"C:/Users/Murad/AppData/Local/UnrealEngine/Common/DerivedDataCache/1/6/4/TEXTURE_E01F4250BECD420DA9CE63B5EECEC2C2_OODLE_AUTODXT_11_95BF13894A0AD878B07A__7B19E962FD77BC93C2022D3F9D087A329A91F3CA.udd" 2670
"C:/Users/Murad/AppData/Local/UnrealEngine/Common/DerivedDataCache/5/9/1/TEXTURE_E01F4250BECD420DA9CE63B5EECEC2C2_OODLE_AUTODXT_11_95BF13894A0AD878B07A__BF4E3EC346262A22E74BF6421C449695DF2C2D05.udd" 2671
"C:/Users/Murad/AppData/Local/UnrealEngine/Common/DerivedDataCache/7/9/4/TEXTURE_E01F4250BECD420DA9CE63B5EECEC2C2_OODLE_DXT1_11_B99E352E4B77FDC1DAE39A9__A3A9CA6CD46C65B2FAAEF823A7C8A0EB00176921.udd" 2672
"C:/Users/Murad/AppData/Local/UnrealEngine/Common/DerivedDataCache/0/0/2/TEXTURE_E01F4250BECD420DA9CE63B5EECEC2C2_OODLE_DXT1_11_B99E352E4B77FDC1DAE39A9__5ADF4E6FFD6DD71998EAEFB3FF0D5DE7D31FD5AF.udd" 2673
"C:/Users/Murad/AppData/Local/UnrealEngine/Common/DerivedDataCache/1/2/4/TEXTURE_E01F4250BECD420DA9CE63B5EECEC2C2_OODLE_DXT1_11_B99E352E4B77FDC1DAE39A9__1ECE027750B0310E43DD0A4B8D258B50999CEA4A.udd" 2674
"C:/Users/Murad/AppData/Local/UnrealEngine/Common/DerivedDataCache/8/6/8/TEXTURE_E01F4250BECD420DA9CE63B5EECEC2C2_OODLE_DXT1_11_B99E352E4B77FDC1DAE39A9__9B56940580638058F379773A0BD9B5E3505AF76A.udd" 2675
"C:/Users/Murad/AppData/Local/UnrealEngine/Common/DerivedDataCache/5/3/9/TEXTURE_E01F4250BECD420DA9CE63B5EECEC2C2_OODLE_DXT1_11_B99E352E4B77FDC1DAE39A9__69B77B5A6839F1019BB62C16BFF060B1AE99B00E.udd" 2676
"C:/Users/Murad/AppData/Local/UnrealEngine/Common/DerivedDataCache/0/3/5/TEXTURE_E01F4250BECD420DA9CE63B5EECEC2C2_OODLE_DXT1_11_B99E352E4B77FDC1DAE39A9__20C9CFCBBF7DDBA7CEF32FEEF65DD92DDD9BF08A.udd" 2677
"C:/Users/Murad/AppData/Local/UnrealEngine/Common/DerivedDataCache/7/0/1/MATSM_0BA69734E4FD45E082FA4560DBE25454_PCD3D_SM5_8__BC5N_NOCCBN_NOIRIS_DEV_SL___0D2EB5EDFA3A3EAC4FD2C5266E07FE49EE04829A.udd" 2678
"C:/Users/Murad/AppData/Local/UnrealEngine/Common/DerivedDataCache/4/6/3/MATSM_0BA69734E4FD45E082FA4560DBE25454_PCD3D_SM5_8__BC5N_NOCCBN_NOIRIS_DEV_SL___7ACF3BC5C89CC76A367065A28A366301461A8B67.udd" 2679
"C:/Users/Murad/AppData/Local/UnrealEngine/Common/DerivedDataCache/5/7/5/TEXTURE_E01F4250BECD420DA9CE63B5EECEC2C2_OODLE_BC5_11_FE649EC847FBA80D886E3194__6E6FDA644D47193ACF262A936A1F5B27B627212C.udd" 2680
"C:/Users/Murad/AppData/Local/UnrealEngine/Common/DerivedDataCache/3/2/5/TEXTURE_E01F4250BECD420DA9CE63B5EECEC2C2_OODLE_BC5_11_FE649EC847FBA80D886E3194__7134B7B05D11724B2D3FBFB9F31629C440A60592.udd" 2681
"C:/Users/Murad/AppData/Local/UnrealEngine/Common/DerivedDataCache/2/8/4/TEXTURE_E01F4250BECD420DA9CE63B5EECEC2C2_OODLE_BC5_11_FE649EC847FBA80D886E3194__D8DDD2348FF7626DFA1D4C45BCA01B5423D373E9.udd" 2682
"C:/Users/Murad/AppData/Local/UnrealEngine/Common/DerivedDataCache/7/6/0/TEXTURE_E01F4250BECD420DA9CE63B5EECEC2C2_OODLE_BC5_11_FE649EC847FBA80D886E3194__4D7C0DC9F0B299E38C22977EBB87D875E31ADFD6.udd" 2683
"C:/Users/Murad/AppData/Local/UnrealEngine/Common/DerivedDataCache/0/7/0/TEXTURE_E01F4250BECD420DA9CE63B5EECEC2C2_OODLE_BC5_11_FE649EC847FBA80D886E3194__447AC064D09E3AAB89DE2B1596AFD0EE8E6DE601.udd" 2684
"C:/Users/Murad/AppData/Local/UnrealEngine/Common/DerivedDataCache/5/6/2/TEXTURE_E01F4250BECD420DA9CE63B5EECEC2C2_OODLE_BC5_11_FE649EC847FBA80D886E3194__E67B4F8126A703B3EBB2EF4036D52D30E0D8B193.udd" 2685
"C:/Users/Murad/AppData/Local/UnrealEngine/Common/DerivedDataCache/3/1/9/TEXTURE_E01F4250BECD420DA9CE63B5EECEC2C2_OODLE_AUTODXT_11_11B051B244E5C9672A85__205153300F405FF225679AF0C3556A26ED85422B.udd" 2686
"C:/Users/Murad/AppData/Local/UnrealEngine/Common/DerivedDataCache/2/0/0/TEXTURE_E01F4250BECD420DA9CE63B5EECEC2C2_OODLE_AUTODXT_11_11B051B244E5C9672A85__409E6CBDBEC948744D7E9BDE8879C5036711EC57.udd" 2687
"C:/Users/Murad/AppData/Local/UnrealEngine/Common/DerivedDataCache/5/6/1/TEXTURE_E01F4250BECD420DA9CE63B5EECEC2C2_OODLE_AUTODXT_11_11B051B244E5C9672A85__85F1FD8829B53B145CC8AAF553376BB59AD1B3AB.udd" 2688
"C:/Users/Murad/AppData/Local/UnrealEngine/Common/DerivedDataCache/8/2/9/TEXTURE_E01F4250BECD420DA9CE63B5EECEC2C2_OODLE_AUTODXT_11_11B051B244E5C9672A85__3AC30076D2C02494981A327C48A2329E3E810FC9.udd" 2689
"C:/Users/Murad/AppData/Local/UnrealEngine/Common/DerivedDataCache/0/1/1/TEXTURE_E01F4250BECD420DA9CE63B5EECEC2C2_OODLE_AUTODXT_11_11B051B244E5C9672A85__BC9E06CD30722857B3C3C8EB20910EA026FE7D62.udd" 2690
"C:/Users/Murad/AppData/Local/UnrealEngine/Common/DerivedDataCache/5/7/5/TEXTURE_E01F4250BECD420DA9CE63B5EECEC2C2_OODLE_AUTODXT_11_11B051B244E5C9672A85__F023AD34BEFF966EBC10BB189C8E710588C7BE0D.udd" 2691
"C:/Users/Murad/AppData/Local/UnrealEngine/Common/DerivedDataCache/0/4/8/TEXTURE_E01F4250BECD420DA9CE63B5EECEC2C2_OODLE_AUTODXT_11_27C2D6FE4337324616B6__52949A254E45A7A9CAFFEE262D1449D954B2317C.udd" 2692
"C:/Users/Murad/AppData/Local/UnrealEngine/Common/DerivedDataCache/9/6/6/TEXTURE_E01F4250BECD420DA9CE63B5EECEC2C2_OODLE_AUTODXT_11_27C2D6FE4337324616B6__B37124DD26D43186CCE5A6EB033C2B10A9595424.udd" 2693
"C:/Users/Murad/AppData/Local/UnrealEngine/Common/DerivedDataCache/2/4/9/TEXTURE_E01F4250BECD420DA9CE63B5EECEC2C2_OODLE_AUTODXT_11_27C2D6FE4337324616B6__D9D7192FEC2F04F0BD59519137F5F57BFAD87022.udd" 2694
"C:/Users/Murad/AppData/Local/UnrealEngine/Common/DerivedDataCache/1/2/0/TEXTURE_E01F4250BECD420DA9CE63B5EECEC2C2_OODLE_AUTODXT_11_27C2D6FE4337324616B6__BD987C4CA86F85A4A2125A23418DE6512B19E1D1.udd" 2695
"C:/Users/Murad/AppData/Local/UnrealEngine/Common/DerivedDataCache/0/2/3/TEXTURE_E01F4250BECD420DA9CE63B5EECEC2C2_OODLE_AUTODXT_11_27C2D6FE4337324616B6__5363E3D4A858B6C8B4DF574B9C7E5ED0BAD23329.udd" 2696
"C:/Users/Murad/AppData/Local/UnrealEngine/Common/DerivedDataCache/8/3/8/TEXTURE_E01F4250BECD420DA9CE63B5EECEC2C2_OODLE_AUTODXT_11_27C2D6FE4337324616B6__98BCE6DCB9947B3767A0A6D9878977CCFD45E1C5.udd" 2697
"C:/Users/Murad/Documents/Unreal Projects/Peacekeeper_3D/Content/ThirdPersonBP/Blueprints/Widgets/WB_OptionsMenu.uasset" 2698
"C:/Users/Murad/Documents/Unreal Projects/Peacekeeper_3D/Content/ThirdPersonBP/Blueprints/Widgets/MainMenu/MainMenuGameMode.uasset" 2699
"C:/Users/Murad/Documents/Unreal Projects/Peacekeeper_3D/Content/ThirdPersonBP/Blueprints/Widgets/MainMenu/WB_MainMenu.uasset" 2700
"C:/Users/Murad/Documents/Unreal Projects/Peacekeeper_3D/Content/ThirdPersonBP/Blueprints/Widgets/MainMenu/MainMenuMap.umap" 2701
"../../../Engine/Content/EditorMaterials/PreviewShadowIndicatorMaterial.uasset" 2702
"../../../Engine/Content/EditorMaterials/PreviewShadowIndicator.uasset" 2703
"../../../Engine/Content/EngineDebugMaterials/DebugEditorMaterial.uasset" 2704
"../../../Engine/Content/EditorResources/BSPVertex.uasset" 2705
"../../../Engine/Content/EngineSounds/Submixes/MasterReverbEffectPreset.uasset" 2706
"../../../Engine/Content/EngineSounds/Submixes/MasterSubmixDefault.uasset" 2707
"../../../Engine/Content/EngineSounds/Submixes/MasterReverbSubmixDefault.uasset" 2708
"../../../Engine/Content/EngineSounds/Submixes/MasterEQSubmixDefault.uasset" 2709
"../../../Engine/Content/EngineSounds/Submixes/MasterEQEffectPreset.uasset" 2710
"../../../../../../Users/Murad/Documents/Unreal Projects/Peacekeeper_3D/Content/ThirdPersonBP/Blueprints/Widgets/MainMenu/MainMenuMap.umap" 2711
"../../../Engine/Content/EngineSounds/Master.uasset" 2712
"../../../Engine/Content/MobileResources/HUD/T_Castle_ThumbstickOutter.uasset" 2713
"../../../Engine/Content/MobileResources/HUD/T_Castle_ThumbstickInner.uasset" 2714
"../../../Engine/Content/MobileResources/HUD/MobileHUDDirectionStick.uasset" 2715
"../../../Engine/Content/MobileResources/HUD/MobileHUDDirectionPad3.uasset" 2716
"../../../Engine/Content/MobileResources/HUD/MobileHUDDirectionPad2.uasset" 2717
"../../../Engine/Content/MobileResources/HUD/MobileHUDDirectionPad.uasset" 2718
"../../../Engine/Content/MobileResources/HUD/MobileHUDButtonFire.uasset" 2719
"../../../Engine/Content/MobileResources/HUD/MobileHUDButton3.uasset" 2720
"../../../Engine/Content/MobileResources/HUD/MobileHUDButton2_on.uasset" 2721
"../../../Engine/Content/MobileResources/HUD/MobileHUDButton2_off.uasset" 2722
"../../../Engine/Content/MobileResources/HUD/MobileHUDButton1_on.uasset" 2723
"../../../Engine/Content/MobileResources/HUD/MobileHUDButton1_off.uasset" 2724
"../../../Engine/Content/MobileResources/HUD/LeftVirtualJoystickOnly.uasset" 2725
"../../../Engine/Content/MobileResources/HUD/AnalogHat.uasset" 2726
"../../../Engine/Content/MobileResources/T_MobileMenu2.uasset" 2727
"../../../Engine/Content/MobileResources/T_MobileControls_texture.uasset" 2728
"../../../Engine/Content/Maps/Entry.umap" 2729
"../../../Engine/Content/Maps/Entry_BuiltData.uasset" 2730
"C:/Users/Murad/Documents/Unreal Projects/Peacekeeper_3D/Content/ThirdPersonBP/Blueprints/Enemies/AI/EQS/EQS_TestingPawn.uasset" 2731
"C:/Users/Murad/Documents/Unreal Projects/Peacekeeper_3D/Content/ThirdPersonBP/Blueprints/Enemies/AI/NavLink_EnemyAI.uasset" 2732
"C:/Users/Murad/Documents/Unreal Projects/Peacekeeper_3D/Content/Level/Meshes/Linear_Stair_StaticMesh.uasset" 2733
"C:/Users/Murad/Documents/Unreal Projects/Peacekeeper_3D/Content/Level/Meshes/RightArm_StaticMesh.uasset" 2734
"C:/Users/Murad/Documents/Unreal Projects/Peacekeeper_3D/Content/ThirdPersonBP/Maps/ThirdPersonExampleMap_BuiltData.uasset" 2735
"C:/Users/Murad/Documents/Unreal Projects/Peacekeeper_3D/Content/Level/Meshes/Ramp_StaticMesh.uasset" 2736
"C:/Users/Murad/Documents/Unreal Projects/Peacekeeper_3D/Content/Level/Meshes/RampMaterial.uasset" 2737
"C:/Users/Murad/Documents/Unreal Projects/Peacekeeper_3D/Content/Level/Meshes/LeftArm_StaticMesh.uasset" 2738
"C:/Users/Murad/Documents/Unreal Projects/Peacekeeper_3D/Content/Level/Meshes/Bump_StaticMesh.uasset" 2739
"C:/Users/Murad/Documents/Unreal Projects/Peacekeeper_3D/Content/Geometry/Meshes/CubeMaterial.uasset" 2740
"C:/Users/Murad/Documents/Unreal Projects/Peacekeeper_3D/Content/Geometry/Meshes/TemplateFloor.uasset" 2741
"C:/Users/Murad/Documents/Unreal Projects/Peacekeeper_3D/Content/Geometry/Meshes/1M_Cube_Chamfer.uasset" 2742
"C:/Users/Murad/Documents/Unreal Projects/Peacekeeper_3D/Content/Geometry/Meshes/1M_Cube.uasset" 2743
"../../../Engine/Content/EngineSky/T_Sky_Blue.uasset" 2744
"../../../Engine/Content/EngineSky/T_Sky_Clouds_M.uasset" 2745
"../../../Engine/Content/EngineSky/T_Sky_Stars.uasset" 2746
"../../../Engine/Content/EngineSky/M_Sky_Panning_Clouds2.uasset" 2747
"../../../Engine/Content/EngineSky/SM_SkySphere.uasset" 2748
"../../../Engine/Content/EngineSky/C_Sky_Zenith_Color.uasset" 2749
"../../../Engine/Content/EngineSky/C_Sky_Horizon_Color.uasset" 2750
"C:/Users/Murad/AppData/Local/UnrealEngine/Common/DerivedDataCache/1/4/3/STATICMESH_9CE2B6FB46754B699726C4AA1515F12E_228332BAE0224DD294E232B87D83948FQU__2545A34ADB70F1EBCEBE5D7E3F9F5B8F5409D430.udd" 2751
"C:/Users/Murad/AppData/Local/UnrealEngine/Common/DerivedDataCache/3/0/3/PHYSX_A08609EF508D460CBB6710540B03AACF_PHYSXPC_1946E97046D56F65528AFD8120B39B2__D6173CB0D8DEAE84F63E5E52A7BE6755A5616788.udd" 2752
"C:/Users/Murad/AppData/Local/UnrealEngine/Common/DerivedDataCache/8/1/8/NAVCOLLISION_2983273BE5D6425391E8C0B3D1C0A55D_NAVCOLLISION_X_1946E97046D56F655__BAF086190EC5B65BE4328F4800CEB0E417CD70E0.udd" 2753
"../../../Engine/Content/EngineSky/C_Sky_Cloud_Color.uasset" 2754
"C:/Users/Murad/AppData/Local/UnrealEngine/Common/DerivedDataCache/6/0/2/STATICMESH_9CE2B6FB46754B699726C4AA1515F12E_228332BAE0224DD294E232B87D83948FQU__CD3AA564B604F69020F0DC82E2702AEA38815AD3.udd" 2755
"C:/Users/Murad/AppData/Local/UnrealEngine/Common/DerivedDataCache/3/8/7/PHYSX_A08609EF508D460CBB6710540B03AACF_PHYSXPC_C5E423444BFA4DBBB685A785295C14D__1BC22983C9516D21839885BED0125FCD699B520D.udd" 2756
"C:/Users/Murad/AppData/Local/UnrealEngine/Common/DerivedDataCache/8/4/3/NAVCOLLISION_2983273BE5D6425391E8C0B3D1C0A55D_NAVCOLLISION_X_C5E423444BFA4DBBB__2594AFE4E76F8E83133A42D012AE5C3C3D0318AC.udd" 2757
"../../../Engine/Content/EngineSky/BP_Sky_Sphere.uasset" 2758
"C:/Users/Murad/AppData/Local/UnrealEngine/Common/DerivedDataCache/9/5/9/STATICMESH_9CE2B6FB46754B699726C4AA1515F12E_228332BAE0224DD294E232B87D83948FQU__FD67CDA9639CE428A3DE4F37F56AD00203018F54.udd" 2759
"C:/Users/Murad/AppData/Local/UnrealEngine/Common/DerivedDataCache/2/0/4/PHYSX_A08609EF508D460CBB6710540B03AACF_PHYSXPC_1B95123C4C944EB647C7AE8B053478C__302C766C0EAA43E32F4F0470E9044DF96222AD22.udd" 2760
"C:/Users/Murad/AppData/Local/UnrealEngine/Common/DerivedDataCache/8/7/9/NAVCOLLISION_2983273BE5D6425391E8C0B3D1C0A55D_NAVCOLLISION_X_1B95123C4C944EB64__CC55081A5A64C7FBD8FAB7A1FBCDF0DE9D974BF2.udd" 2761
"C:/Users/Murad/Documents/Unreal Projects/Peacekeeper_3D/Content/ThirdPersonBP/Maps/ThirdPersonExampleMap.umap" 2762
"C:/Users/Murad/AppData/Local/UnrealEngine/Common/DerivedDataCache/4/2/2/STATICMESH_9CE2B6FB46754B699726C4AA1515F12E_228332BAE0224DD294E232B87D83948FQU__8650DBD3B13CBAF8E696314245740CB4F6AA8B83.udd" 2763
"C:/Users/Murad/AppData/Local/UnrealEngine/Common/DerivedDataCache/6/0/8/PHYSX_A08609EF508D460CBB6710540B03AACF_PHYSXPC_FABF49D54B7FF95954CCF7A86751440__54769C21F41FEB22EEB639F2338C2B381FC07144.udd" 2764
"C:/Users/Murad/AppData/Local/UnrealEngine/Common/DerivedDataCache/8/7/0/NAVCOLLISION_2983273BE5D6425391E8C0B3D1C0A55D_NAVCOLLISION_X_FABF49D54B7FF9595__9AAC1B7327BE80F3B7D0B84C40A21A6A10F76F26.udd" 2765
"C:/Users/Murad/AppData/Local/UnrealEngine/Common/DerivedDataCache/8/1/0/STATICMESH_9CE2B6FB46754B699726C4AA1515F12E_228332BAE0224DD294E232B87D83948FQU__AE9E2335477F3B8EE6D223A8FFBA53375F3CFA98.udd" 2766
"C:/Users/Murad/AppData/Local/UnrealEngine/Common/DerivedDataCache/7/7/0/PHYSX_A08609EF508D460CBB6710540B03AACF_PHYSXPC_5D1761FB429BE69A897C3FAFEA0B20F__045401A719F24A3D0F3C5F5D0C4C0B4AB8956059.udd" 2767
"C:/Users/Murad/AppData/Local/UnrealEngine/Common/DerivedDataCache/1/6/7/NAVCOLLISION_2983273BE5D6425391E8C0B3D1C0A55D_NAVCOLLISION_X_5D1761FB429BE69A8__CC94917D76E0DCEBB96BFF34143804CAB359F9D1.udd" 2768
"C:/Users/Murad/AppData/Local/UnrealEngine/Common/DerivedDataCache/4/3/0/TEXTURE_E01F4250BECD420DA9CE63B5EECEC2C2_OODLE_AUTODXT_11_D579BC25426AB5EE9FE7__9280B0A8F78CCA7C9A599B2599117FEA060B0CC7.udd" 2769
"C:/Users/Murad/AppData/Local/UnrealEngine/Common/DerivedDataCache/9/0/5/TEXTURE_E01F4250BECD420DA9CE63B5EECEC2C2_OODLE_AUTODXT_11_D579BC25426AB5EE9FE7__BD282999C56DE88D5E4163CC9217AE096AB134F5.udd" 2770
"C:/Users/Murad/AppData/Local/UnrealEngine/Common/DerivedDataCache/7/6/9/TEXTURE_E01F4250BECD420DA9CE63B5EECEC2C2_OODLE_AUTODXT_11_D579BC25426AB5EE9FE7__B964E72B1D0CC392070A5BC449297CF4E4FD21E0.udd" 2771
"C:/Users/Murad/AppData/Local/UnrealEngine/Common/DerivedDataCache/9/7/3/TEXTURE_E01F4250BECD420DA9CE63B5EECEC2C2_OODLE_AUTODXT_11_D579BC25426AB5EE9FE7__2877AA4C731EE3B2E9AAEB9ED804BED7AB13BCF6.udd" 2772
"C:/Users/Murad/AppData/Local/UnrealEngine/Common/DerivedDataCache/9/4/7/TEXTURE_E01F4250BECD420DA9CE63B5EECEC2C2_OODLE_AUTODXT_11_D579BC25426AB5EE9FE7__A656F6BA6590A66CFE115E3AC5CA5347DF83B36C.udd" 2773
"C:/Users/Murad/AppData/Local/UnrealEngine/Common/DerivedDataCache/6/0/2/TEXTURE_E01F4250BECD420DA9CE63B5EECEC2C2_OODLE_AUTODXT_11_45BB4BCB4B169F4AD57A__FFC2F86C46E410852D0CE8C21A4EF563A387DC7E.udd" 2774
"C:/Users/Murad/AppData/Local/UnrealEngine/Common/DerivedDataCache/6/0/2/TEXTURE_E01F4250BECD420DA9CE63B5EECEC2C2_OODLE_AUTODXT_11_ACF989A641513B877AD0__FD85C3C2DDC2AACEB948513372BE224B9749FC38.udd" 2775
"C:/Users/Murad/AppData/Local/UnrealEngine/Common/DerivedDataCache/6/6/9/TEXTURE_E01F4250BECD420DA9CE63B5EECEC2C2_OODLE_AUTODXT_11_45BB4BCB4B169F4AD57A__7090F186C4A23188A4670E81A948CE02F880ED88.udd" 2776
"C:/Users/Murad/AppData/Local/UnrealEngine/Common/DerivedDataCache/4/5/6/TEXTURE_E01F4250BECD420DA9CE63B5EECEC2C2_OODLE_AUTODXT_11_45BB4BCB4B169F4AD57A__1FC054F2E8E05B1F9F32EFBD39B572CE2BA07613.udd" 2777
"C:/Users/Murad/AppData/Local/UnrealEngine/Common/DerivedDataCache/2/7/8/TEXTURE_E01F4250BECD420DA9CE63B5EECEC2C2_OODLE_AUTODXT_11_45BB4BCB4B169F4AD57A__46FA84B84CB68602D62F77376F6BA31EF3392991.udd" 2778
"C:/Users/Murad/AppData/Local/UnrealEngine/Common/DerivedDataCache/0/6/3/TEXTURE_E01F4250BECD420DA9CE63B5EECEC2C2_OODLE_DXT1_11_3BBBDB694CA0ED32F0A5CC8__9804E51CD78AE943CBD198272FFF2FFBEDCCC7B5.udd" 2779
"C:/Users/Murad/AppData/Local/UnrealEngine/Common/DerivedDataCache/2/3/3/TEXTURE_E01F4250BECD420DA9CE63B5EECEC2C2_OODLE_DXT1_11_3BBBDB694CA0ED32F0A5CC8__82569E0B333795EEFF3A13B6C57F5107F403DC47.udd" 2780
"C:/Users/Murad/AppData/Local/UnrealEngine/Common/DerivedDataCache/4/2/9/TEXTURE_E01F4250BECD420DA9CE63B5EECEC2C2_OODLE_DXT1_11_3BBBDB694CA0ED32F0A5CC8__F555B532A3A9F12BE6775D8F538BB172251B4619.udd" 2781
"C:/Users/Murad/AppData/Local/UnrealEngine/Common/DerivedDataCache/8/7/7/TEXTURE_E01F4250BECD420DA9CE63B5EECEC2C2_OODLE_DXT1_11_3BBBDB694CA0ED32F0A5CC8__FD63603EA7D2234544F75BD503BA069DFCC75DF6.udd" 2782
"C:/Users/Murad/AppData/Local/UnrealEngine/Common/DerivedDataCache/2/8/1/TEXTURE_E01F4250BECD420DA9CE63B5EECEC2C2_OODLE_DXT1_11_3BBBDB694CA0ED32F0A5CC8__2CEB8DDD2A42B04D3F34B5491C6423C568AF5B1F.udd" 2783
"C:/Users/Murad/AppData/Local/UnrealEngine/Common/DerivedDataCache/1/0/0/TEXTURE_E01F4250BECD420DA9CE63B5EECEC2C2_OODLE_DXT1_11_B447D7914AECAC0F50F4A7B__078517F2686ABE3F4AC5EA7B7C78DFE9F7221242.udd" 2784
"C:/Users/Murad/AppData/Local/UnrealEngine/Common/DerivedDataCache/0/4/8/TEXTURE_E01F4250BECD420DA9CE63B5EECEC2C2_OODLE_DXT1_11_B447D7914AECAC0F50F4A7B__AD799836EC473DFCA3189AAEF728616A46682BAD.udd" 2785
"C:/Users/Murad/AppData/Local/UnrealEngine/Common/DerivedDataCache/3/8/3/TEXTURE_E01F4250BECD420DA9CE63B5EECEC2C2_OODLE_DXT1_11_B447D7914AECAC0F50F4A7B__65FFA88FA8B81DF2ED2C268368A1FEEB58849B6B.udd" 2786
"C:/Users/Murad/AppData/Local/UnrealEngine/Common/DerivedDataCache/8/9/2/TEXTURE_E01F4250BECD420DA9CE63B5EECEC2C2_OODLE_DXT1_11_B447D7914AECAC0F50F4A7B__BF5FD79A6E3FEDD6B16DE33537A92C449ADD20AF.udd" 2787
"C:/Users/Murad/AppData/Local/UnrealEngine/Common/DerivedDataCache/4/0/8/TEXTURE_E01F4250BECD420DA9CE63B5EECEC2C2_OODLE_DXT1_11_8C503FA74CD3CB6DBC12EBA__AE47CEDC466903D7BE900786D1D7C379AB7F2F07.udd" 2788
"C:/Users/Murad/AppData/Local/UnrealEngine/Common/DerivedDataCache/9/4/2/TEXTURE_E01F4250BECD420DA9CE63B5EECEC2C2_BGRA8_209EFF614EE23255037E21A6E6EC3F5__3FF6D8420C1C932EAC702AA89B0FC4A7D3496CE8.udd" 2789
"C:/Users/Murad/AppData/Local/UnrealEngine/Common/DerivedDataCache/9/7/5/TEXTURE_E01F4250BECD420DA9CE63B5EECEC2C2_G8_2FD043BA448B2B48CA7C369B2D40D007_0__2BFED46A2F09A3803D54303892DC46D4053FD922.udd" 2790
"C:/Users/Murad/AppData/Local/UnrealEngine/Common/DerivedDataCache/6/6/6/TEXTURE_E01F4250BECD420DA9CE63B5EECEC2C2_G8_2FD043BA448B2B48CA7C369B2D40D007_0__3CD30980DBC7D0C2DC507642C738A3DE7558996C.udd" 2791
"C:/Users/Murad/AppData/Local/UnrealEngine/Common/DerivedDataCache/6/1/1/TEXTURE_E01F4250BECD420DA9CE63B5EECEC2C2_G8_2FD043BA448B2B48CA7C369B2D40D007_0__5351DDB259276E1EF1CD6EB25E8E7ECA757BA2A3.udd" 2792
"C:/Users/Murad/AppData/Local/UnrealEngine/Common/DerivedDataCache/8/7/8/TEXTURE_E01F4250BECD420DA9CE63B5EECEC2C2_G8_2FD043BA448B2B48CA7C369B2D40D007_0__E0CC153BC037C1D180D4DBC2FEC0E7E3FA5A0011.udd" 2793
"C:/Users/Murad/AppData/Local/UnrealEngine/Common/DerivedDataCache/9/7/1/TEXTURE_E01F4250BECD420DA9CE63B5EECEC2C2_G8_0B4111B9403FEFC6A81D079286F9023C_0__0DCC508BC46FE3AE8C9C3DA71B520B1B9801EAE0.udd" 2794
"C:/Users/Murad/AppData/Local/UnrealEngine/Common/DerivedDataCache/2/0/9/TEXTURE_E01F4250BECD420DA9CE63B5EECEC2C2_G8_2FD043BA448B2B48CA7C369B2D40D007_0__97167D258C99C5663C7DA1CD4A907CBCDE96FCBB.udd" 2795
"C:/Users/Murad/AppData/Local/UnrealEngine/Common/DerivedDataCache/9/9/8/TEXTURE_E01F4250BECD420DA9CE63B5EECEC2C2_OODLE_AUTODXT_11_8D283B4A42553B59F8F1__29C96EDA681E89143899EA5D59DF03A18F626287.udd" 2796
"C:/Users/Murad/AppData/Local/UnrealEngine/Common/DerivedDataCache/4/2/0/TEXTURE_E01F4250BECD420DA9CE63B5EECEC2C2_OODLE_AUTODXT_11_8D283B4A42553B59F8F1__F6B488BF0641AAE5D233F96B6C34D2A4A05BFF07.udd" 2797
"C:/Users/Murad/AppData/Local/UnrealEngine/Common/DerivedDataCache/1/1/7/TEXTURE_E01F4250BECD420DA9CE63B5EECEC2C2_OODLE_AUTODXT_11_8D283B4A42553B59F8F1__A85EF72858A9EE4D8A171FFABA489798A866539E.udd" 2798
"C:/Users/Murad/AppData/Local/UnrealEngine/Common/DerivedDataCache/6/4/4/TEXTURE_E01F4250BECD420DA9CE63B5EECEC2C2_OODLE_AUTODXT_11_8D283B4A42553B59F8F1__39B99C9626FDF2E0FEE428185C6507EDB300E9BB.udd" 2799
"C:/Users/Murad/AppData/Local/UnrealEngine/Common/DerivedDataCache/0/2/9/TEXTURE_E01F4250BECD420DA9CE63B5EECEC2C2_OODLE_AUTODXT_11_8D283B4A42553B59F8F1__D87D2E149A4E52498E1F1097BCBE893EAC4293AF.udd" 2800
"C:/Users/Murad/AppData/Local/UnrealEngine/Common/DerivedDataCache/9/7/2/TEXTURE_E01F4250BECD420DA9CE63B5EECEC2C2_OODLE_AUTODXT_11_EDEBF9BD429112C0877F__D9DF3514F650957E936F92EB02DB9950F12192E6.udd" 2801
"C:/Users/Murad/AppData/Local/UnrealEngine/Common/DerivedDataCache/6/7/6/TEXTURE_E01F4250BECD420DA9CE63B5EECEC2C2_OODLE_AUTODXT_11_EDEBF9BD429112C0877F__F27E4764BB0B5427384F9EA3D26AF1F211852616.udd" 2802
"C:/Users/Murad/AppData/Local/UnrealEngine/Common/DerivedDataCache/1/7/3/TEXTURE_E01F4250BECD420DA9CE63B5EECEC2C2_OODLE_AUTODXT_11_EDEBF9BD429112C0877F__B84F8C92E2902D63251F84397A61600E59376A01.udd" 2803
"C:/Users/Murad/AppData/Local/UnrealEngine/Common/DerivedDataCache/6/5/2/TEXTURE_E01F4250BECD420DA9CE63B5EECEC2C2_OODLE_AUTODXT_11_EDEBF9BD429112C0877F__B680B109DE485CEEFD024F9702633EA42E8ED500.udd" 2804
"C:/Users/Murad/AppData/Local/UnrealEngine/Common/DerivedDataCache/5/5/6/TEXTURE_E01F4250BECD420DA9CE63B5EECEC2C2_OODLE_AUTODXT_11_1BB483234E7747E11C23__05E35535241276C43532D91A3E99A2DA1AB19C08.udd" 2805
"C:/Users/Murad/Documents/Unreal Projects/Peacekeeper_3D/Content/ThirdPersonBP/Blueprints/Player/Medkit/GreenCross.uasset" 2806
"C:/Users/Murad/Documents/Unreal Projects/Peacekeeper_3D/Content/ThirdPersonBP/Maps/DemoLevel_BuiltData.uasset" 2807
"C:/Users/Murad/Documents/Unreal Projects/Peacekeeper_3D/Content/ThirdPersonBP/Blueprints/Player/AmmoPack/texture_0.uasset" 2808
"C:/Users/Murad/Documents/Unreal Projects/Peacekeeper_3D/Content/ThirdPersonBP/Blueprints/Player/AmmoPack/Material_001.uasset" 2809
"C:/Users/Murad/Documents/Unreal Projects/Peacekeeper_3D/Content/ThirdPersonBP/Blueprints/Player/Medkit/Material_020.uasset" 2810
"C:/Users/Murad/Documents/Unreal Projects/Peacekeeper_3D/Content/ThirdPersonBP/Blueprints/Player/AmmoPack/BP_AmmoPack.uasset" 2811
"C:/Users/Murad/Documents/Unreal Projects/Peacekeeper_3D/Content/ThirdPersonBP/Blueprints/Player/AmmoPack/AmmoPack1.uasset" 2812
"C:/Users/Murad/Documents/Unreal Projects/Peacekeeper_3D/Content/ThirdPersonBP/Blueprints/Player/Medkit/BP_Medkit.uasset" 2813
"C:/Users/Murad/Documents/Unreal Projects/Peacekeeper_3D/Content/Level/FinishColumn/M_FinishColumn.uasset" 2814
"C:/Users/Murad/Documents/Unreal Projects/Peacekeeper_3D/Content/Level/FinishColumn/BP_FinishColumn.uasset" 2815
"C:/Users/Murad/Documents/Unreal Projects/Peacekeeper_3D/Content/Geometry/Meshes/CoverMaterial.uasset" 2816
"C:/Users/Murad/Documents/Unreal Projects/Peacekeeper_3D/Content/ThirdPersonBP/Maps/DemoLevel.umap" 2817
"../../../../../../Users/Murad/Documents/Unreal Projects/Peacekeeper_3D/Content/ThirdPersonBP/Maps/ThirdPersonExampleMap.umap" 2818
"C:/Users/Murad/AppData/Local/UnrealEngine/Common/DerivedDataCache/0/2/8/PHYSX_A08609EF508D460CBB6710540B03AACF_PHYSXPC_D6463CF04ABC50D59B68A7913E206E81__1_0_0_0_2_13315_0.udd" 2819
"C:/Users/Murad/AppData/Local/UnrealEngine/Common/DerivedDataCache/3/7/7/STATICMESH_9CE2B6FB46754B699726C4AA1515F12E_228332BAE0224DD294E232B87D83948FQU__BFD39041F938B60AB1FA1E1FA4046D999E1570B3.udd" 2820
"C:/Users/Murad/AppData/Local/UnrealEngine/Common/DerivedDataCache/4/2/6/PHYSX_A08609EF508D460CBB6710540B03AACF_PHYSXPC_0AF0263E4B29B1F2B4ABE1A2E1CF623__32C79449AC53BE94A4FB12BBDF856B8C01A675F1.udd" 2821
"C:/Users/Murad/AppData/Local/UnrealEngine/Common/DerivedDataCache/4/7/7/NAVCOLLISION_2983273BE5D6425391E8C0B3D1C0A55D_NAVCOLLISION_X_0AF0263E4B29B1F2B__D55556498CDA5751F26EF227F4A97B52300A4F1C.udd" 2822
"C:/Users/Murad/AppData/Local/UnrealEngine/Common/DerivedDataCache/1/2/9/TEXTURE_E01F4250BECD420DA9CE63B5EECEC2C2_OODLE_AUTODXT_11_B9C21B854E60E9C2EE89__81224D035F960CB7B91B4776E38F86BA681EC43E.udd" 2823
"C:/Users/Murad/AppData/Local/UnrealEngine/Common/DerivedDataCache/0/9/9/TEXTURE_E01F4250BECD420DA9CE63B5EECEC2C2_OODLE_AUTODXT_11_F7893763491B7858D446__ADEC7C2AD621639DA1F787438B1B2320541B2E36.udd" 2824
"C:/Users/Murad/AppData/Local/UnrealEngine/Common/DerivedDataCache/0/7/6/TEXTURE_E01F4250BECD420DA9CE63B5EECEC2C2_OODLE_AUTODXT_11_B9C21B854E60E9C2EE89__98A2AF824CBDD74C5514BB5C1B954175CCA56919.udd" 2825
"C:/Users/Murad/AppData/Local/UnrealEngine/Common/DerivedDataCache/7/5/1/TEXTURE_E01F4250BECD420DA9CE63B5EECEC2C2_OODLE_AUTODXT_11_B9C21B854E60E9C2EE89__527CAEFEBCCF3A690DEBE98F8F3F818D5AC7985D.udd" 2826
"C:/Users/Murad/AppData/Local/UnrealEngine/Common/DerivedDataCache/9/0/5/TEXTURE_E01F4250BECD420DA9CE63B5EECEC2C2_OODLE_AUTODXT_11_B9C21B854E60E9C2EE89__AE65FD3AFCDD99AB38FF627209EF824702D5D8D0.udd" 2827
"C:/Users/Murad/AppData/Local/UnrealEngine/Common/DerivedDataCache/9/8/5/TEXTURE_E01F4250BECD420DA9CE63B5EECEC2C2_OODLE_AUTODXT_11_B9C21B854E60E9C2EE89__EB82F8EC915C350F8DBD9E910DD90C59BAAD5F77.udd" 2828
"C:/Users/Murad/AppData/Local/UnrealEngine/Common/DerivedDataCache/5/2/3/TEXTURE_E01F4250BECD420DA9CE63B5EECEC2C2_OODLE_AUTODXT_11_F7893763491B7858D446__6929D933B10FB97BE421C0D85695FF6AD3D39CAB.udd" 2829
"C:/Users/Murad/AppData/Local/UnrealEngine/Common/DerivedDataCache/4/1/2/TEXTURE_E01F4250BECD420DA9CE63B5EECEC2C2_OODLE_AUTODXT_11_9173024D4815FEF5C6C4__CF87DB44B6EA26ED35F1858FDF9DE81BBF45035A.udd" 2830
"C:/Users/Murad/AppData/Local/UnrealEngine/Common/DerivedDataCache/2/3/9/TEXTURE_E01F4250BECD420DA9CE63B5EECEC2C2_OODLE_AUTODXT_11_F7893763491B7858D446__058AC2A535AB89E869F00A431952077EAF9659E7.udd" 2831
"C:/Users/Murad/AppData/Local/UnrealEngine/Common/DerivedDataCache/1/7/2/TEXTURE_E01F4250BECD420DA9CE63B5EECEC2C2_OODLE_AUTODXT_11_F7893763491B7858D446__A457F3471363205F0E027802ED1D354205000BAD.udd" 2832
"C:/Users/Murad/AppData/Local/UnrealEngine/Common/DerivedDataCache/3/2/9/TEXTURE_E01F4250BECD420DA9CE63B5EECEC2C2_OODLE_AUTODXT_11_F7893763491B7858D446__F0129FCF0BD31CFAFF831E8276A9B48CF88B5A75.udd" 2833
"C:/Users/Murad/AppData/Local/UnrealEngine/Common/DerivedDataCache/0/4/2/TEXTURE_E01F4250BECD420DA9CE63B5EECEC2C2_OODLE_DXT1_11_6828A3B8461428B891C75D9__E463F26625DDF9F65F86B327772F6FCE0E5C4BD0.udd" 2834
"C:/Users/Murad/AppData/Local/UnrealEngine/Common/DerivedDataCache/7/2/9/TEXTURE_E01F4250BECD420DA9CE63B5EECEC2C2_OODLE_DXT1_11_6828A3B8461428B891C75D9__D055D7F88DB6A3C2BE72AD92C4390B79895B5685.udd" 2835
"C:/Users/Murad/AppData/Local/UnrealEngine/Common/DerivedDataCache/4/2/3/TEXTURE_E01F4250BECD420DA9CE63B5EECEC2C2_OODLE_DXT1_11_6828A3B8461428B891C75D9__F75754C4AD28301A386AC638496C1B9626716155.udd" 2836
"C:/Users/Murad/AppData/Local/UnrealEngine/Common/DerivedDataCache/1/8/2/TEXTURE_E01F4250BECD420DA9CE63B5EECEC2C2_OODLE_DXT1_11_6828A3B8461428B891C75D9__7A98C7E380F31437AEF7107408DAD2AF63BFF1B3.udd" 2837
"C:/Users/Murad/AppData/Local/UnrealEngine/Common/DerivedDataCache/1/8/0/TEXTURE_E01F4250BECD420DA9CE63B5EECEC2C2_OODLE_DXT1_11_3E8E41934389FD345C6C6EB__CF3B8B81895AB1B1629E1A6725BB3CBCE585E9A2.udd" 2838
"C:/Users/Murad/AppData/Local/UnrealEngine/Common/DerivedDataCache/4/3/7/TEXTURE_E01F4250BECD420DA9CE63B5EECEC2C2_OODLE_DXT1_11_3E8E41934389FD345C6C6EB__D4292BAE6F039D3BE1FA9953E7749BBD16E03C8D.udd" 2839
"C:/Users/Murad/AppData/Local/UnrealEngine/Common/DerivedDataCache/4/9/8/TEXTURE_E01F4250BECD420DA9CE63B5EECEC2C2_OODLE_DXT1_11_3E8E41934389FD345C6C6EB__1701DE595865B1DC64A08A0B2BBB1F56DF140779.udd" 2840
"C:/Users/Murad/AppData/Local/UnrealEngine/Common/DerivedDataCache/3/8/6/TEXTURE_E01F4250BECD420DA9CE63B5EECEC2C2_OODLE_DXT1_11_18C0D1A249B6FFC7820B3D8__65781E08B79267AA0E0F6A64F910A9B035FBBAFA.udd" 2841
"C:/Users/Murad/AppData/Local/UnrealEngine/Common/DerivedDataCache/6/9/6/TEXTURE_E01F4250BECD420DA9CE63B5EECEC2C2_OODLE_DXT1_11_3E8E41934389FD345C6C6EB__C5F67BC25AEB983A407AB010E40C831B6483F38E.udd" 2842
"C:/Users/Murad/AppData/Local/UnrealEngine/Common/DerivedDataCache/7/9/3/TEXTURE_E01F4250BECD420DA9CE63B5EECEC2C2_OODLE_DXT1_11_3E8E41934389FD345C6C6EB__A70BBC9BAA34C330EE5084E9B57544DDC7919120.udd" 2843
"C:/Users/Murad/AppData/Local/UnrealEngine/Common/DerivedDataCache/9/7/7/TEXTURE_E01F4250BECD420DA9CE63B5EECEC2C2_OODLE_DXT1_11_6828A3B8461428B891C75D9__0F97CF4C7242CDBCCA5AEBBA537844D742F10770.udd" 2844
"C:/Users/Murad/AppData/Local/UnrealEngine/Common/DerivedDataCache/4/2/8/TEXTURE_E01F4250BECD420DA9CE63B5EECEC2C2_BGRA8_A061F8E34037B3376CA79B9D34E6954__6E23DF1BE1ABD655FF32B5DEC46452781B567308.udd" 2845
"C:/Users/Murad/AppData/Local/UnrealEngine/Common/DerivedDataCache/0/4/1/TEXTURE_E01F4250BECD420DA9CE63B5EECEC2C2_G8_0823D04F4222340AC3B1A0A6ED3FFC2D_0__D4E08B3C33DB70DC0812A3AE497AC5E2A377F6B6.udd" 2846
"C:/Users/Murad/AppData/Local/UnrealEngine/Common/DerivedDataCache/2/3/3/TEXTURE_E01F4250BECD420DA9CE63B5EECEC2C2_G8_C779056F46949ED224130D8D4B930B2A_0__301BD87A3120D7371EE22DC7E83D437848E63000.udd" 2847
"C:/Users/Murad/AppData/Local/UnrealEngine/Common/DerivedDataCache/6/7/8/TEXTURE_E01F4250BECD420DA9CE63B5EECEC2C2_G8_0823D04F4222340AC3B1A0A6ED3FFC2D_0__4A3A74C5F7CA3BBA3E22903E9C807A19034744BD.udd" 2848
"C:/Users/Murad/AppData/Local/UnrealEngine/Common/DerivedDataCache/6/2/7/TEXTURE_E01F4250BECD420DA9CE63B5EECEC2C2_G8_0823D04F4222340AC3B1A0A6ED3FFC2D_0__E18C18D40712E875AB248D08EF826896188305A4.udd" 2849
"C:/Users/Murad/AppData/Local/UnrealEngine/Common/DerivedDataCache/1/1/4/TEXTURE_E01F4250BECD420DA9CE63B5EECEC2C2_G8_0823D04F4222340AC3B1A0A6ED3FFC2D_0__99DEA5BA86914FF277E18BA312FF66E9A8C8579B.udd" 2850
"C:/Users/Murad/AppData/Local/UnrealEngine/Common/DerivedDataCache/9/7/0/TEXTURE_E01F4250BECD420DA9CE63B5EECEC2C2_G8_0823D04F4222340AC3B1A0A6ED3FFC2D_0__89CB988FD785C74FA09989A034A161D65DB7C1C4.udd" 2851
"C:/Users/Murad/AppData/Local/UnrealEngine/Common/DerivedDataCache/3/4/2/TEXTURE_E01F4250BECD420DA9CE63B5EECEC2C2_OODLE_AUTODXT_11_D0C01915480AFAA78C14__898AD9146A565782FDDACF5B1F0DB74FCA1AB99D.udd" 2852
"C:/Users/Murad/AppData/Local/UnrealEngine/Common/DerivedDataCache/1/4/1/TEXTURE_E01F4250BECD420DA9CE63B5EECEC2C2_OODLE_AUTODXT_11_D6FFEEE14C8FA4424E81__BCB098B9CC995FEBE9F3CA6A01B97BDB004908F3.udd" 2853
"C:/Users/Murad/AppData/Local/UnrealEngine/Common/DerivedDataCache/8/5/3/TEXTURE_E01F4250BECD420DA9CE63B5EECEC2C2_OODLE_AUTODXT_11_AF92F91D41E24B599D14__B7DDDF3969C49E2D772354F5F904B32DF0EEA95A.udd" 2854
"C:/Users/Murad/AppData/Local/UnrealEngine/Common/DerivedDataCache/3/9/8/TEXTURE_E01F4250BECD420DA9CE63B5EECEC2C2_OODLE_AUTODXT_11_D0C01915480AFAA78C14__E21CBF2F7931C4EBF719EFFE20C7A25F31F8AC24.udd" 2855
"C:/Users/Murad/AppData/Local/UnrealEngine/Common/DerivedDataCache/9/6/0/TEXTURE_E01F4250BECD420DA9CE63B5EECEC2C2_OODLE_AUTODXT_11_D0C01915480AFAA78C14__291ECE58E4A866E171807727EB038D34368E4F10.udd" 2856
"C:/Users/Murad/AppData/Local/UnrealEngine/Common/DerivedDataCache/1/4/1/TEXTURE_E01F4250BECD420DA9CE63B5EECEC2C2_OODLE_AUTODXT_11_D0C01915480AFAA78C14__7185420FA9251DE6EA79819B54ACA445F564A4EC.udd" 2857
"C:/Users/Murad/AppData/Local/UnrealEngine/Common/DerivedDataCache/8/3/9/TEXTURE_E01F4250BECD420DA9CE63B5EECEC2C2_OODLE_AUTODXT_11_D0C01915480AFAA78C14__5C2BBD8CC4B7DBE0B685F0AF2844E3D0DE2778CD.udd" 2858
"C:/Users/Murad/AppData/Local/UnrealEngine/Common/DerivedDataCache/4/6/1/TEXTURE_E01F4250BECD420DA9CE63B5EECEC2C2_OODLE_AUTODXT_11_D6FFEEE14C8FA4424E81__36D2566C51C4E56BD64458BD3BBBC97DFE5F7016.udd" 2859
"C:/Users/Murad/AppData/Local/UnrealEngine/Common/DerivedDataCache/6/9/7/TEXTURE_E01F4250BECD420DA9CE63B5EECEC2C2_OODLE_AUTODXT_11_D6FFEEE14C8FA4424E81__F4BB07253F61BEA6FF4B04065BA4BFD11CCDC1BD.udd" 2860
"C:/Users/Murad/AppData/Local/UnrealEngine/Common/DerivedDataCache/0/7/1/TEXTURE_E01F4250BECD420DA9CE63B5EECEC2C2_OODLE_AUTODXT_11_D6FFEEE14C8FA4424E81__915A7BE378822A6D2070505D3041CF23B1FDF534.udd" 2861
"C:/Users/Murad/AppData/Local/UnrealEngine/Common/DerivedDataCache/9/2/9/TEXTURE_E01F4250BECD420DA9CE63B5EECEC2C2_OODLE_AUTODXT_11_D6FFEEE14C8FA4424E81__A398801D23BB30A382E8248DBC2579CEB07684EE.udd" 2862
"C:/Users/Murad/Documents/Unreal Projects/Peacekeeper_3D/Content/ThirdPersonBP/Maps/DemoArena_BuiltData.uasset" 2863
"C:/Users/Murad/Documents/Unreal Projects/Peacekeeper_3D/Content/ThirdPersonBP/Maps/DemoArena.umap" 2864
"C:/Users/Murad/AppData/Local/UnrealEngine/Common/DerivedDataCache/9/2/5/MATSM_0BA69734E4FD45E082FA4560DBE25454_PCD3D_SM5_8__BC5N_NOCCBN_NOIRIS_DEV_SL___88A8B162F1DCAFC327C240FE979522D2F343B171.udd" 2865
"../../../Engine/Content/EditorResources/EmptyActor.uasset" 2866
"../../../Engine/Content/EditorResources/LightIcons/S_LightError.uasset" 2867
"C:/Users/Murad/Documents/Unreal Projects/Peacekeeper_3D/Content/Realistic_Starter_VFX_Pack_Vol2/Textures/T_Splat.uasset" 2868
"C:/Users/Murad/Documents/Unreal Projects/Peacekeeper_3D/Content/Realistic_Starter_VFX_Pack_Vol2/Maps/Overview_Map_Night_BuiltData.uasset" 2869
"C:/Users/Murad/Documents/Unreal Projects/Peacekeeper_3D/Content/Realistic_Starter_VFX_Pack_Vol2/Textures/T_Water_A.uasset" 2870
"C:/Users/Murad/Documents/Unreal Projects/Peacekeeper_3D/Content/Realistic_Starter_VFX_Pack_Vol2/Materials/M_Splat_A.uasset" 2871
"C:/Users/Murad/Documents/Unreal Projects/Peacekeeper_3D/Content/Realistic_Starter_VFX_Pack_Vol2/Materials/M_Slash.uasset" 2872
"C:/Users/Murad/Documents/Unreal Projects/Peacekeeper_3D/Content/Realistic_Starter_VFX_Pack_Vol2/Materials/M_WaterDrop_A.uasset" 2873
"C:/Users/Murad/Documents/Unreal Projects/Peacekeeper_3D/Content/Realistic_Starter_VFX_Pack_Vol2/Textures/T_Droplets_A.uasset" 2874
"C:/Users/Murad/Documents/Unreal Projects/Peacekeeper_3D/Content/Realistic_Starter_VFX_Pack_Vol2/Textures/T_Droplets_A_N.uasset" 2875
"C:/Users/Murad/AppData/Local/UnrealEngine/Common/DerivedDataCache/6/3/3/STATICMESH_9CE2B6FB46754B699726C4AA1515F12E_228332BAE0224DD294E232B87D83948FQU__C5071A440BE1A3552EE98327B29CECF98C108D8F.udd" 2876
"C:/Users/Murad/AppData/Local/UnrealEngine/Common/DerivedDataCache/5/1/6/PHYSX_A08609EF508D460CBB6710540B03AACF_PHYSXPC_A3F3A8E0421A55112BE895A6F29FC48__C0D97546CC606B3B9127EBD17C06AF42ACA969A8.udd" 2877
"C:/Users/Murad/AppData/Local/UnrealEngine/Common/DerivedDataCache/1/2/1/NAVCOLLISION_2983273BE5D6425391E8C0B3D1C0A55D_NAVCOLLISION_X_A3F3A8E0421A55112__A6C149C17545DEA85380E891BE6E0523E7C4F3FC.udd" 2878
"C:/Users/Murad/Documents/Unreal Projects/Peacekeeper_3D/Content/Realistic_Starter_VFX_Pack_Vol2/Textures/T_Water_D.uasset" 2879
"C:/Users/Murad/Documents/Unreal Projects/Peacekeeper_3D/Content/Realistic_Starter_VFX_Pack_Vol2/Materials/M_Bubble_B.uasset" 2880
"C:/Users/Murad/Documents/Unreal Projects/Peacekeeper_3D/Content/Realistic_Starter_VFX_Pack_Vol2/Particles/Water/P_Water_Leak_B.uasset" 2881
"C:/Users/Murad/Documents/Unreal Projects/Peacekeeper_3D/Content/Realistic_Starter_VFX_Pack_Vol2/Textures/T_Water_C.uasset" 2882
"C:/Users/Murad/Documents/Unreal Projects/Peacekeeper_3D/Content/Realistic_Starter_VFX_Pack_Vol2/Materials/M_Water_Splat.uasset" 2883
"../../../../../../Users/Murad/Documents/Unreal Projects/Peacekeeper_3D/Content/ThirdPersonBP/Maps/DemoLevel.umap" 2884
"C:/Users/Murad/AppData/Local/UnrealEngine/Common/DerivedDataCache/7/4/8/PHYSX_A08609EF508D460CBB6710540B03AACF_PHYSXPC_26B852B447DDF13F83015E8623529B07__1_0_0_0_2_13315_0.udd" 2885
"C:/Users/Murad/AppData/Local/UnrealEngine/Common/DerivedDataCache/6/6/0/PHYSX_A08609EF508D460CBB6710540B03AACF_PHYSXPC_00ECBD9A42D27AE461352B84444437EF__1_0_0_0_2_13315_0.udd" 2886
"C:/Users/Murad/AppData/Local/UnrealEngine/Common/DerivedDataCache/7/8/4/PHYSX_A08609EF508D460CBB6710540B03AACF_PHYSXPC_8C37E45C46283D4D0CA7B5A19E42B03D__1_0_0_0_2_13315_0.udd" 2887
"C:/Users/Murad/Documents/Unreal Projects/Peacekeeper_3D/Content/Realistic_Starter_VFX_Pack_Vol2/Materials/M_WaterDrop_B.uasset" 2888
"C:/Users/Murad/Documents/Unreal Projects/Peacekeeper_3D/Content/Realistic_Starter_VFX_Pack_Vol2/Textures/T_Bubble.uasset" 2889
"../../../../../../Users/Murad/Documents/Unreal Projects/Peacekeeper_3D/Content/ThirdPersonBP/Maps/DemoArena.umap" 2890
"C:/Users/Murad/Documents/Unreal Projects/Peacekeeper_3D/Content/Realistic_Starter_VFX_Pack_Vol2/Materials/M_WaterDrop.uasset" 2891
"C:/Users/Murad/Documents/Unreal Projects/Peacekeeper_3D/Content/Realistic_Starter_VFX_Pack_Vol2/Particles/Water/P_Water_Leak_A.uasset" 2892
"C:/Users/Murad/Documents/Unreal Projects/Peacekeeper_3D/Content/Realistic_Starter_VFX_Pack_Vol2/Particles/Water/P_Water_Dripping_B.uasset" 2893
"C:/Users/Murad/Documents/Unreal Projects/Peacekeeper_3D/Content/Realistic_Starter_VFX_Pack_Vol2/Particles/Water/P_Water_Dripping_A.uasset" 2894
"C:/Users/Murad/Documents/Unreal Projects/Peacekeeper_3D/Content/Realistic_Starter_VFX_Pack_Vol2/Textures/T_Bubblepop.uasset" 2895
"C:/Users/Murad/Documents/Unreal Projects/Peacekeeper_3D/Content/Realistic_Starter_VFX_Pack_Vol2/Materials/M_Bubble_pop.uasset" 2896
"C:/Users/Murad/Documents/Unreal Projects/Peacekeeper_3D/Content/Realistic_Starter_VFX_Pack_Vol2/Particles/Water/P_Bubbles_B.uasset" 2897
"C:/Users/Murad/Documents/Unreal Projects/Peacekeeper_3D/Content/Realistic_Starter_VFX_Pack_Vol2/Vectorfields/VectorField_D.uasset" 2898
"C:/Users/Murad/Documents/Unreal Projects/Peacekeeper_3D/Content/Realistic_Starter_VFX_Pack_Vol2/Materials/M_Bubble.uasset" 2899
"C:/Users/Murad/Documents/Unreal Projects/Peacekeeper_3D/Content/Realistic_Starter_VFX_Pack_Vol2/Particles/Water/P_Bubbles_A.uasset" 2900
"C:/Users/Murad/Documents/Unreal Projects/Peacekeeper_3D/Content/Realistic_Starter_VFX_Pack_Vol2/Textures/T_Steam_A.uasset" 2901
"C:/Users/Murad/Documents/Unreal Projects/Peacekeeper_3D/Content/Realistic_Starter_VFX_Pack_Vol2/Materials/M_Smoke_Ground_C.uasset" 2902
"C:/Users/Murad/Documents/Unreal Projects/Peacekeeper_3D/Content/Realistic_Starter_VFX_Pack_Vol2/Particles/Smoke/P_Steam_A.uasset" 2903
"C:/Users/Murad/Documents/Unreal Projects/Peacekeeper_3D/Content/Realistic_Starter_VFX_Pack_Vol2/Textures/T_Smoke_Puff_color.uasset" 2904
"C:/Users/Murad/Documents/Unreal Projects/Peacekeeper_3D/Content/Realistic_Starter_VFX_Pack_Vol2/Materials/M_Smoke_Puff_A.uasset" 2905
"C:/Users/Murad/Documents/Unreal Projects/Peacekeeper_3D/Content/Realistic_Starter_VFX_Pack_Vol2/Textures/T_Smoke_A.uasset" 2906
"C:/Users/Murad/Documents/Unreal Projects/Peacekeeper_3D/Content/Realistic_Starter_VFX_Pack_Vol2/Materials/M_Smoke_C.uasset" 2907
"C:/Users/Murad/Documents/Unreal Projects/Peacekeeper_3D/Content/Realistic_Starter_VFX_Pack_Vol2/Particles/Smoke/P_Smoke_F.uasset" 2908
"C:/Users/Murad/Documents/Unreal Projects/Peacekeeper_3D/Content/Realistic_Starter_VFX_Pack_Vol2/Textures/T_Smoke_G.uasset" 2909
"C:/Users/Murad/Documents/Unreal Projects/Peacekeeper_3D/Content/Realistic_Starter_VFX_Pack_Vol2/Materials/M_Smoke_Ground_B.uasset" 2910
"C:/Users/Murad/Documents/Unreal Projects/Peacekeeper_3D/Content/Realistic_Starter_VFX_Pack_Vol2/Particles/Smoke/P_Smoke_D.uasset" 2911
"C:/Users/Murad/Documents/Unreal Projects/Peacekeeper_3D/Content/Realistic_Starter_VFX_Pack_Vol2/Particles/Smoke/P_Smoke_C.uasset" 2912
"C:/Users/Murad/Documents/Unreal Projects/Peacekeeper_3D/Content/Realistic_Starter_VFX_Pack_Vol2/Textures/T_Epxlosion_B_packed.uasset" 2913
"C:/Users/Murad/Documents/Unreal Projects/Peacekeeper_3D/Content/Realistic_Starter_VFX_Pack_Vol2/Textures/T_Epxlosion_B_color.uasset" 2914
"C:/Users/Murad/Documents/Unreal Projects/Peacekeeper_3D/Content/Realistic_Starter_VFX_Pack_Vol2/Materials/M_Explosion_B.uasset" 2915
"C:/Users/Murad/Documents/Unreal Projects/Peacekeeper_3D/Content/Realistic_Starter_VFX_Pack_Vol2/Particles/Smoke/P_Smoke_B.uasset" 2916
"C:/Users/Murad/Documents/Unreal Projects/Peacekeeper_3D/Content/Realistic_Starter_VFX_Pack_Vol2/Particles/Smoke/P_Smoke_A.uasset" 2917
"C:/Users/Murad/Documents/Unreal Projects/Peacekeeper_3D/Content/Realistic_Starter_VFX_Pack_Vol2/Textures/T_Smoke_Wisp.uasset" 2918
"C:/Users/Murad/Documents/Unreal Projects/Peacekeeper_3D/Content/Realistic_Starter_VFX_Pack_Vol2/Materials/M_Smoke_Wisp.uasset" 2919
"C:/Users/Murad/Documents/Unreal Projects/Peacekeeper_3D/Content/Realistic_Starter_VFX_Pack_Vol2/Textures/T_Leaves.uasset" 2920
"../../../Engine/Content/Functions/Engine_MaterialFunctions01/WorldPositionOffset/SimpleGrassWind.uasset" 2921
"C:/Users/Murad/Documents/Unreal Projects/Peacekeeper_3D/Content/Realistic_Starter_VFX_Pack_Vol2/Materials/M_Leaves_A.uasset" 2922
"C:/Users/Murad/Documents/Unreal Projects/Peacekeeper_3D/Content/Realistic_Starter_VFX_Pack_Vol2/Particles/Hit/P_Vegetation.uasset" 2923
"C:/Users/Murad/Documents/Unreal Projects/Peacekeeper_3D/Content/Realistic_Starter_VFX_Pack_Vol2/Textures/T_Spark_A.uasset" 2924
"C:/Users/Murad/Documents/Unreal Projects/Peacekeeper_3D/Content/Realistic_Starter_VFX_Pack_Vol2/Materials/M_spark_C.uasset" 2925
"C:/Users/Murad/Documents/Unreal Projects/Peacekeeper_3D/Content/Realistic_Starter_VFX_Pack_Vol2/Textures/T_Dirt_A.uasset" 2926
"C:/Users/Murad/Documents/Unreal Projects/Peacekeeper_3D/Content/Realistic_Starter_VFX_Pack_Vol2/Materials/M_Dirt_B.uasset" 2927
"C:/Users/Murad/Documents/Unreal Projects/Peacekeeper_3D/Content/Realistic_Starter_VFX_Pack_Vol2/Particles/Hit/P_Rubber.uasset" 2928
"C:/Users/Murad/Documents/Unreal Projects/Peacekeeper_3D/Content/Realistic_Starter_VFX_Pack_Vol2/Textures/T_Paper.uasset" 2929
"C:/Users/Murad/Documents/Unreal Projects/Peacekeeper_3D/Content/Realistic_Starter_VFX_Pack_Vol2/Materials/M_Paper.uasset" 2930
"C:/Users/Murad/Documents/Unreal Projects/Peacekeeper_3D/Content/Realistic_Starter_VFX_Pack_Vol2/Textures/T_Dirt_B.uasset" 2931
"C:/Users/Murad/Documents/Unreal Projects/Peacekeeper_3D/Content/Realistic_Starter_VFX_Pack_Vol2/Materials/M_Impact_A.uasset" 2932
"C:/Users/Murad/Documents/Unreal Projects/Peacekeeper_3D/Content/Realistic_Starter_VFX_Pack_Vol2/Particles/Hit/P_Paper.uasset" 2933
"C:/Users/Murad/Documents/Unreal Projects/Peacekeeper_3D/Content/Realistic_Starter_VFX_Pack_Vol2/Particles/Hit/P_Leather.uasset" 2934
"C:/Users/Murad/Documents/Unreal Projects/Peacekeeper_3D/Content/Realistic_Starter_VFX_Pack_Vol2/Textures/T_Glass.uasset" 2935
"C:/Users/Murad/Documents/Unreal Projects/Peacekeeper_3D/Content/Realistic_Starter_VFX_Pack_Vol2/Materials/M_Glass.uasset" 2936
"C:/Users/Murad/Documents/Unreal Projects/Peacekeeper_3D/Content/Realistic_Starter_VFX_Pack_Vol2/Particles/Hit/P_Ice.uasset" 2937
"C:/Users/Murad/Documents/Unreal Projects/Peacekeeper_3D/Content/Realistic_Starter_VFX_Pack_Vol2/Particles/Hit/P_Default.uasset" 2938
"C:/Users/Murad/Documents/Unreal Projects/Peacekeeper_3D/Content/Realistic_Starter_VFX_Pack_Vol2/Materials/M_Derbis.uasset" 2939
"C:/Users/Murad/Documents/Unreal Projects/Peacekeeper_3D/Content/Realistic_Starter_VFX_Pack_Vol2/Mesh/SM_Derbis_B.uasset" 2940
"C:/Users/Murad/Documents/Unreal Projects/Peacekeeper_3D/Content/Realistic_Starter_VFX_Pack_Vol2/Particles/Hit/P_Concrete.uasset" 2941
"C:/Users/Murad/Documents/Unreal Projects/Peacekeeper_3D/Content/Realistic_Starter_VFX_Pack_Vol2/Particles/Hit/P_Ceramic.uasset" 2942
"C:/Users/Murad/Documents/Unreal Projects/Peacekeeper_3D/Content/Realistic_Starter_VFX_Pack_Vol2/Mesh/SM_Derbis_C.uasset" 2943
"C:/Users/Murad/Documents/Unreal Projects/Peacekeeper_3D/Content/Realistic_Starter_VFX_Pack_Vol2/Particles/Hit/P_Brick.uasset" 2944
"C:/Users/Murad/Documents/Unreal Projects/Peacekeeper_3D/Content/Realistic_Starter_VFX_Pack_Vol2/Mesh/SM_Derbis_A.uasset" 2945
"C:/Users/Murad/Documents/Unreal Projects/Peacekeeper_3D/Content/Realistic_Starter_VFX_Pack_Vol2/Particles/Hit/P_Asphalt.uasset" 2946
"C:/Users/Murad/Documents/Unreal Projects/Peacekeeper_3D/Content/Realistic_Starter_VFX_Pack_Vol2/Materials/M_Spark_A.uasset" 2947
"C:/Users/Murad/Documents/Unreal Projects/Peacekeeper_3D/Content/Realistic_Starter_VFX_Pack_Vol2/Materials/M_Heat_Distortion.uasset" 2948
"C:/Users/Murad/Documents/Unreal Projects/Peacekeeper_3D/Content/Realistic_Starter_VFX_Pack_Vol2/Textures/T_Fire_F.uasset" 2949
"C:/Users/Murad/Documents/Unreal Projects/Peacekeeper_3D/Content/Realistic_Starter_VFX_Pack_Vol2/Textures/T_Fire_B.uasset" 2950
"C:/Users/Murad/Documents/Unreal Projects/Peacekeeper_3D/Content/Realistic_Starter_VFX_Pack_Vol2/Materials/M_Fire_C.uasset" 2951
"C:/Users/Murad/Documents/Unreal Projects/Peacekeeper_3D/Content/Realistic_Starter_VFX_Pack_Vol2/Vectorfields/VectorField_B.uasset" 2952
"C:/Users/Murad/Documents/Unreal Projects/Peacekeeper_3D/Content/Realistic_Starter_VFX_Pack_Vol2/Particles/Fire/P_flamethrower.uasset" 2953
"C:/Users/Murad/Documents/Unreal Projects/Peacekeeper_3D/Content/Realistic_Starter_VFX_Pack_Vol2/Particles/Fire/P_Fire_Wall.uasset" 2954
"C:/Users/Murad/Documents/Unreal Projects/Peacekeeper_3D/Content/Realistic_Starter_VFX_Pack_Vol2/Textures/T_Fire_D.uasset" 2955
"C:/Users/Murad/AppData/Local/UnrealEngine/Common/DerivedDataCache/2/1/4/STATICMESH_9CE2B6FB46754B699726C4AA1515F12E_228332BAE0224DD294E232B87D83948FQU__1A0603017698EA1B6F0E3ABA980F0EDB5F5E3498.udd" 2956
"C:/Users/Murad/AppData/Local/UnrealEngine/Common/DerivedDataCache/8/3/5/PHYSX_A08609EF508D460CBB6710540B03AACF_PHYSXPC_778F40304A970A3CE629D0988145AFE__F98DB3CF941ACD514C6E6BFE81043173691D4030.udd" 2957
"C:/Users/Murad/AppData/Local/UnrealEngine/Common/DerivedDataCache/8/6/0/NAVCOLLISION_2983273BE5D6425391E8C0B3D1C0A55D_NAVCOLLISION_X_778F40304A970A3CE__FCE5699E025EEFDB08A79AA45466989838153505.udd" 2958
"C:/Users/Murad/Documents/Unreal Projects/Peacekeeper_3D/Content/Realistic_Starter_VFX_Pack_Vol2/Materials/M_Fire_B.uasset" 2959
"C:/Users/Murad/Documents/Unreal Projects/Peacekeeper_3D/Content/Realistic_Starter_VFX_Pack_Vol2/Particles/Fire/P_Fire_Small.uasset" 2960
"C:/Users/Murad/Documents/Unreal Projects/Peacekeeper_3D/Content/Realistic_Starter_VFX_Pack_Vol2/Particles/Fire/P_Fire_Big.uasset" 2961
"C:/Users/Murad/AppData/Local/UnrealEngine/Common/DerivedDataCache/5/2/2/STATICMESH_9CE2B6FB46754B699726C4AA1515F12E_228332BAE0224DD294E232B87D83948FQU__8CC8420A66B3CB15D97427EBECC50DEAA351C7BB.udd" 2962
"C:/Users/Murad/AppData/Local/UnrealEngine/Common/DerivedDataCache/0/9/1/PHYSX_A08609EF508D460CBB6710540B03AACF_PHYSXPC_CC29601541DFCB3FF8FE7FA9F010238__062D8805585C70987DBA673530E001E9D37C809B.udd" 2963
"C:/Users/Murad/AppData/Local/UnrealEngine/Common/DerivedDataCache/9/7/2/NAVCOLLISION_2983273BE5D6425391E8C0B3D1C0A55D_NAVCOLLISION_X_CC29601541DFCB3FF__C1FBE1221F20FC6749655489A9079F0A935731BE.udd" 2964
"C:/Users/Murad/Documents/Unreal Projects/Peacekeeper_3D/Content/Realistic_Starter_VFX_Pack_Vol2/Textures/T_Flare_D.uasset" 2965
"C:/Users/Murad/Documents/Unreal Projects/Peacekeeper_3D/Content/Realistic_Starter_VFX_Pack_Vol2/Materials/M_Glow_D.uasset" 2966
"C:/Users/Murad/AppData/Local/UnrealEngine/Common/DerivedDataCache/8/5/4/STATICMESH_9CE2B6FB46754B699726C4AA1515F12E_228332BAE0224DD294E232B87D83948FQU__4E276E256756018295CFB729E3BDAAA6C90046C8.udd" 2967
"C:/Users/Murad/AppData/Local/UnrealEngine/Common/DerivedDataCache/2/6/7/PHYSX_A08609EF508D460CBB6710540B03AACF_PHYSXPC_9008687249E423290EC6E4B8E9A4861__4A6EE72A03C753A2C6F2C41591028F2B00373350.udd" 2968
"C:/Users/Murad/AppData/Local/UnrealEngine/Common/DerivedDataCache/3/9/7/NAVCOLLISION_2983273BE5D6425391E8C0B3D1C0A55D_NAVCOLLISION_X_9008687249E423290__80964C9A0928DB5FECA9B2D2D93953A82B26C533.udd" 2969
"C:/Users/Murad/Documents/Unreal Projects/Peacekeeper_3D/Content/Realistic_Starter_VFX_Pack_Vol2/Textures/T_Fire_A.uasset" 2970
"C:/Users/Murad/Documents/Unreal Projects/Peacekeeper_3D/Content/Realistic_Starter_VFX_Pack_Vol2/Materials/M_Fire_Splat.uasset" 2971
"C:/Users/Murad/Documents/Unreal Projects/Peacekeeper_3D/Content/Realistic_Starter_VFX_Pack_Vol2/Particles/Explosion/P_Molotov.uasset" 2972
"C:/Users/Murad/Documents/Unreal Projects/Peacekeeper_3D/Content/Realistic_Starter_VFX_Pack_Vol2/Materials/M_Glow_B.uasset" 2973
"C:/Users/Murad/Documents/Unreal Projects/Peacekeeper_3D/Content/Realistic_Starter_VFX_Pack_Vol2/Particles/Explosion/P_Explosion_Smoke.uasset" 2974
"C:/Users/Murad/Documents/Unreal Projects/Peacekeeper_3D/Content/Realistic_Starter_VFX_Pack_Vol2/Textures/T_Epxlosion_G.uasset" 2975
"C:/Users/Murad/Documents/Unreal Projects/Peacekeeper_3D/Content/Realistic_Starter_VFX_Pack_Vol2/Materials/M_Explosion_G.uasset" 2976
"C:/Users/Murad/Documents/Unreal Projects/Peacekeeper_3D/Content/Realistic_Starter_VFX_Pack_Vol2/Textures/T_Explosion_E.uasset" 2977
"C:/Users/Murad/Documents/Unreal Projects/Peacekeeper_3D/Content/Realistic_Starter_VFX_Pack_Vol2/Materials/M_Explosion_E.uasset" 2978
"C:/Users/Murad/Documents/Unreal Projects/Peacekeeper_3D/Content/Realistic_Starter_VFX_Pack_Vol2/Particles/Explosion/P_Explosion_Big_C.uasset" 2979
"C:/Users/Murad/Documents/Unreal Projects/Peacekeeper_3D/Content/Realistic_Starter_VFX_Pack_Vol2/Textures/T_Impact.uasset" 2980
"C:/Users/Murad/Documents/Unreal Projects/Peacekeeper_3D/Content/Realistic_Starter_VFX_Pack_Vol2/Materials/M_Impact_C.uasset" 2981
"C:/Users/Murad/Documents/Unreal Projects/Peacekeeper_3D/Content/Realistic_Starter_VFX_Pack_Vol2/Textures/T_Epxlosion_F.uasset" 2982
"C:/Users/Murad/Documents/Unreal Projects/Peacekeeper_3D/Content/Realistic_Starter_VFX_Pack_Vol2/Materials/M_Explosion_D.uasset" 2983
"C:/Users/Murad/Documents/Unreal Projects/Peacekeeper_3D/Content/Realistic_Starter_VFX_Pack_Vol2/Particles/Explosion/P_Explosion_Big_B.uasset" 2984
"C:/Users/Murad/Documents/Unreal Projects/Peacekeeper_3D/Content/Realistic_Starter_VFX_Pack_Vol2/Particles/Explosion/P_Explosion_Big_A.uasset" 2985
"C:/Users/Murad/Documents/Unreal Projects/Peacekeeper_3D/Content/Realistic_Starter_VFX_Pack_Vol2/Vectorfields/VectorField_C.uasset" 2986
"C:/Users/Murad/Documents/Unreal Projects/Peacekeeper_3D/Content/Realistic_Starter_VFX_Pack_Vol2/Particles/Environment/P_Leaves_Vortex.uasset" 2987
"C:/Users/Murad/Documents/Unreal Projects/Peacekeeper_3D/Content/Realistic_Starter_VFX_Pack_Vol2/Textures/T_Fish_NM.uasset" 2988
"C:/Users/Murad/Documents/Unreal Projects/Peacekeeper_3D/Content/Realistic_Starter_VFX_Pack_Vol2/Textures/T_Fish.uasset" 2989
"../../../Engine/Content/Functions/Engine_MaterialFunctions02/WorldPositionOffset/ObjectPivotPoint.uasset" 2990
"../../../Engine/Content/Functions/Engine_MaterialFunctions02/WorldPositionOffset/RotateAboutWorldAxis_cheap.uasset" 2991
"C:/Users/Murad/Documents/Unreal Projects/Peacekeeper_3D/Content/Realistic_Starter_VFX_Pack_Vol2/Materials/M_Fish_A.uasset" 2992
"C:/Users/Murad/Documents/Unreal Projects/Peacekeeper_3D/Content/Realistic_Starter_VFX_Pack_Vol2/Particles/Environment/P_Fish_B.uasset" 2993
"C:/Users/Murad/Documents/Unreal Projects/Peacekeeper_3D/Content/Realistic_Starter_VFX_Pack_Vol2/Particles/Environment/P_Fish_A.uasset" 2994
"C:/Users/Murad/Documents/Unreal Projects/Peacekeeper_3D/Content/Realistic_Starter_VFX_Pack_Vol2/Textures/T_Dandelion.uasset" 2995
"C:/Users/Murad/Documents/Unreal Projects/Peacekeeper_3D/Content/Realistic_Starter_VFX_Pack_Vol2/Materials/M_Dandelion.uasset" 2996
"C:/Users/Murad/Documents/Unreal Projects/Peacekeeper_3D/Content/Realistic_Starter_VFX_Pack_Vol2/Particles/Environment/P_Dandelion.uasset" 2997
"C:/Users/Murad/Documents/Unreal Projects/Peacekeeper_3D/Content/Realistic_Starter_VFX_Pack_Vol2/Textures/T_Butterfly.uasset" 2998
"C:/Users/Murad/Documents/Unreal Projects/Peacekeeper_3D/Content/Realistic_Starter_VFX_Pack_Vol2/Materials/M_Butterfly.uasset" 2999
"C:/Users/Murad/Documents/Unreal Projects/Peacekeeper_3D/Content/Realistic_Starter_VFX_Pack_Vol2/Particles/Environment/P_Butterfly.uasset" 3000
"C:/Users/Murad/Documents/Unreal Projects/Peacekeeper_3D/Content/Realistic_Starter_VFX_Pack_Vol2/Textures/T_Wood.uasset" 3001
"C:/Users/Murad/Documents/Unreal Projects/Peacekeeper_3D/Content/Realistic_Starter_VFX_Pack_Vol2/Textures/T_NoiseNormal_A.uasset" 3002
"C:/Users/Murad/Documents/Unreal Projects/Peacekeeper_3D/Content/Realistic_Starter_VFX_Pack_Vol2/Materials/M_Wood.uasset" 3003
"C:/Users/Murad/Documents/Unreal Projects/Peacekeeper_3D/Content/Realistic_Starter_VFX_Pack_Vol2/Particles/Destruction/P_Destruction_Wood.uasset" 3004
"C:/Users/Murad/Documents/Unreal Projects/Peacekeeper_3D/Content/Realistic_Starter_VFX_Pack_Vol2/Particles/Destruction/P_Destruction_Metal.uasset" 3005
"C:/Users/Murad/Documents/Unreal Projects/Peacekeeper_3D/Content/Realistic_Starter_VFX_Pack_Vol2/Particles/Destruction/P_Destruction_Glass.uasset" 3006
"C:/Users/Murad/Documents/Unreal Projects/Peacekeeper_3D/Content/Realistic_Starter_VFX_Pack_Vol2/Textures/T_Lightning_A.uasset" 3007
"C:/Users/Murad/Documents/Unreal Projects/Peacekeeper_3D/Content/Realistic_Starter_VFX_Pack_Vol2/Materials/M_Lightning_small.uasset" 3008
"C:/Users/Murad/Documents/Unreal Projects/Peacekeeper_3D/Content/Realistic_Starter_VFX_Pack_Vol2/Particles/Destruction/P_Destruction_Electric.uasset" 3009
"C:/Users/Murad/Documents/Unreal Projects/Peacekeeper_3D/Content/Realistic_Starter_VFX_Pack_Vol2/Particles/Destruction/P_Destruction_Concrete.uasset" 3010
"C:/Users/Murad/Documents/Unreal Projects/Peacekeeper_3D/Content/Realistic_Starter_VFX_Pack_Vol2/Particles/Destruction/P_Destruction_Ceramic.uasset" 3011
"C:/Users/Murad/Documents/Unreal Projects/Peacekeeper_3D/Content/Realistic_Starter_VFX_Pack_Vol2/Particles/Destruction/P_Destruction_Building_B.uasset" 3012
"C:/Users/Murad/Documents/Unreal Projects/Peacekeeper_3D/Content/Realistic_Starter_VFX_Pack_Vol2/Materials/M_Glow_A.uasset" 3013
"C:/Users/Murad/Documents/Unreal Projects/Peacekeeper_3D/Content/Realistic_Starter_VFX_Pack_Vol2/Particles/Destruction/P_Destruction_Building_A.uasset" 3014
"C:/Users/Murad/Documents/Unreal Projects/Peacekeeper_3D/Content/Realistic_Starter_VFX_Pack_Vol2/Materials/M_Basic_Shape.uasset" 3015
"C:/Users/Murad/Documents/Unreal Projects/Peacekeeper_3D/Content/Realistic_Starter_VFX_Pack_Vol2/Textures/T_Flies.uasset" 3016
"C:/Users/Murad/Documents/Unreal Projects/Peacekeeper_3D/Content/Realistic_Starter_VFX_Pack_Vol2/Textures/T_Fireflies_Emms.uasset" 3017
"C:/Users/Murad/Documents/Unreal Projects/Peacekeeper_3D/Content/Realistic_Starter_VFX_Pack_Vol2/Materials/M_Flies.uasset" 3018
"C:/Users/Murad/Documents/Unreal Projects/Peacekeeper_3D/Content/Realistic_Starter_VFX_Pack_Vol2/Particles/Environment/P_Fireflies.uasset" 3019
"C:/Users/Murad/Documents/Unreal Projects/Peacekeeper_3D/Content/Realistic_Starter_VFX_Pack_Vol2/Demo_Room/Materials/M_DemoWall.uasset" 3020
"C:/Users/Murad/Documents/Unreal Projects/Peacekeeper_3D/Content/Realistic_Starter_VFX_Pack_Vol2/Demo_Room/Materials/M_DemoWall_Inst.uasset" 3021
"C:/Users/Murad/Documents/Unreal Projects/Peacekeeper_3D/Content/Realistic_Starter_VFX_Pack_Vol2/Demo_Room/Materials/M_DemoWall_Inst_3.uasset" 3022
"C:/Users/Murad/Documents/Unreal Projects/Peacekeeper_3D/Content/Realistic_Starter_VFX_Pack_Vol2/Demo_Room/Materials/M_DemoWall_Inst_NamePlate.uasset" 3023
"C:/Users/Murad/Documents/Unreal Projects/Peacekeeper_3D/Content/Realistic_Starter_VFX_Pack_Vol2/Demo_Room/Materials/M_DemoWall_Inst_BaseFloor_Inst.uasset" 3024
"C:/Users/Murad/Documents/Unreal Projects/Peacekeeper_3D/Content/Realistic_Starter_VFX_Pack_Vol2/Demo_Room/Meshes/SM_NamePlate.uasset" 3025
"C:/Users/Murad/Documents/Unreal Projects/Peacekeeper_3D/Content/Realistic_Starter_VFX_Pack_Vol2/Demo_Room/Materials/M_DemoWall_Inst2.uasset" 3026
"C:/Users/Murad/Documents/Unreal Projects/Peacekeeper_3D/Content/Realistic_Starter_VFX_Pack_Vol2/Demo_Room/Meshes/SM_BaseRoom.uasset" 3027
"C:/Users/Murad/Documents/Unreal Projects/Peacekeeper_3D/Content/Realistic_Starter_VFX_Pack_Vol2/Demo_Room/Meshes/SM_Base_FlatWall.uasset" 3028
"C:/Users/Murad/Documents/Unreal Projects/Peacekeeper_3D/Content/Realistic_Starter_VFX_Pack_Vol2/Demo_Room/Meshes/SM_Base2.uasset" 3029
"C:/Users/Murad/Documents/Unreal Projects/Peacekeeper_3D/Content/Realistic_Starter_VFX_Pack_Vol2/Demo_Room/Meshes/SM_Base.uasset" 3030
"C:/Users/Murad/Documents/Unreal Projects/Peacekeeper_3D/Content/Realistic_Starter_VFX_Pack_Vol2/Demo_Room/BluePrint/BP_DemoDisplay_Enum.uasset" 3031
"C:/Users/Murad/Documents/Unreal Projects/Peacekeeper_3D/Content/Realistic_Starter_VFX_Pack_Vol2/Demo_Room/Materials/DefaultTextMaterialTranslucentUnlit.uasset" 3032
"C:/Users/Murad/Documents/Unreal Projects/Peacekeeper_3D/Content/Realistic_Starter_VFX_Pack_Vol2/Demo_Room/BluePrint/BP_DemoDisplay.uasset" 3033
"C:/Users/Murad/Documents/Unreal Projects/Peacekeeper_3D/Content/Realistic_Starter_VFX_Pack_Vol2/Blueprints/Spawn_Particle.uasset" 3034
"C:/Users/Murad/Documents/Unreal Projects/Peacekeeper_3D/Content/Realistic_Starter_VFX_Pack_Vol2/Maps/Overview_Map_Night.umap" 3035
"C:/Users/Murad/AppData/Local/UnrealEngine/Common/DerivedDataCache/7/9/5/STATICMESH_9CE2B6FB46754B699726C4AA1515F12E_228332BAE0224DD294E232B87D83948FQU__A435B1A67C46355AF3822F048A5BE361D910BDB5.udd" 3036
"C:/Users/Murad/AppData/Local/UnrealEngine/Common/DerivedDataCache/8/8/4/PHYSX_A08609EF508D460CBB6710540B03AACF_PHYSXPC_E26FE7D9460F50A17FE35D90D838DAF__1F2D5F2FA7CAA2CB965A5E6EF6E764D7E3CADBAD.udd" 3037
"C:/Users/Murad/AppData/Local/UnrealEngine/Common/DerivedDataCache/8/3/6/NAVCOLLISION_2983273BE5D6425391E8C0B3D1C0A55D_NAVCOLLISION_X_E26FE7D9460F50A17__F2CAE6F436BD4A2F541CE0DE5B41CDCD5E45016A.udd" 3038
"C:/Users/Murad/AppData/Local/UnrealEngine/Common/DerivedDataCache/1/8/9/STATICMESH_9CE2B6FB46754B699726C4AA1515F12E_228332BAE0224DD294E232B87D83948FQU__CDA34F51DE9CCD6EF3D9645927D7700A9DBF5257.udd" 3039
"C:/Users/Murad/AppData/Local/UnrealEngine/Common/DerivedDataCache/7/3/1/PHYSX_A08609EF508D460CBB6710540B03AACF_PHYSXPC_D01417C2491E4760CD80E4BBB9EEC91__6AAF612352CAA293552D25FA607DBC5292A30731.udd" 3040
"C:/Users/Murad/AppData/Local/UnrealEngine/Common/DerivedDataCache/6/9/7/NAVCOLLISION_2983273BE5D6425391E8C0B3D1C0A55D_NAVCOLLISION_X_D01417C2491E4760C__06B5DBA2AED83C064EEA064370FEC51A4F526733.udd" 3041
"C:/Users/Murad/AppData/Local/UnrealEngine/Common/DerivedDataCache/5/8/0/TEXTURE_E01F4250BECD420DA9CE63B5EECEC2C2_OODLE_AUTODXT_11_D6A8387F462B30D69308__B004A58D91AA8FAC0CD1D1CC6CABB7B45DCBC972.udd" 3042
"C:/Users/Murad/AppData/Local/UnrealEngine/Common/DerivedDataCache/1/1/1/TEXTURE_E01F4250BECD420DA9CE63B5EECEC2C2_OODLE_AUTODXT_11_D6A8387F462B30D69308__CFE5A77E291E200340AB2B49102C98DD6E846FC0.udd" 3043
"C:/Users/Murad/AppData/Local/UnrealEngine/Common/DerivedDataCache/8/8/5/TEXTURE_E01F4250BECD420DA9CE63B5EECEC2C2_OODLE_AUTODXT_11_D6A8387F462B30D69308__C8B5B8B0759BCECB722CC182B791993EE6EDDF1D.udd" 3044
"C:/Users/Murad/AppData/Local/UnrealEngine/Common/DerivedDataCache/5/3/4/TEXTURE_E01F4250BECD420DA9CE63B5EECEC2C2_OODLE_AUTODXT_11_D6A8387F462B30D69308__594C19958AF8EC99CB5F1132B9E53DDC87DA3E99.udd" 3045
"C:/Users/Murad/AppData/Local/UnrealEngine/Common/DerivedDataCache/5/4/4/TEXTURE_E01F4250BECD420DA9CE63B5EECEC2C2_OODLE_AUTODXT_11_D6A8387F462B30D69308__C19328BE51975D0BF9DD51567CE66C030602D8A2.udd" 3046
"C:/Users/Murad/AppData/Local/UnrealEngine/Common/DerivedDataCache/8/7/1/TEXTURE_E01F4250BECD420DA9CE63B5EECEC2C2_OODLE_AUTODXT_11_D6A8387F462B30D69308__C44074F3076005F197461902EA316FCEBE287C0F.udd" 3047
"C:/Users/Murad/AppData/Local/UnrealEngine/Common/DerivedDataCache/8/7/0/MATSM_0BA69734E4FD45E082FA4560DBE25454_PCD3D_SM5_8__BC5N_NOCCBN_NOIRIS_DEV_SL___2FFF90B26D5E6B231A29FBA6494B7E53EB9F7B8D.udd" 3048
"C:/Users/Murad/AppData/Local/UnrealEngine/Common/DerivedDataCache/9/5/4/MATSM_0BA69734E4FD45E082FA4560DBE25454_PCD3D_SM5_8__BC5N_NOCCBN_NOIRIS_DEV_SL___35CDD93BB8EBA34B0174D7E2F34BB9702B7A852E.udd" 3049
"C:/Users/Murad/AppData/Local/UnrealEngine/Common/DerivedDataCache/9/8/8/MATSM_0BA69734E4FD45E082FA4560DBE25454_PCD3D_SM5_8__BC5N_NOCCBN_NOIRIS_DEV_SL___57D93A8306E03B56385910A4A4004A54AC773F7F.udd" 3050
"C:/Users/Murad/AppData/Local/UnrealEngine/Common/DerivedDataCache/5/6/0/TEXTURE_E01F4250BECD420DA9CE63B5EECEC2C2_OODLE_AUTODXT_11_167FC8EA468306AAB299__64167F11C2CF73F206E72DC9CE3F8DF8A2A61AEE.udd" 3051
"C:/Users/Murad/AppData/Local/UnrealEngine/Common/DerivedDataCache/2/2/1/TEXTURE_E01F4250BECD420DA9CE63B5EECEC2C2_OODLE_AUTODXT_11_A2D80AE84FEC07A7FBF0__455C78982D55E26CA5D54418B8D1596E662C4EF5.udd" 3052
"C:/Users/Murad/AppData/Local/UnrealEngine/Common/DerivedDataCache/1/2/3/TEXTURE_E01F4250BECD420DA9CE63B5EECEC2C2_OODLE_AUTODXT_11_167FC8EA468306AAB299__A7B5F8C69198B22715045820D8CB50A7397781CC.udd" 3053
"C:/Users/Murad/AppData/Local/UnrealEngine/Common/DerivedDataCache/4/1/7/TEXTURE_E01F4250BECD420DA9CE63B5EECEC2C2_OODLE_AUTODXT_11_167FC8EA468306AAB299__1C302FF1F99E24DFDEFCE93B4709B4D38E6FF734.udd" 3054
"C:/Users/Murad/AppData/Local/UnrealEngine/Common/DerivedDataCache/4/9/3/TEXTURE_E01F4250BECD420DA9CE63B5EECEC2C2_OODLE_AUTODXT_11_167FC8EA468306AAB299__DD35B59AFAEAA471D17EEAFFDF22A31AE6945396.udd" 3055
"C:/Users/Murad/AppData/Local/UnrealEngine/Common/DerivedDataCache/8/0/3/TEXTURE_E01F4250BECD420DA9CE63B5EECEC2C2_OODLE_AUTODXT_11_A2D80AE84FEC07A7FBF0__E2E87E0C73A451B243F09C3022596FCB7AADD775.udd" 3056
"C:/Users/Murad/AppData/Local/UnrealEngine/Common/DerivedDataCache/1/9/2/TEXTURE_E01F4250BECD420DA9CE63B5EECEC2C2_OODLE_AUTODXT_11_6C382A804AA085B4184C__A353252F2CB445082593B646E7003D39C0A69F96.udd" 3057
"C:/Users/Murad/AppData/Local/UnrealEngine/Common/DerivedDataCache/4/9/4/TEXTURE_E01F4250BECD420DA9CE63B5EECEC2C2_OODLE_AUTODXT_11_167FC8EA468306AAB299__EB8DFA54A39AD9A8C7671F6268DFB88DFF5F4473.udd" 3058
"C:/Users/Murad/AppData/Local/UnrealEngine/Common/DerivedDataCache/0/1/3/TEXTURE_E01F4250BECD420DA9CE63B5EECEC2C2_OODLE_DXT1_11_0898941F46AED4D28F75BFA__2ACEE92138ECED0CD7D6625232B33D66514E7FAF.udd" 3059
"C:/Users/Murad/AppData/Local/UnrealEngine/Common/DerivedDataCache/4/5/9/TEXTURE_E01F4250BECD420DA9CE63B5EECEC2C2_OODLE_DXT1_11_093EC57143E35EC90446E98__CB3CEA14296691D3A9E6060F29A24D1325DD1A31.udd" 3060
"C:/Users/Murad/AppData/Local/UnrealEngine/Common/DerivedDataCache/4/8/0/TEXTURE_E01F4250BECD420DA9CE63B5EECEC2C2_OODLE_DXT1_11_D556CBEA440080762560F19__57FDBCAFA0FE646D8D95C06E84A34EBF6F858991.udd" 3061
"C:/Users/Murad/AppData/Local/UnrealEngine/Common/DerivedDataCache/4/6/4/TEXTURE_E01F4250BECD420DA9CE63B5EECEC2C2_OODLE_DXT1_11_0898941F46AED4D28F75BFA__F3F7540FAF1CCBCA28D2F8F9541E3C3DABD9DEAC.udd" 3062
"C:/Users/Murad/AppData/Local/UnrealEngine/Common/DerivedDataCache/3/7/4/TEXTURE_E01F4250BECD420DA9CE63B5EECEC2C2_OODLE_DXT1_11_0898941F46AED4D28F75BFA__56BDE5206C866AA4545B5968E9B9CBB50880AE95.udd" 3063
"C:/Users/Murad/AppData/Local/UnrealEngine/Common/DerivedDataCache/1/8/0/TEXTURE_E01F4250BECD420DA9CE63B5EECEC2C2_OODLE_DXT1_11_0898941F46AED4D28F75BFA__AC7E80EA96D2DADFF33494FD2894AF2367D8873D.udd" 3064
"C:/Users/Murad/AppData/Local/UnrealEngine/Common/DerivedDataCache/7/1/3/TEXTURE_E01F4250BECD420DA9CE63B5EECEC2C2_OODLE_DXT1_11_0898941F46AED4D28F75BFA__38288D036AC0ED7C16BD46ADC501112EB21AAE0C.udd" 3065
"C:/Users/Murad/AppData/Local/UnrealEngine/Common/DerivedDataCache/9/5/3/TEXTURE_E01F4250BECD420DA9CE63B5EECEC2C2_OODLE_DXT1_11_093EC57143E35EC90446E98__10DEB7AFC292AFF966D8344CF7E924A5101940FF.udd" 3066
"C:/Users/Murad/AppData/Local/UnrealEngine/Common/DerivedDataCache/3/9/6/TEXTURE_E01F4250BECD420DA9CE63B5EECEC2C2_G8_2D9775674BF5DAFE83BA6495E3714F37_0__C3B8A48B5782EA1678DAE8BDC437731C31A5A2F7.udd" 3067
"C:/Users/Murad/AppData/Local/UnrealEngine/Common/DerivedDataCache/3/7/8/TEXTURE_E01F4250BECD420DA9CE63B5EECEC2C2_BGRA8_6E8B369543D42AA9440C3AB2C5C1DF1__DF0D6794F7F7EA0A5EA0169A836FEAA7B5E0438F.udd" 3068
"C:/Users/Murad/AppData/Local/UnrealEngine/Common/DerivedDataCache/3/1/8/TEXTURE_E01F4250BECD420DA9CE63B5EECEC2C2_G8_D7D0841549EF6BA7307538A952C6F82B_0__A3BB08DDA2526BF32F74B537C0ACFAF591FD3E68.udd" 3069
"C:/Users/Murad/AppData/Local/UnrealEngine/Common/DerivedDataCache/0/9/5/TEXTURE_E01F4250BECD420DA9CE63B5EECEC2C2_G8_2D9775674BF5DAFE83BA6495E3714F37_0__9E574EE05DB4B8A2CCC9107042A9385F109C38F0.udd" 3070
"C:/Users/Murad/AppData/Local/UnrealEngine/Common/DerivedDataCache/7/6/5/TEXTURE_E01F4250BECD420DA9CE63B5EECEC2C2_G8_2D9775674BF5DAFE83BA6495E3714F37_0__72F3680CB76C59885C5545684B591C6C6EFEA608.udd" 3071
"C:/Users/Murad/AppData/Local/UnrealEngine/Common/DerivedDataCache/7/7/5/TEXTURE_E01F4250BECD420DA9CE63B5EECEC2C2_G8_2D9775674BF5DAFE83BA6495E3714F37_0__FDCE6D27206FF8E5C2C74FE9ECD07DC962551BDE.udd" 3072
"C:/Users/Murad/AppData/Local/UnrealEngine/Common/DerivedDataCache/5/7/4/TEXTURE_E01F4250BECD420DA9CE63B5EECEC2C2_OODLE_AUTODXT_11_8113301343721AC196E6__1F83A547DC3668007B8B610BD66EB69E5CF477C0.udd" 3073
"C:/Users/Murad/AppData/Local/UnrealEngine/Common/DerivedDataCache/4/0/9/TEXTURE_E01F4250BECD420DA9CE63B5EECEC2C2_G8_2D9775674BF5DAFE83BA6495E3714F37_0__970B316DA7E10BFF7A49E1615283C7E498B934E0.udd" 3074
"C:/Users/Murad/AppData/Local/UnrealEngine/Common/DerivedDataCache/6/4/9/TEXTURE_E01F4250BECD420DA9CE63B5EECEC2C2_OODLE_AUTODXT_11_E3958A6D418317E026FA__D0EB2592E5F96A67DA64D15CED32DA08A1D33E0C.udd" 3075
"C:/Users/Murad/AppData/Local/UnrealEngine/Common/DerivedDataCache/2/4/7/TEXTURE_E01F4250BECD420DA9CE63B5EECEC2C2_OODLE_AUTODXT_11_EC6A150049ADA98C53B3__4B2895543FAF9E3B3ABB1942F3E26BCB858D2408.udd" 3076
"C:/Users/Murad/AppData/Local/UnrealEngine/Common/DerivedDataCache/8/8/3/TEXTURE_E01F4250BECD420DA9CE63B5EECEC2C2_OODLE_AUTODXT_11_8113301343721AC196E6__5C694D1E26B78DDC21CA32867D1BD521735A3BC0.udd" 3077
"C:/Users/Murad/AppData/Local/UnrealEngine/Common/DerivedDataCache/4/1/4/TEXTURE_E01F4250BECD420DA9CE63B5EECEC2C2_OODLE_AUTODXT_11_8113301343721AC196E6__ED1B96B535032127A4D37C8A399AAE2AB1D589D2.udd" 3078
"C:/Users/Murad/AppData/Local/UnrealEngine/Common/DerivedDataCache/1/9/3/TEXTURE_E01F4250BECD420DA9CE63B5EECEC2C2_OODLE_AUTODXT_11_8113301343721AC196E6__A7AC05E6FC7E12178CFE1C2D87445F1552C07A54.udd" 3079
"C:/Users/Murad/AppData/Local/UnrealEngine/Common/DerivedDataCache/1/3/2/TEXTURE_E01F4250BECD420DA9CE63B5EECEC2C2_OODLE_AUTODXT_11_E3958A6D418317E026FA__D3B79C0484526CD6CA30C216A618801F5BBB0105.udd" 3080
"C:/Users/Murad/AppData/Local/UnrealEngine/Common/DerivedDataCache/0/9/8/TEXTURE_E01F4250BECD420DA9CE63B5EECEC2C2_OODLE_AUTODXT_11_8113301343721AC196E6__2C103A64E1A483C0A4CFEE81A681C27E0BDA27DE.udd" 3081
"C:/Users/Murad/AppData/Local/UnrealEngine/Common/DerivedDataCache/0/5/3/TEXTURE_E01F4250BECD420DA9CE63B5EECEC2C2_OODLE_AUTODXT_11_940E3F1C4DA87895211A__8EB3032A4E49ED9466BFA8F770B5CFF53DCDEF64.udd" 3082
"C:/Users/Murad/AppData/Local/UnrealEngine/Common/DerivedDataCache/6/9/6/TEXTURE_E01F4250BECD420DA9CE63B5EECEC2C2_OODLE_AUTODXT_11_566798AB486FD53B43F7__5F4370EB98516730A216C12DB84F634A8B738CDA.udd" 3083
"C:/Users/Murad/AppData/Local/UnrealEngine/Common/DerivedDataCache/5/8/2/TEXTURE_E01F4250BECD420DA9CE63B5EECEC2C2_OODLE_AUTODXT_11_940E3F1C4DA87895211A__452EB34DBA8E74A8E78AA468A85D7E803CD0F80D.udd" 3084
"C:/Users/Murad/AppData/Local/UnrealEngine/Common/DerivedDataCache/6/4/3/TEXTURE_E01F4250BECD420DA9CE63B5EECEC2C2_OODLE_AUTODXT_11_940E3F1C4DA87895211A__360CE8F63FF301DB0BBF73FB19ECB1D0592DA68A.udd" 3085
"C:/Users/Murad/AppData/Local/UnrealEngine/Common/DerivedDataCache/9/1/2/TEXTURE_E01F4250BECD420DA9CE63B5EECEC2C2_OODLE_AUTODXT_11_39FA6A2242A7B24FC00E__9BF29334EA326B802839A1EA597B0CBF7EEFFF27.udd" 3086
"C:/Users/Murad/AppData/Local/UnrealEngine/Common/DerivedDataCache/6/1/9/TEXTURE_E01F4250BECD420DA9CE63B5EECEC2C2_OODLE_AUTODXT_11_940E3F1C4DA87895211A__EC7946FB8BFBD72E1E32B1A36EB5837DDDE075DD.udd" 3087
"C:/Users/Murad/AppData/Local/UnrealEngine/Common/DerivedDataCache/2/4/0/TEXTURE_E01F4250BECD420DA9CE63B5EECEC2C2_OODLE_AUTODXT_11_940E3F1C4DA87895211A__276246FE951AB0FCDA8913D5CDEA11040416A4F3.udd" 3088
"C:/Users/Murad/AppData/Local/UnrealEngine/Common/DerivedDataCache/8/0/9/TEXTURE_E01F4250BECD420DA9CE63B5EECEC2C2_OODLE_AUTODXT_11_566798AB486FD53B43F7__EB27FCB91274FB9212D8F2BF18C34ADE5F4B6E23.udd" 3089
"C:/Users/Murad/AppData/Local/UnrealEngine/Common/DerivedDataCache/8/9/6/TEXTURE_E01F4250BECD420DA9CE63B5EECEC2C2_OODLE_AUTODXT_11_F8A3A1EE4DCD5A133860__07850283357612B5C56D93FEDDCF16F68CDF1A06.udd" 3090
"C:/Users/Murad/AppData/Local/UnrealEngine/Common/DerivedDataCache/9/0/9/TEXTURE_E01F4250BECD420DA9CE63B5EECEC2C2_OODLE_AUTODXT_11_0C27522C44B1EB6779F7__C13FDB6FDE9CBC48A6CDC0A08861F2808E890FFB.udd" 3091
"C:/Users/Murad/AppData/Local/UnrealEngine/Common/DerivedDataCache/6/5/6/TEXTURE_E01F4250BECD420DA9CE63B5EECEC2C2_OODLE_AUTODXT_11_F8A3A1EE4DCD5A133860__7441F3A9AFF3EBDA600C20D4B0E4BB6BAD8DFF5D.udd" 3092
"C:/Users/Murad/AppData/Local/UnrealEngine/Common/DerivedDataCache/9/5/5/TEXTURE_E01F4250BECD420DA9CE63B5EECEC2C2_OODLE_AUTODXT_11_F8A3A1EE4DCD5A133860__D1D2A8C7F3423741A5C48D2FA829A62454434C06.udd" 3093
"C:/Users/Murad/AppData/Local/UnrealEngine/Common/DerivedDataCache/8/1/2/TEXTURE_E01F4250BECD420DA9CE63B5EECEC2C2_OODLE_AUTODXT_11_F8A3A1EE4DCD5A133860__EBA29AAA48DD04FFB05942B1135730304E2DB102.udd" 3094
"C:/Users/Murad/AppData/Local/UnrealEngine/Common/DerivedDataCache/3/6/8/TEXTURE_E01F4250BECD420DA9CE63B5EECEC2C2_OODLE_AUTODXT_11_F8A3A1EE4DCD5A133860__8C72C75D0BAFB2884349E20F58EFA929F90C45A0.udd" 3095
"C:/Users/Murad/AppData/Local/UnrealEngine/Common/DerivedDataCache/0/8/1/TEXTURE_E01F4250BECD420DA9CE63B5EECEC2C2_OODLE_AUTODXT_11_D783BF544465A5FCC9C0__F5395E30D83031904749077C3C6EA0D6E712CD83.udd" 3096
"C:/Users/Murad/AppData/Local/UnrealEngine/Common/DerivedDataCache/7/1/7/TEXTURE_E01F4250BECD420DA9CE63B5EECEC2C2_OODLE_AUTODXT_11_0C27522C44B1EB6779F7__C56DFB991A77E65651B7D7B33BA9A4DBAB52E81C.udd" 3097
"C:/Users/Murad/AppData/Local/UnrealEngine/Common/DerivedDataCache/0/5/9/TEXTURE_E01F4250BECD420DA9CE63B5EECEC2C2_OODLE_AUTODXT_11_0C27522C44B1EB6779F7__DC17312BC40810ACBBDBA7F626EB8B9552155B6A.udd" 3098
"C:/Users/Murad/AppData/Local/UnrealEngine/Common/DerivedDataCache/4/1/3/TEXTURE_E01F4250BECD420DA9CE63B5EECEC2C2_OODLE_AUTODXT_11_B628D8044EC78965D5B0__2D8875165E87F34D92406573F2270BA42153FAE1.udd" 3099
"C:/Users/Murad/AppData/Local/UnrealEngine/Common/DerivedDataCache/9/7/0/TEXTURE_E01F4250BECD420DA9CE63B5EECEC2C2_OODLE_AUTODXT_11_0C27522C44B1EB6779F7__AE045F92C8C82327945559C9AE6D3479CEB317BB.udd" 3100
"C:/Users/Murad/AppData/Local/UnrealEngine/Common/DerivedDataCache/8/7/4/TEXTURE_E01F4250BECD420DA9CE63B5EECEC2C2_OODLE_AUTODXT_11_0C27522C44B1EB6779F7__1BF8D87A33DF8F43D7CFE35BBC0362F2D191356C.udd" 3101
"C:/Users/Murad/AppData/Local/UnrealEngine/Common/DerivedDataCache/2/9/2/TEXTURE_E01F4250BECD420DA9CE63B5EECEC2C2_OODLE_AUTODXT_11_D783BF544465A5FCC9C0__EAA81A3A539B300675C9B63E03CF52EBB219324A.udd" 3102
"C:/Users/Murad/AppData/Local/UnrealEngine/Common/DerivedDataCache/5/5/6/TEXTURE_E01F4250BECD420DA9CE63B5EECEC2C2_OODLE_AUTODXT_11_8190606B44E2ED19A96D__8FED8DC14FA6A933AC48FB3C50E8DB66C54BBD76.udd" 3103
"C:/Users/Murad/AppData/Local/UnrealEngine/Common/DerivedDataCache/0/9/1/TEXTURE_E01F4250BECD420DA9CE63B5EECEC2C2_OODLE_AUTODXT_11_D783BF544465A5FCC9C0__6A85363E4A8FF00470F8B552010F787F3B5A7D08.udd" 3104
"C:/Users/Murad/AppData/Local/UnrealEngine/Common/DerivedDataCache/9/9/3/TEXTURE_E01F4250BECD420DA9CE63B5EECEC2C2_OODLE_AUTODXT_11_B628D8044EC78965D5B0__9D2A226FEA549635A2028D8780517C073F18227B.udd" 3105
"C:/Users/Murad/AppData/Local/UnrealEngine/Common/DerivedDataCache/8/6/0/TEXTURE_E01F4250BECD420DA9CE63B5EECEC2C2_OODLE_AUTODXT_11_D783BF544465A5FCC9C0__CD224CF4EFA7E09CB877E06621704C3F9F49FFE3.udd" 3106
"C:/Users/Murad/AppData/Local/UnrealEngine/Common/DerivedDataCache/8/2/5/TEXTURE_E01F4250BECD420DA9CE63B5EECEC2C2_OODLE_AUTODXT_11_D783BF544465A5FCC9C0__BEC1A969473682B24595F91EF59F778D51E7EC13.udd" 3107
"C:/Users/Murad/AppData/Local/UnrealEngine/Common/DerivedDataCache/1/7/9/TEXTURE_E01F4250BECD420DA9CE63B5EECEC2C2_OODLE_AUTODXT_11_B628D8044EC78965D5B0__5F9F992BB2E117362F438F252B838D2DF1AA6179.udd" 3108
"C:/Users/Murad/AppData/Local/UnrealEngine/Common/DerivedDataCache/9/3/1/TEXTURE_E01F4250BECD420DA9CE63B5EECEC2C2_OODLE_AUTODXT_11_B628D8044EC78965D5B0__03CE29773D363BF009C74AA711D94C7D1E895A5F.udd" 3109
"C:/Users/Murad/AppData/Local/UnrealEngine/Common/DerivedDataCache/1/1/7/TEXTURE_E01F4250BECD420DA9CE63B5EECEC2C2_OODLE_AUTODXT_11_8190606B44E2ED19A96D__B5E5877C6D438E9E38DBDA797D07A288BCDE12DD.udd" 3110
"C:/Users/Murad/AppData/Local/UnrealEngine/Common/DerivedDataCache/4/9/3/TEXTURE_E01F4250BECD420DA9CE63B5EECEC2C2_OODLE_AUTODXT_11_8190606B44E2ED19A96D__F46F2C69065010313F6BE7FE3DEDB69EAF5605E8.udd" 3111
"C:/Users/Murad/AppData/Local/UnrealEngine/Common/DerivedDataCache/6/4/9/TEXTURE_E01F4250BECD420DA9CE63B5EECEC2C2_OODLE_AUTODXT_11_8190606B44E2ED19A96D__B538AE1C72F477FC945DCABD85A84FBE6E776EED.udd" 3112
"C:/Users/Murad/AppData/Local/UnrealEngine/Common/DerivedDataCache/9/4/9/TEXTURE_E01F4250BECD420DA9CE63B5EECEC2C2_OODLE_AUTODXT_11_8190606B44E2ED19A96D__5155683138F9D4CA2EDB4A5B401C90B5CD11CFBE.udd" 3113
"C:/Users/Murad/AppData/Local/UnrealEngine/Common/DerivedDataCache/4/7/7/TEXTURE_E01F4250BECD420DA9CE63B5EECEC2C2_OODLE_AUTODXT_11_D193B8D1485B7A8ABAB6__B80C925E0ECB70919E17471C7E582E2E3A3A1812.udd" 3114
"C:/Users/Murad/AppData/Local/UnrealEngine/Common/DerivedDataCache/9/8/8/TEXTURE_E01F4250BECD420DA9CE63B5EECEC2C2_OODLE_AUTODXT_11_326F12A34D4A19D60F8E__DB6F556E5B2C2B891905EA7C2A9BACA0F4609A11.udd" 3115
"C:/Users/Murad/AppData/Local/UnrealEngine/Common/DerivedDataCache/3/3/9/TEXTURE_E01F4250BECD420DA9CE63B5EECEC2C2_OODLE_AUTODXT_11_B628D8044EC78965D5B0__B048D8E9B0D4FD830A8032B8748D9D801785A539.udd" 3116
"C:/Users/Murad/AppData/Local/UnrealEngine/Common/DerivedDataCache/0/1/1/TEXTURE_E01F4250BECD420DA9CE63B5EECEC2C2_OODLE_AUTODXT_11_D193B8D1485B7A8ABAB6__E07CC70B675F3EA0AE458969B53E56A9FC94111F.udd" 3117
"C:/Users/Murad/AppData/Local/UnrealEngine/Common/DerivedDataCache/0/0/5/TEXTURE_E01F4250BECD420DA9CE63B5EECEC2C2_OODLE_AUTODXT_11_D193B8D1485B7A8ABAB6__682EA2BE9E544D904CEC14F9B0D7210248C42176.udd" 3118
"C:/Users/Murad/AppData/Local/UnrealEngine/Common/DerivedDataCache/2/6/4/TEXTURE_E01F4250BECD420DA9CE63B5EECEC2C2_OODLE_AUTODXT_11_326F12A34D4A19D60F8E__9CD04BAC495D08AA009B1A18E46B26B324A3EC3C.udd" 3119
"C:/Users/Murad/AppData/Local/UnrealEngine/Common/DerivedDataCache/0/5/7/TEXTURE_E01F4250BECD420DA9CE63B5EECEC2C2_OODLE_AUTODXT_11_326F12A34D4A19D60F8E__46F66D3ED5958C327FBF4348C3C76B8DB30F4C56.udd" 3120
"C:/Users/Murad/AppData/Local/UnrealEngine/Common/DerivedDataCache/7/8/7/TEXTURE_E01F4250BECD420DA9CE63B5EECEC2C2_OODLE_AUTODXT_11_326F12A34D4A19D60F8E__CAEB9283387BFB5791F012441E46EEB44008DCAA.udd" 3121
"C:/Users/Murad/AppData/Local/UnrealEngine/Common/DerivedDataCache/3/7/5/TEXTURE_E01F4250BECD420DA9CE63B5EECEC2C2_OODLE_AUTODXT_11_D193B8D1485B7A8ABAB6__75147385B5BBF69D463F903FD83376C0EF85366A.udd" 3122
"C:/Users/Murad/AppData/Local/UnrealEngine/Common/DerivedDataCache/0/7/7/TEXTURE_E01F4250BECD420DA9CE63B5EECEC2C2_OODLE_AUTODXT_11_A3AC7D8A43B27F995290__7231335599B3D0D8F462F33EB48621622603751D.udd" 3123
"C:/Users/Murad/AppData/Local/UnrealEngine/Common/DerivedDataCache/7/0/3/TEXTURE_E01F4250BECD420DA9CE63B5EECEC2C2_OODLE_AUTODXT_11_D193B8D1485B7A8ABAB6__E9238BE51775745B5BDA60E004ABF1C2A254AF36.udd" 3124
"C:/Users/Murad/AppData/Local/UnrealEngine/Common/DerivedDataCache/2/1/5/TEXTURE_E01F4250BECD420DA9CE63B5EECEC2C2_OODLE_AUTODXT_11_326F12A34D4A19D60F8E__E3B1DDEF9BBBCBDDC8487B53CF9EA2AAB726B8E3.udd" 3125
"C:/Users/Murad/AppData/Local/UnrealEngine/Common/DerivedDataCache/7/4/6/TEXTURE_E01F4250BECD420DA9CE63B5EECEC2C2_OODLE_DXT1_11_65099668451008C6BA35029__2886867BAEBC1273EE8AA10E7687F637D69E8FF0.udd" 3126
"C:/Users/Murad/AppData/Local/UnrealEngine/Common/DerivedDataCache/6/0/0/TEXTURE_E01F4250BECD420DA9CE63B5EECEC2C2_OODLE_DXT1_11_5A473DF44639EB668E891FA__0E99B3E6B56F18C0F8086FF652E7429B3AF6C2A5.udd" 3127
"C:/Users/Murad/AppData/Local/UnrealEngine/Common/DerivedDataCache/9/0/3/TEXTURE_E01F4250BECD420DA9CE63B5EECEC2C2_OODLE_AUTODXT_11_A3AC7D8A43B27F995290__CF55A5472BCA34F28330243F49DF6FDA9AE6F8C6.udd" 3128
"C:/Users/Murad/AppData/Local/UnrealEngine/Common/DerivedDataCache/2/8/8/TEXTURE_E01F4250BECD420DA9CE63B5EECEC2C2_OODLE_AUTODXT_11_A3AC7D8A43B27F995290__F938ABFA55C87A6726C502BD62A8A39B3DA162D4.udd" 3129
"C:/Users/Murad/AppData/Local/UnrealEngine/Common/DerivedDataCache/7/8/8/TEXTURE_E01F4250BECD420DA9CE63B5EECEC2C2_OODLE_DXT1_11_E087DE23449AC00D974A22A__2D49A41E1924640C4A167E2CD1B94B56EA1E7ACE.udd" 3130
"C:/Users/Murad/AppData/Local/UnrealEngine/Common/DerivedDataCache/7/1/9/TEXTURE_E01F4250BECD420DA9CE63B5EECEC2C2_OODLE_AUTODXT_11_A3AC7D8A43B27F995290__A4EAD68F5C7059EBE741045DA0452FC36995B5F7.udd" 3131
"C:/Users/Murad/AppData/Local/UnrealEngine/Common/DerivedDataCache/6/3/4/TEXTURE_E01F4250BECD420DA9CE63B5EECEC2C2_OODLE_AUTODXT_11_A3AC7D8A43B27F995290__B54F983C9762C1E63D2FAC034B8B9979F5D73349.udd" 3132
"C:/Users/Murad/AppData/Local/UnrealEngine/Common/DerivedDataCache/0/2/9/TEXTURE_E01F4250BECD420DA9CE63B5EECEC2C2_OODLE_DXT1_11_65099668451008C6BA35029__2C0541ECFCD385AAEE1DE10907B51644C2D11105.udd" 3133
"C:/Users/Murad/AppData/Local/UnrealEngine/Common/DerivedDataCache/1/6/3/TEXTURE_E01F4250BECD420DA9CE63B5EECEC2C2_OODLE_DXT1_11_5A473DF44639EB668E891FA__BC27BA96E859AFBBE9D53DB94BECFA6FECC495D2.udd" 3134
"C:/Users/Murad/AppData/Local/UnrealEngine/Common/DerivedDataCache/1/5/5/TEXTURE_E01F4250BECD420DA9CE63B5EECEC2C2_OODLE_DXT1_11_5A473DF44639EB668E891FA__5661DB597918C3E8F3DD26B3E0EA2FA03DCE1C1F.udd" 3135
"C:/Users/Murad/AppData/Local/UnrealEngine/Common/DerivedDataCache/7/3/1/TEXTURE_E01F4250BECD420DA9CE63B5EECEC2C2_OODLE_DXT1_11_5A473DF44639EB668E891FA__7D77EB264B14EE6BC2547ED86219362C1D8719E9.udd" 3136
"C:/Users/Murad/AppData/Local/UnrealEngine/Common/DerivedDataCache/0/7/8/TEXTURE_E01F4250BECD420DA9CE63B5EECEC2C2_OODLE_DXT1_11_8E2B35AA49B261E1B64927B__2B9967639EEAB3DD8807C019C58862C8BF9CA866.udd" 3137
"C:/Users/Murad/AppData/Local/UnrealEngine/Common/DerivedDataCache/5/9/7/TEXTURE_E01F4250BECD420DA9CE63B5EECEC2C2_OODLE_DXT1_11_5A473DF44639EB668E891FA__18421F657AD1A3C2232B9ADA6B2BF2800A1E252D.udd" 3138
"C:/Users/Murad/AppData/Local/UnrealEngine/Common/DerivedDataCache/8/9/6/TEXTURE_E01F4250BECD420DA9CE63B5EECEC2C2_OODLE_DXT1_11_D897F55249BA3B3A2D7B75A__52A9D73736D5F9A429F8EA37AA661DE3A0AAFB8E.udd" 3139
"C:/Users/Murad/AppData/Local/UnrealEngine/Common/DerivedDataCache/9/7/1/TEXTURE_E01F4250BECD420DA9CE63B5EECEC2C2_OODLE_DXT1_11_8E2B35AA49B261E1B64927B__6186CCC65EDB54896F73D9486848E56371F99FE2.udd" 3140
"C:/Users/Murad/AppData/Local/UnrealEngine/Common/DerivedDataCache/0/8/3/TEXTURE_E01F4250BECD420DA9CE63B5EECEC2C2_OODLE_DXT1_11_8E2B35AA49B261E1B64927B__F69BB6B66F414E04B8F13DAFBF6A4BFE3694EF97.udd" 3141
"C:/Users/Murad/AppData/Local/UnrealEngine/Common/DerivedDataCache/6/9/9/TEXTURE_E01F4250BECD420DA9CE63B5EECEC2C2_OODLE_DXT1_11_8E2B35AA49B261E1B64927B__7408DFFD0B5FBF135945372CF058B386309A30F1.udd" 3142
"C:/Users/Murad/AppData/Local/UnrealEngine/Common/DerivedDataCache/7/8/8/TEXTURE_E01F4250BECD420DA9CE63B5EECEC2C2_OODLE_DXT1_11_8E2B35AA49B261E1B64927B__40048CA6D1AA511400E46009684ED55CE0812725.udd" 3143
"C:/Users/Murad/AppData/Local/UnrealEngine/Common/DerivedDataCache/3/5/7/TEXTURE_E01F4250BECD420DA9CE63B5EECEC2C2_OODLE_DXT1_11_788D244C4A3899817A74598__B50DF869919F439E59D277FAD6CBF45D9D6FFC32.udd" 3144
"C:/Users/Murad/AppData/Local/UnrealEngine/Common/DerivedDataCache/3/1/7/TEXTURE_E01F4250BECD420DA9CE63B5EECEC2C2_OODLE_DXT1_11_25E47FB340546B756B0F839__066A5C8A333F36F1C7B801368FDB9222D7C34587.udd" 3145
"C:/Users/Murad/AppData/Local/UnrealEngine/Common/DerivedDataCache/5/9/2/TEXTURE_E01F4250BECD420DA9CE63B5EECEC2C2_OODLE_DXT1_11_D897F55249BA3B3A2D7B75A__FE0FF29EA2F3672CDABAE7BBEB8C9990A441E16C.udd" 3146
"C:/Users/Murad/AppData/Local/UnrealEngine/Common/DerivedDataCache/9/1/4/TEXTURE_E01F4250BECD420DA9CE63B5EECEC2C2_OODLE_DXT1_11_D897F55249BA3B3A2D7B75A__1989CD71DA6A8EE71ABB77D621BEB7B8707C928E.udd" 3147
"C:/Users/Murad/AppData/Local/UnrealEngine/Common/DerivedDataCache/3/2/1/TEXTURE_E01F4250BECD420DA9CE63B5EECEC2C2_OODLE_DXT1_11_C966540B40DB07A3BF1061A__16C3A7FA3BA297FABA4091C410D41C2BB59D4153.udd" 3148
"C:/Users/Murad/AppData/Local/UnrealEngine/Common/DerivedDataCache/1/3/3/TEXTURE_E01F4250BECD420DA9CE63B5EECEC2C2_OODLE_DXT1_11_D897F55249BA3B3A2D7B75A__5DB7BB38F2D630ED0DCEFBAA60D2A375B2A3DD45.udd" 3149
"C:/Users/Murad/AppData/Local/UnrealEngine/Common/DerivedDataCache/6/6/9/TEXTURE_E01F4250BECD420DA9CE63B5EECEC2C2_OODLE_DXT1_11_788D244C4A3899817A74598__37DB8393D1599A3524C920F6A7F5B31D7C004B6F.udd" 3150
"C:/Users/Murad/AppData/Local/UnrealEngine/Common/DerivedDataCache/8/5/0/TEXTURE_E01F4250BECD420DA9CE63B5EECEC2C2_OODLE_DXT1_11_CCA921B645B66C5807D0679__3DF71BAB6F7797CC7C7216F9D9B105BB67012F07.udd" 3151
"C:/Users/Murad/AppData/Local/UnrealEngine/Common/DerivedDataCache/7/6/7/TEXTURE_E01F4250BECD420DA9CE63B5EECEC2C2_OODLE_DXT1_11_788D244C4A3899817A74598__025D65ABD3637F24D57E2FD550D615827DF9B4B4.udd" 3152
"C:/Users/Murad/AppData/Local/UnrealEngine/Common/DerivedDataCache/9/0/7/TEXTURE_E01F4250BECD420DA9CE63B5EECEC2C2_OODLE_DXT1_11_25E47FB340546B756B0F839__FEA37966098168839354F6DB941C7F8719887DBA.udd" 3153
"C:/Users/Murad/AppData/Local/UnrealEngine/Common/DerivedDataCache/7/5/1/TEXTURE_E01F4250BECD420DA9CE63B5EECEC2C2_OODLE_DXT1_11_D897F55249BA3B3A2D7B75A__CBA696668CA9506ACCBC1C86BBAAEC591A27FDB7.udd" 3154
"C:/Users/Murad/AppData/Local/UnrealEngine/Common/DerivedDataCache/0/1/5/TEXTURE_E01F4250BECD420DA9CE63B5EECEC2C2_OODLE_DXT1_11_C966540B40DB07A3BF1061A__48AF602F08F766DD4F5F8EF84B255E49E0823D11.udd" 3155
"C:/Users/Murad/AppData/Local/UnrealEngine/Common/DerivedDataCache/8/5/3/TEXTURE_E01F4250BECD420DA9CE63B5EECEC2C2_OODLE_DXT1_11_788D244C4A3899817A74598__12C077E534F93187DEFFC0C5AC1645D4F7E90DCF.udd" 3156
"C:/Users/Murad/AppData/Local/UnrealEngine/Common/DerivedDataCache/2/6/2/TEXTURE_E01F4250BECD420DA9CE63B5EECEC2C2_OODLE_DXT1_11_50847D38475814D285FFE5A__0C999589A72B5A9C777AB5843F0B2DE4AF24741C.udd" 3157
"C:/Users/Murad/AppData/Local/UnrealEngine/Common/DerivedDataCache/9/0/4/TEXTURE_E01F4250BECD420DA9CE63B5EECEC2C2_OODLE_DXT1_11_C966540B40DB07A3BF1061A__2D3EF67AC845B647A399247F15E50753F7D36882.udd" 3158
"C:/Users/Murad/AppData/Local/UnrealEngine/Common/DerivedDataCache/0/9/3/TEXTURE_E01F4250BECD420DA9CE63B5EECEC2C2_OODLE_DXT1_11_25E47FB340546B756B0F839__7AEC8FFA4792EFB5456C76A7D172238C1A9125CC.udd" 3159
"C:/Users/Murad/AppData/Local/UnrealEngine/Common/DerivedDataCache/8/0/3/TEXTURE_E01F4250BECD420DA9CE63B5EECEC2C2_OODLE_DXT1_11_C966540B40DB07A3BF1061A__1765799F7F635C7CC62235DA257ED0BAEB8E4A39.udd" 3160
"C:/Users/Murad/AppData/Local/UnrealEngine/Common/DerivedDataCache/2/0/7/TEXTURE_E01F4250BECD420DA9CE63B5EECEC2C2_OODLE_DXT1_11_C966540B40DB07A3BF1061A__8A840B6A9C38D2F3B3320F4055845F569097AD47.udd" 3161
"C:/Users/Murad/AppData/Local/UnrealEngine/Common/DerivedDataCache/1/9/4/TEXTURE_E01F4250BECD420DA9CE63B5EECEC2C2_OODLE_DXT1_11_50847D38475814D285FFE5A__E52665F8304409F86E3AE9DF703B9F115AC01076.udd" 3162
"C:/Users/Murad/AppData/Local/UnrealEngine/Common/DerivedDataCache/0/3/1/TEXTURE_E01F4250BECD420DA9CE63B5EECEC2C2_OODLE_DXT1_11_CCA921B645B66C5807D0679__1FCC9D8E641D42BEDE041E4C89F2AF3BF72A689D.udd" 3163
"C:/Users/Murad/AppData/Local/UnrealEngine/Common/DerivedDataCache/6/1/4/TEXTURE_E01F4250BECD420DA9CE63B5EECEC2C2_G8_92EE1A8E451984E2C5A78A9FA39A4CC4_0__CB57C968CFB6CD6CCE0BC02F7C899469DBEE1E24.udd" 3164
"C:/Users/Murad/AppData/Local/UnrealEngine/Common/DerivedDataCache/6/7/7/TEXTURE_E01F4250BECD420DA9CE63B5EECEC2C2_OODLE_DXT1_11_CCA921B645B66C5807D0679__CDCBC7F09C804C74A1E8ABAF51C254E6849E4955.udd" 3165
"C:/Users/Murad/AppData/Local/UnrealEngine/Common/DerivedDataCache/3/4/8/TEXTURE_E01F4250BECD420DA9CE63B5EECEC2C2_G8_A2478C6647D42B25780FB681FCA260A2_0__92BC0B0AD0653EC34D9758ED01B37473DFE5FF52.udd" 3166
"C:/Users/Murad/AppData/Local/UnrealEngine/Common/DerivedDataCache/2/0/9/TEXTURE_E01F4250BECD420DA9CE63B5EECEC2C2_OODLE_DXT1_11_72A742884FC36D9EF0AB55B__61E5FA24297F739B2E79875351EB197EB99FC09D.udd" 3167
"C:/Users/Murad/AppData/Local/UnrealEngine/Common/DerivedDataCache/1/3/5/TEXTURE_E01F4250BECD420DA9CE63B5EECEC2C2_OODLE_DXT1_11_50847D38475814D285FFE5A__B89E8DF52A0DEF6C5D9BEA54C10F55E2B50B20ED.udd" 3168
"C:/Users/Murad/AppData/Local/UnrealEngine/Common/DerivedDataCache/8/1/8/TEXTURE_E01F4250BECD420DA9CE63B5EECEC2C2_G8_92EE1A8E451984E2C5A78A9FA39A4CC4_0__39C34135F5E9EF1B67870F20BC01278382E79E3C.udd" 3169
"C:/Users/Murad/AppData/Local/UnrealEngine/Common/DerivedDataCache/9/4/2/TEXTURE_E01F4250BECD420DA9CE63B5EECEC2C2_OODLE_DXT1_11_50847D38475814D285FFE5A__089B0E2FCF1A097BF8129B649F5E751CAEDA846A.udd" 3170
"C:/Users/Murad/AppData/Local/UnrealEngine/Common/DerivedDataCache/3/6/6/TEXTURE_E01F4250BECD420DA9CE63B5EECEC2C2_G8_92EE1A8E451984E2C5A78A9FA39A4CC4_0__312CBCEB59C9036A48488F96C320F59E23E63E15.udd" 3171
"C:/Users/Murad/AppData/Local/UnrealEngine/Common/DerivedDataCache/1/4/6/TEXTURE_E01F4250BECD420DA9CE63B5EECEC2C2_G8_A2478C6647D42B25780FB681FCA260A2_0__20B38FC8172ABDFD43518F0C7BD40F0152006E57.udd" 3172
"C:/Users/Murad/AppData/Local/UnrealEngine/Common/DerivedDataCache/3/8/4/TEXTURE_E01F4250BECD420DA9CE63B5EECEC2C2_G8_92EE1A8E451984E2C5A78A9FA39A4CC4_0__103D0395D71A3585C95FAA99B0F2C7FC54810E1C.udd" 3173
"C:/Users/Murad/AppData/Local/UnrealEngine/Common/DerivedDataCache/9/5/2/TEXTURE_E01F4250BECD420DA9CE63B5EECEC2C2_G8_A2478C6647D42B25780FB681FCA260A2_0__DD037500C2713E950A7CC066D202506509EA8B26.udd" 3174
"C:/Users/Murad/AppData/Local/UnrealEngine/Common/DerivedDataCache/4/3/5/TEXTURE_E01F4250BECD420DA9CE63B5EECEC2C2_OODLE_DXT1_11_72A742884FC36D9EF0AB55B__4F2F7AD5A87B603B055C50A79B0DE0A630489467.udd" 3175
"C:/Users/Murad/AppData/Local/UnrealEngine/Common/DerivedDataCache/2/6/2/TEXTURE_E01F4250BECD420DA9CE63B5EECEC2C2_G8_A2478C6647D42B25780FB681FCA260A2_0__ADD89C34ED6DA84D37FED4D454EA89C696E0707C.udd" 3176
"C:/Users/Murad/AppData/Local/UnrealEngine/Common/DerivedDataCache/4/0/7/TEXTURE_E01F4250BECD420DA9CE63B5EECEC2C2_G8_A2478C6647D42B25780FB681FCA260A2_0__F432336AE9F772AE054270D02476A96476A95763.udd" 3177
"C:/Users/Murad/AppData/Local/UnrealEngine/Common/DerivedDataCache/8/8/2/TEXTURE_E01F4250BECD420DA9CE63B5EECEC2C2_OODLE_DXT1_11_72A742884FC36D9EF0AB55B__DF7988A0EE5CA93B1FF8AE477686156A3311AD3F.udd" 3178
"C:/Users/Murad/AppData/Local/UnrealEngine/Common/DerivedDataCache/6/0/9/TEXTURE_E01F4250BECD420DA9CE63B5EECEC2C2_OODLE_DXT1_11_72A742884FC36D9EF0AB55B__20B8A132014B0AB7C0792C09226FA1C09AB33501.udd" 3179
"C:/Users/Murad/AppData/Local/UnrealEngine/Common/DerivedDataCache/9/8/8/TEXTURE_E01F4250BECD420DA9CE63B5EECEC2C2_OODLE_DXT1_11_72A742884FC36D9EF0AB55B__ABB19AD9A55E23D7035BD687505F31030E103E25.udd" 3180
"C:/Users/Murad/AppData/Local/UnrealEngine/Common/DerivedDataCache/1/2/8/TEXTURE_E01F4250BECD420DA9CE63B5EECEC2C2_G8_92EE1A8E451984E2C5A78A9FA39A4CC4_0__837EB52ADCD13117242CAB8E12123F4AD9FD7B1D.udd" 3181
"C:/Users/Murad/AppData/Local/UnrealEngine/Common/DerivedDataCache/5/0/9/TEXTURE_E01F4250BECD420DA9CE63B5EECEC2C2_OODLE_DXT1_11_CCA921B645B66C5807D0679__FB128A1748039154B8C8FB32A3EC579B05BD2C6D.udd" 3182
"C:/Users/Murad/AppData/Local/UnrealEngine/Common/DerivedDataCache/7/8/3/TEXTURE_E01F4250BECD420DA9CE63B5EECEC2C2_OODLE_DXT1_11_25E47FB340546B756B0F839__CDF7EA0D75575777D402864AB70C51DB83A1D751.udd" 3183
"C:/Users/Murad/AppData/Local/UnrealEngine/Common/DerivedDataCache/5/2/9/TEXTURE_E01F4250BECD420DA9CE63B5EECEC2C2_G8_1583A6364E415C5216E263930C50EB73_0__829739B0C5B483344F4A01EA93D24CC1FB445638.udd" 3184
"C:/Users/Murad/AppData/Local/UnrealEngine/Common/DerivedDataCache/3/6/3/TEXTURE_E01F4250BECD420DA9CE63B5EECEC2C2_G8_CE993C8744953D8A55BB2680349D8C80_0__1621FCF88FED28B25DC5280A0E38A373B42DC92D.udd" 3185
"C:/Users/Murad/AppData/Local/UnrealEngine/Common/DerivedDataCache/8/8/2/TEXTURE_E01F4250BECD420DA9CE63B5EECEC2C2_OODLE_DXT1_11_CCA921B645B66C5807D0679__97A8ABD22EB6FFFD618125217A207464A4D56CA7.udd" 3186
"C:/Users/Murad/AppData/Local/UnrealEngine/Common/DerivedDataCache/8/5/0/TEXTURE_E01F4250BECD420DA9CE63B5EECEC2C2_G8_CE993C8744953D8A55BB2680349D8C80_0__B82BA73AAAD9562D0DA1234F0FB5C90B87A5664D.udd" 3187
"C:/Users/Murad/AppData/Local/UnrealEngine/Common/DerivedDataCache/3/4/9/TEXTURE_E01F4250BECD420DA9CE63B5EECEC2C2_OODLE_DXT1_11_25E47FB340546B756B0F839__BE501122D7D0C531BD8BA271AF37E573B68BE9DC.udd" 3188
"C:/Users/Murad/AppData/Local/UnrealEngine/Common/DerivedDataCache/1/9/0/TEXTURE_E01F4250BECD420DA9CE63B5EECEC2C2_G8_1583A6364E415C5216E263930C50EB73_0__E77D88EC33BE09B5CB5E1B2B61E9E4CD1AC0A9D7.udd" 3189
"C:/Users/Murad/AppData/Local/UnrealEngine/Common/DerivedDataCache/8/1/2/TEXTURE_E01F4250BECD420DA9CE63B5EECEC2C2_G8_1583A6364E415C5216E263930C50EB73_0__12AE2856D7E5B396A3191EDC2C33398EE6CF65A2.udd" 3190
"C:/Users/Murad/AppData/Local/UnrealEngine/Common/DerivedDataCache/6/1/3/TEXTURE_E01F4250BECD420DA9CE63B5EECEC2C2_OODLE_DXT1_11_50847D38475814D285FFE5A__0D6EA2A587260AA7C34E6A1F66BC743513DAE0BC.udd" 3191
"C:/Users/Murad/AppData/Local/UnrealEngine/Common/DerivedDataCache/8/6/5/TEXTURE_E01F4250BECD420DA9CE63B5EECEC2C2_G8_52186A5A49B47384BF823DA6EB463416_0__2172E6C197E2D6E8187C2D882A893A607573A886.udd" 3192
"C:/Users/Murad/AppData/Local/UnrealEngine/Common/DerivedDataCache/6/5/6/TEXTURE_E01F4250BECD420DA9CE63B5EECEC2C2_G8_9C37DDFB41B3CBB1106FDC8A12A452D4_0__9D0F585DC93F8ABAD2E8C0088B3CF1B848A96C7B.udd" 3193
"C:/Users/Murad/AppData/Local/UnrealEngine/Common/DerivedDataCache/4/0/9/TEXTURE_E01F4250BECD420DA9CE63B5EECEC2C2_G8_0CDA10364FB510949073E2967B20A2CF_0__C4E248F052398530768691EE1A4C4529A7231B09.udd" 3194
"C:/Users/Murad/AppData/Local/UnrealEngine/Common/DerivedDataCache/8/3/0/TEXTURE_E01F4250BECD420DA9CE63B5EECEC2C2_G8_9C37DDFB41B3CBB1106FDC8A12A452D4_0__5C4114224876CE316D3278C3D51A4880A05C7840.udd" 3195
"C:/Users/Murad/AppData/Local/UnrealEngine/Common/DerivedDataCache/7/7/7/TEXTURE_E01F4250BECD420DA9CE63B5EECEC2C2_OODLE_AUTODXT_11_57BBBF1E4251FFE9875B__88D122964223502A74863342AC9C56A7F8C2A62D.udd" 3196
"C:/Users/Murad/AppData/Local/UnrealEngine/Common/DerivedDataCache/4/8/5/TEXTURE_E01F4250BECD420DA9CE63B5EECEC2C2_G8_9C37DDFB41B3CBB1106FDC8A12A452D4_0__929B897A52BC3D5EE244B50F12A579A072DC9B64.udd" 3197
"C:/Users/Murad/AppData/Local/UnrealEngine/Common/DerivedDataCache/6/7/4/TEXTURE_E01F4250BECD420DA9CE63B5EECEC2C2_G8_9C37DDFB41B3CBB1106FDC8A12A452D4_0__AA482BE434E033FD0361DC4C909FA1FC578B8365.udd" 3198
"C:/Users/Murad/AppData/Local/UnrealEngine/Common/DerivedDataCache/0/2/9/TEXTURE_E01F4250BECD420DA9CE63B5EECEC2C2_G8_CE993C8744953D8A55BB2680349D8C80_0__37980281EB69C2B0F9F76187FCC39E7588B4E94C.udd" 3199
"C:/Users/Murad/AppData/Local/UnrealEngine/Common/DerivedDataCache/1/6/8/TEXTURE_E01F4250BECD420DA9CE63B5EECEC2C2_G8_9C37DDFB41B3CBB1106FDC8A12A452D4_0__56769F4E48C30FC3DE5368E6E508476F1249287A.udd" 3200
"C:/Users/Murad/AppData/Local/UnrealEngine/Common/DerivedDataCache/2/2/1/TEXTURE_E01F4250BECD420DA9CE63B5EECEC2C2_G8_CE993C8744953D8A55BB2680349D8C80_0__0F3AEEE05AF97B17D695DF7CA341E45F03A9B46B.udd" 3201
"C:/Users/Murad/AppData/Local/UnrealEngine/Common/DerivedDataCache/4/8/4/TEXTURE_E01F4250BECD420DA9CE63B5EECEC2C2_OODLE_AUTODXT_11_57BBBF1E4251FFE9875B__416069100AF42C82DD771614E2E72FF5682CC69C.udd" 3202
"C:/Users/Murad/AppData/Local/UnrealEngine/Common/DerivedDataCache/6/4/5/TEXTURE_E01F4250BECD420DA9CE63B5EECEC2C2_OODLE_AUTODXT_11_57BBBF1E4251FFE9875B__72E4E8D7CEEFBB760CFBC84E43AABA0F7C1BFB20.udd" 3203
"C:/Users/Murad/AppData/Local/UnrealEngine/Common/DerivedDataCache/1/5/1/TEXTURE_E01F4250BECD420DA9CE63B5EECEC2C2_G8_1583A6364E415C5216E263930C50EB73_0__46B620FE7338345301C712BEE90A66BAA1E192DE.udd" 3204
"C:/Users/Murad/AppData/Local/UnrealEngine/Common/DerivedDataCache/5/1/4/TEXTURE_E01F4250BECD420DA9CE63B5EECEC2C2_OODLE_AUTODXT_11_57BBBF1E4251FFE9875B__14F786DAA16E01A9711DA903BB4D00FD64BB5654.udd" 3205
"C:/Users/Murad/AppData/Local/UnrealEngine/Common/DerivedDataCache/5/3/3/TEXTURE_E01F4250BECD420DA9CE63B5EECEC2C2_OODLE_AUTODXT_11_EAB639764AE342D8E8E5__987270DB931390115F1FE4532A9BAA4A068056C6.udd" 3206
"C:/Users/Murad/AppData/Local/UnrealEngine/Common/DerivedDataCache/5/7/3/TEXTURE_E01F4250BECD420DA9CE63B5EECEC2C2_OODLE_AUTODXT_11_57BBBF1E4251FFE9875B__97F48A47BCEE95EF19567BBA289047A1C36A575F.udd" 3207
"C:/Users/Murad/AppData/Local/UnrealEngine/Common/DerivedDataCache/7/7/7/TEXTURE_E01F4250BECD420DA9CE63B5EECEC2C2_G8_1583A6364E415C5216E263930C50EB73_0__824718F5051FED869A1380140CDB193823ACE893.udd" 3208
"C:/Users/Murad/AppData/Local/UnrealEngine/Common/DerivedDataCache/1/1/6/TEXTURE_E01F4250BECD420DA9CE63B5EECEC2C2_OODLE_AUTODXT_11_0458AD8E44393124F4E6__03B15593A25251C9495307CEDD4F5E790485D06D.udd" 3209
"C:/Users/Murad/AppData/Local/UnrealEngine/Common/DerivedDataCache/0/5/8/TEXTURE_E01F4250BECD420DA9CE63B5EECEC2C2_G8_CE993C8744953D8A55BB2680349D8C80_0__52C481160422971F676770A70BD6A4E22C83FD65.udd" 3210
"C:/Users/Murad/AppData/Local/UnrealEngine/Common/DerivedDataCache/5/5/6/TEXTURE_E01F4250BECD420DA9CE63B5EECEC2C2_OODLE_DXT1_11_788D244C4A3899817A74598__6E1D7AE23426E7E4F74E1B4F149A1877154CBEC8.udd" 3211
"C:/Users/Murad/AppData/Local/UnrealEngine/Common/DerivedDataCache/4/5/2/TEXTURE_E01F4250BECD420DA9CE63B5EECEC2C2_OODLE_AUTODXT_11_CDFAFB4B4E32D6CE959B__E6697CCBBB9C3525F23A4E973D49C5FD486A0874.udd" 3212
"C:/Users/Murad/AppData/Local/UnrealEngine/Common/DerivedDataCache/4/0/9/TEXTURE_E01F4250BECD420DA9CE63B5EECEC2C2_OODLE_AUTODXT_11_0458AD8E44393124F4E6__67ADA454DA0AADD0E5821CBA9D93016CA0898052.udd" 3213
"C:/Users/Murad/AppData/Local/UnrealEngine/Common/DerivedDataCache/0/9/2/TEXTURE_E01F4250BECD420DA9CE63B5EECEC2C2_OODLE_AUTODXT_11_7C668E9143AAA6BDBCB4__6A274813D081B37DEAC5D8B23F18C67892DD6110.udd" 3214
"C:/Users/Murad/AppData/Local/UnrealEngine/Common/DerivedDataCache/5/7/1/TEXTURE_E01F4250BECD420DA9CE63B5EECEC2C2_OODLE_AUTODXT_11_0458AD8E44393124F4E6__832EA09E12469FC8B49F5F539A44729BB2E044D0.udd" 3215
"C:/Users/Murad/AppData/Local/UnrealEngine/Common/DerivedDataCache/5/3/5/TEXTURE_E01F4250BECD420DA9CE63B5EECEC2C2_OODLE_AUTODXT_11_0458AD8E44393124F4E6__217B720C09B2B480D38448E0F8B15C1EC712A809.udd" 3216
"C:/Users/Murad/AppData/Local/UnrealEngine/Common/DerivedDataCache/8/6/2/TEXTURE_E01F4250BECD420DA9CE63B5EECEC2C2_OODLE_AUTODXT_11_0458AD8E44393124F4E6__72B9572E2BD537E337FA941CBE0ECAD06796F317.udd" 3217
"C:/Users/Murad/AppData/Local/UnrealEngine/Common/DerivedDataCache/5/6/6/TEXTURE_E01F4250BECD420DA9CE63B5EECEC2C2_OODLE_AUTODXT_11_CDFAFB4B4E32D6CE959B__8BFAB1DFF3A3FA3766C53FF1E82BE07A444FA635.udd" 3218
"C:/Users/Murad/AppData/Local/UnrealEngine/Common/DerivedDataCache/2/6/1/TEXTURE_E01F4250BECD420DA9CE63B5EECEC2C2_OODLE_AUTODXT_11_CDFAFB4B4E32D6CE959B__8B42BBA4CC48E6B3557A092BDB17E3896647311F.udd" 3219
"C:/Users/Murad/AppData/Local/UnrealEngine/Common/DerivedDataCache/8/9/4/TEXTURE_E01F4250BECD420DA9CE63B5EECEC2C2_OODLE_AUTODXT_11_7C668E9143AAA6BDBCB4__D375A230ABCE9794C669724765739DB950FAEAB7.udd" 3220
"C:/Users/Murad/AppData/Local/UnrealEngine/Common/DerivedDataCache/3/1/1/TEXTURE_E01F4250BECD420DA9CE63B5EECEC2C2_OODLE_AUTODXT_11_7C668E9143AAA6BDBCB4__E0205204CF23168B61D966DA2A8B2BEF2F8333A6.udd" 3221
"C:/Users/Murad/AppData/Local/UnrealEngine/Common/DerivedDataCache/2/6/3/TEXTURE_E01F4250BECD420DA9CE63B5EECEC2C2_OODLE_AUTODXT_11_CDFAFB4B4E32D6CE959B__E554944E8AB1369A2378AFC08723654FDDF354B0.udd" 3222
"C:/Users/Murad/AppData/Local/UnrealEngine/Common/DerivedDataCache/6/0/7/TEXTURE_E01F4250BECD420DA9CE63B5EECEC2C2_OODLE_AUTODXT_11_7C668E9143AAA6BDBCB4__1D83D4A60C9428E30DA7DAA8193D6E0721F1916B.udd" 3223
"C:/Users/Murad/AppData/Local/UnrealEngine/Common/DerivedDataCache/4/3/5/TEXTURE_E01F4250BECD420DA9CE63B5EECEC2C2_OODLE_AUTODXT_11_7C668E9143AAA6BDBCB4__B0E8CA7F3E51DA012AEF0B0A007BD85014900465.udd" 3224
"C:/Users/Murad/AppData/Local/UnrealEngine/Common/DerivedDataCache/5/4/1/TEXTURE_E01F4250BECD420DA9CE63B5EECEC2C2_OODLE_AUTODXT_11_06B4979F4A4836C85111__2775141DB044D22A235065134F63C5F4349C28E5.udd" 3225
"C:/Users/Murad/AppData/Local/UnrealEngine/Common/DerivedDataCache/3/6/7/TEXTURE_E01F4250BECD420DA9CE63B5EECEC2C2_OODLE_AUTODXT_11_CDFAFB4B4E32D6CE959B__89B503C2F772DCA533E369FFFCE22EB9B6FD860C.udd" 3226
"C:/Users/Murad/AppData/Local/UnrealEngine/Common/DerivedDataCache/3/1/9/TEXTURE_E01F4250BECD420DA9CE63B5EECEC2C2_OODLE_AUTODXT_11_73FAB0754D80CA308881__127CFA2B3D2A0EA324AC658CDB8AB97D8DD0901C.udd" 3227
"C:/Users/Murad/AppData/Local/UnrealEngine/Common/DerivedDataCache/9/8/5/TEXTURE_E01F4250BECD420DA9CE63B5EECEC2C2_OODLE_AUTODXT_11_06B4979F4A4836C85111__CE41A683A1876EF66A2A0C0DA15B8CC17808FFAD.udd" 3228
"C:/Users/Murad/AppData/Local/UnrealEngine/Common/DerivedDataCache/1/0/0/TEXTURE_E01F4250BECD420DA9CE63B5EECEC2C2_OODLE_AUTODXT_11_06B4979F4A4836C85111__76CA8558DD7A2C18E7855CA8FDC12E4329AC05E3.udd" 3229
"C:/Users/Murad/AppData/Local/UnrealEngine/Common/DerivedDataCache/9/3/5/TEXTURE_E01F4250BECD420DA9CE63B5EECEC2C2_OODLE_AUTODXT_11_0C26BF4E446246C274AE__868E2C750C23251B30117B94F95B8BFBBD5CF40A.udd" 3230
"C:/Users/Murad/AppData/Local/UnrealEngine/Common/DerivedDataCache/1/3/7/TEXTURE_E01F4250BECD420DA9CE63B5EECEC2C2_OODLE_AUTODXT_11_06B4979F4A4836C85111__2D8929AD4F10F10C15948B17CA99678D2A123F93.udd" 3231
"C:/Users/Murad/AppData/Local/UnrealEngine/Common/DerivedDataCache/9/8/9/TEXTURE_E01F4250BECD420DA9CE63B5EECEC2C2_OODLE_AUTODXT_11_73FAB0754D80CA308881__74504426D7D75BDB14C4EA736A8607571D68D60A.udd" 3232
"C:/Users/Murad/AppData/Local/UnrealEngine/Common/DerivedDataCache/9/8/5/TEXTURE_E01F4250BECD420DA9CE63B5EECEC2C2_OODLE_AUTODXT_11_06B4979F4A4836C85111__21F97ABD194BA41613F0D9DDF7ED14FBF6CBF342.udd" 3233
"C:/Users/Murad/AppData/Local/UnrealEngine/Common/DerivedDataCache/8/0/1/TEXTURE_E01F4250BECD420DA9CE63B5EECEC2C2_OODLE_AUTODXT_11_73FAB0754D80CA308881__3729B197EB8E6B74FF660BB1836B220A4378A56F.udd" 3234
"C:/Users/Murad/AppData/Local/UnrealEngine/Common/DerivedDataCache/6/2/7/TEXTURE_E01F4250BECD420DA9CE63B5EECEC2C2_OODLE_AUTODXT_11_73FAB0754D80CA308881__4E36B3DDC589B6BBFB23BA1C7715A1873A15BBF8.udd" 3235
"C:/Users/Murad/AppData/Local/UnrealEngine/Common/DerivedDataCache/3/1/8/TEXTURE_E01F4250BECD420DA9CE63B5EECEC2C2_OODLE_AUTODXT_11_73FAB0754D80CA308881__E2F94DB1A1BAC4D11459247756780D6B109EF38E.udd" 3236
"C:/Users/Murad/AppData/Local/UnrealEngine/Common/DerivedDataCache/9/2/7/TEXTURE_E01F4250BECD420DA9CE63B5EECEC2C2_OODLE_AUTODXT_11_BFF50FAC4C046C29EA07__425922D31CF050180290BD62BCBC9DEA419B5366.udd" 3237
"C:/Users/Murad/AppData/Local/UnrealEngine/Common/DerivedDataCache/2/8/8/TEXTURE_E01F4250BECD420DA9CE63B5EECEC2C2_OODLE_AUTODXT_11_BFF50FAC4C046C29EA07__0B0E5CB9633333EEC6389CE19014B1837AC0CC95.udd" 3238
"C:/Users/Murad/AppData/Local/UnrealEngine/Common/DerivedDataCache/6/8/1/TEXTURE_E01F4250BECD420DA9CE63B5EECEC2C2_OODLE_AUTODXT_11_BFF50FAC4C046C29EA07__AEDE48F4C0AF269F8979CBCE5501DFE7FC883D79.udd" 3239
"C:/Users/Murad/AppData/Local/UnrealEngine/Common/DerivedDataCache/4/2/1/TEXTURE_E01F4250BECD420DA9CE63B5EECEC2C2_OODLE_AUTODXT_11_0C26BF4E446246C274AE__FEFB5FB406E31A59F034AFF5BE512324391884C6.udd" 3240
"C:/Users/Murad/AppData/Local/UnrealEngine/Common/DerivedDataCache/5/5/2/TEXTURE_E01F4250BECD420DA9CE63B5EECEC2C2_OODLE_AUTODXT_11_BFF50FAC4C046C29EA07__7A8C0B214565ABBE93A58614B85E8AA6A676B48E.udd" 3241
"C:/Users/Murad/AppData/Local/UnrealEngine/Common/DerivedDataCache/5/8/1/TEXTURE_E01F4250BECD420DA9CE63B5EECEC2C2_OODLE_AUTODXT_11_BFF50FAC4C046C29EA07__4D5CEB22D157B68DD2E38C0E5472CDE3866E4B83.udd" 3242
"C:/Users/Murad/AppData/Local/UnrealEngine/Common/DerivedDataCache/8/4/3/TEXTURE_E01F4250BECD420DA9CE63B5EECEC2C2_OODLE_AUTODXT_11_0C26BF4E446246C274AE__CDC18AAFA2B50B3D087F5FF0EC3CB000BBF0E622.udd" 3243
"C:/Users/Murad/AppData/Local/UnrealEngine/Common/DerivedDataCache/6/0/1/TEXTURE_E01F4250BECD420DA9CE63B5EECEC2C2_OODLE_AUTODXT_11_0C26BF4E446246C274AE__19119DCFB5737C03057EA0702560F2F17D43D278.udd" 3244
"C:/Users/Murad/AppData/Local/UnrealEngine/Common/DerivedDataCache/5/0/9/TEXTURE_E01F4250BECD420DA9CE63B5EECEC2C2_OODLE_AUTODXT_11_C0851484461C712B1103__093066E85ADA17E6F4EB07CF9B5371AD525B400A.udd" 3245
"C:/Users/Murad/AppData/Local/UnrealEngine/Common/DerivedDataCache/1/3/1/TEXTURE_E01F4250BECD420DA9CE63B5EECEC2C2_OODLE_AUTODXT_11_71D1B9704DDC9B09CDA2__CC1D59D00A8E0246F9E9416BCF1DF79172256AB8.udd" 3246
"C:/Users/Murad/AppData/Local/UnrealEngine/Common/DerivedDataCache/9/6/1/TEXTURE_E01F4250BECD420DA9CE63B5EECEC2C2_OODLE_AUTODXT_11_C0851484461C712B1103__49C51C7651632CB3856B033D0F50EE06AF1A5C96.udd" 3247
"C:/Users/Murad/AppData/Local/UnrealEngine/Common/DerivedDataCache/8/9/2/TEXTURE_E01F4250BECD420DA9CE63B5EECEC2C2_OODLE_AUTODXT_11_C0851484461C712B1103__F4D523409717E3F2725ED0081FFF26B54BD0F832.udd" 3248
"C:/Users/Murad/AppData/Local/UnrealEngine/Common/DerivedDataCache/4/4/6/TEXTURE_E01F4250BECD420DA9CE63B5EECEC2C2_OODLE_AUTODXT_11_71D1B9704DDC9B09CDA2__B63C6A95A373DEFEF70004DCDE6242BD72234B13.udd" 3249
"C:/Users/Murad/AppData/Local/UnrealEngine/Common/DerivedDataCache/6/2/3/TEXTURE_E01F4250BECD420DA9CE63B5EECEC2C2_OODLE_AUTODXT_11_C0851484461C712B1103__D4BC86887F6145726E9BB0CA715099FA8F187E09.udd" 3250
"C:/Users/Murad/AppData/Local/UnrealEngine/Common/DerivedDataCache/8/0/5/TEXTURE_E01F4250BECD420DA9CE63B5EECEC2C2_OODLE_AUTODXT_11_C0851484461C712B1103__1E102E9224DE10C740C798232D94CEFE22EF3AB2.udd" 3251
"C:/Users/Murad/AppData/Local/UnrealEngine/Common/DerivedDataCache/1/6/3/TEXTURE_E01F4250BECD420DA9CE63B5EECEC2C2_OODLE_AUTODXT_11_0C26BF4E446246C274AE__49DB3EEC5BD2D5E01673533EDCDB9676D37627A8.udd" 3252
"C:/Users/Murad/AppData/Local/UnrealEngine/Common/DerivedDataCache/8/9/9/TEXTURE_E01F4250BECD420DA9CE63B5EECEC2C2_OODLE_AUTODXT_11_4DAE91324B0466C7E6D0__F907A3673FDAFE5B40796EAEF3A830F550D41F7D.udd" 3253
"C:/Users/Murad/AppData/Local/UnrealEngine/Common/DerivedDataCache/4/5/8/TEXTURE_E01F4250BECD420DA9CE63B5EECEC2C2_OODLE_AUTODXT_11_4DAE91324B0466C7E6D0__E81BF8CFB68D4745E6751671802982B03249A233.udd" 3254
"C:/Users/Murad/AppData/Local/UnrealEngine/Common/DerivedDataCache/5/1/3/MATSM_0BA69734E4FD45E082FA4560DBE25454_PCD3D_SM5_8__BC5N_NOCCBN_NOIRIS_DEV_SL___F953903ED5006887D17CCC19D5E9BD17E1FC5EDB.udd" 3255
"C:/Users/Murad/AppData/Local/UnrealEngine/Common/DerivedDataCache/0/5/3/TEXTURE_E01F4250BECD420DA9CE63B5EECEC2C2_OODLE_AUTODXT_11_287A096A4F69B7345176__A136C1804E4917FE37F5B2AC61E2AAAF030A153A.udd" 3256
"C:/Users/Murad/AppData/Local/UnrealEngine/Common/DerivedDataCache/8/3/7/TEXTURE_E01F4250BECD420DA9CE63B5EECEC2C2_OODLE_AUTODXT_11_287A096A4F69B7345176__D2B0636C08501AC6EBAEB9F3784323F06DC83FDE.udd" 3257
"C:/Users/Murad/AppData/Local/UnrealEngine/Common/DerivedDataCache/5/6/7/TEXTURE_E01F4250BECD420DA9CE63B5EECEC2C2_OODLE_AUTODXT_11_287A096A4F69B7345176__0443F5DBAF96DB890506607E0700974A55B21DF9.udd" 3258
"C:/Users/Murad/AppData/Local/UnrealEngine/Common/DerivedDataCache/6/3/9/MATSM_0BA69734E4FD45E082FA4560DBE25454_PCD3D_SM5_8__BC5N_NOCCBN_NOIRIS_DEV_SL___D991900A5BA9681A1B22B345DF535AB15B4F0110.udd" 3259
"C:/Users/Murad/AppData/Local/UnrealEngine/Common/DerivedDataCache/1/3/3/TEXTURE_E01F4250BECD420DA9CE63B5EECEC2C2_OODLE_BC5_11_7C3C93DC4B744C99873D65A7__F82C2D9C4A20AD1FEA18170F2AD58E9CF809EC5E.udd" 3260
"C:/Users/Murad/AppData/Local/UnrealEngine/Common/DerivedDataCache/8/6/7/TEXTURE_E01F4250BECD420DA9CE63B5EECEC2C2_OODLE_BC5_11_7C3C93DC4B744C99873D65A7__DF15C4280004ADA11C32B3925BBC8C7C6ACA9464.udd" 3261
"C:/Users/Murad/AppData/Local/UnrealEngine/Common/DerivedDataCache/1/9/4/TEXTURE_E01F4250BECD420DA9CE63B5EECEC2C2_OODLE_BC5_11_7C3C93DC4B744C99873D65A7__6AF19B8BF25251345DB3F00CC596BD47FC5522BE.udd" 3262
"C:/Users/Murad/AppData/Local/UnrealEngine/Common/DerivedDataCache/9/7/1/TEXTURE_E01F4250BECD420DA9CE63B5EECEC2C2_OODLE_BC5_11_7C3C93DC4B744C99873D65A7__30D775EAA023BDBD76D1DC044776DD30B4D15907.udd" 3263
"C:/Users/Murad/AppData/Local/UnrealEngine/Common/DerivedDataCache/5/4/5/TEXTURE_E01F4250BECD420DA9CE63B5EECEC2C2_OODLE_BC5_11_7C3C93DC4B744C99873D65A7__D8541B1A186EB7BEDDC5284D0B1485411D45C060.udd" 3264
"C:/Users/Murad/AppData/Local/UnrealEngine/Common/DerivedDataCache/5/4/2/TEXTURE_E01F4250BECD420DA9CE63B5EECEC2C2_OODLE_BC5_11_7C3C93DC4B744C99873D65A7__A04304E9C11456836F683B729245FF16876D8C60.udd" 3265
"C:/Users/Murad/AppData/Local/UnrealEngine/Common/DerivedDataCache/5/5/0/TEXTURE_E01F4250BECD420DA9CE63B5EECEC2C2_OODLE_AUTODXT_11_BC00D0E741EEBE65B6AF__A4BBF9DA054115F77BDDEB0DDA6916D43C7E4865.udd" 3266
"C:/Users/Murad/AppData/Local/UnrealEngine/Common/DerivedDataCache/5/9/4/TEXTURE_E01F4250BECD420DA9CE63B5EECEC2C2_OODLE_AUTODXT_11_BC00D0E741EEBE65B6AF__D26BFA80718B310C991CF3A85E82E531781C56B4.udd" 3267
"C:/Users/Murad/AppData/Local/UnrealEngine/Common/DerivedDataCache/9/7/6/TEXTURE_E01F4250BECD420DA9CE63B5EECEC2C2_OODLE_AUTODXT_11_BC00D0E741EEBE65B6AF__958601CF8066DC211458C254EF827574BFFA2210.udd" 3268
"C:/Users/Murad/AppData/Local/UnrealEngine/Common/DerivedDataCache/6/9/1/TEXTURE_E01F4250BECD420DA9CE63B5EECEC2C2_OODLE_AUTODXT_11_BC00D0E741EEBE65B6AF__9DD1447F39DD4F68DBB12A4C53F2272B09D55B19.udd" 3269
"C:/Users/Murad/AppData/Local/UnrealEngine/Common/DerivedDataCache/2/1/5/TEXTURE_E01F4250BECD420DA9CE63B5EECEC2C2_OODLE_AUTODXT_11_BC00D0E741EEBE65B6AF__A00161A413C5992E1FE51F1F1C875FB346B222F3.udd" 3270
"C:/Users/Murad/AppData/Local/UnrealEngine/Common/DerivedDataCache/4/3/8/TEXTURE_E01F4250BECD420DA9CE63B5EECEC2C2_OODLE_AUTODXT_11_BC00D0E741EEBE65B6AF__C81D9CD1C7D0540A8E4D28DAC70DD29157099C1A.udd" 3271
"C:/Users/Murad/AppData/Local/UnrealEngine/Common/DerivedDataCache/3/3/4/MATSM_0BA69734E4FD45E082FA4560DBE25454_PCD3D_SM5_8__BC5N_NOCCBN_NOIRIS_DEV_SL___F5932BC1F451EB87439E41F8BE7BBE620379532B.udd" 3272
"C:/Users/Murad/AppData/Local/UnrealEngine/Common/DerivedDataCache/1/6/9/TEXTURE_E01F4250BECD420DA9CE63B5EECEC2C2_OODLE_AUTODXT_11_13D361434671DE834887__5E1330382D4BF702AC72A8F024A062CC0F1240DC.udd" 3273
"C:/Users/Murad/AppData/Local/UnrealEngine/Common/DerivedDataCache/4/8/4/TEXTURE_E01F4250BECD420DA9CE63B5EECEC2C2_OODLE_AUTODXT_11_13D361434671DE834887__17BFCCB49E38B7FEF8D9CD16A4588AD6CBD3C6C6.udd" 3274
"C:/Users/Murad/AppData/Local/UnrealEngine/Common/DerivedDataCache/9/5/2/TEXTURE_E01F4250BECD420DA9CE63B5EECEC2C2_OODLE_AUTODXT_11_13D361434671DE834887__83C6DC872267FD058DCB7257790ABAFD928F8E06.udd" 3275
"C:/Users/Murad/AppData/Local/UnrealEngine/Common/DerivedDataCache/6/7/5/MATSM_0BA69734E4FD45E082FA4560DBE25454_PCD3D_SM5_8__BC5N_NOCCBN_NOIRIS_DEV_SL___2C17F22C88A7F7D8964704AA5714791A484DF78D.udd" 3276
"C:/Users/Murad/AppData/Local/UnrealEngine/Common/DerivedDataCache/1/5/7/TEXTURE_E01F4250BECD420DA9CE63B5EECEC2C2_OODLE_AUTODXT_11_2D19F1EA4F1D7CB18807__DA3BE1DE4BBBC31D5143063C85FC6726720251F2.udd" 3277
"C:/Users/Murad/AppData/Local/UnrealEngine/Common/DerivedDataCache/5/4/3/TEXTURE_E01F4250BECD420DA9CE63B5EECEC2C2_OODLE_AUTODXT_11_2D19F1EA4F1D7CB18807__EE06CC20FAD4F025B565F6296BCA03B1AB1F500A.udd" 3278
"C:/Users/Murad/AppData/Local/UnrealEngine/Common/DerivedDataCache/8/1/3/TEXTURE_E01F4250BECD420DA9CE63B5EECEC2C2_OODLE_AUTODXT_11_2D19F1EA4F1D7CB18807__68B4B7CD0CD44A80F7D418A496E3A64AFD293170.udd" 3279
"C:/Users/Murad/AppData/Local/UnrealEngine/Common/DerivedDataCache/4/0/2/MATSM_0BA69734E4FD45E082FA4560DBE25454_PCD3D_SM5_8__BC5N_NOCCBN_NOIRIS_DEV_SL___1A9B17B80BF1C870580663380E0F5C927E52A0E5.udd" 3280
"C:/Users/Murad/AppData/Local/UnrealEngine/Common/DerivedDataCache/9/8/5/MATSM_0BA69734E4FD45E082FA4560DBE25454_PCD3D_SM5_8__BC5N_NOCCBN_NOIRIS_DEV_SL___2BF444CA58B40C08EB60404C9824BDB6790717AC.udd" 3281
"C:/Users/Murad/AppData/Local/UnrealEngine/Common/DerivedDataCache/8/2/2/TEXTURE_E01F4250BECD420DA9CE63B5EECEC2C2_OODLE_AUTODXT_11_792AC3D64ED9B81787F0__DB7E84E1C140E0D8C17BB877EFDD04B15A8E3AE1.udd" 3282
"C:/Users/Murad/AppData/Local/UnrealEngine/Common/DerivedDataCache/0/1/5/TEXTURE_E01F4250BECD420DA9CE63B5EECEC2C2_OODLE_AUTODXT_11_792AC3D64ED9B81787F0__8889B38F53133E85C9524A83ED7F3D9E19AD4383.udd" 3283
"C:/Users/Murad/AppData/Local/UnrealEngine/Common/DerivedDataCache/5/2/6/MATSM_0BA69734E4FD45E082FA4560DBE25454_PCD3D_SM5_8__BC5N_NOCCBN_NOIRIS_DEV_SL___826DDDB3B6E910AF63E8FC4AB9C863D2B336DB1F.udd" 3284
"C:/Users/Murad/AppData/Local/UnrealEngine/Common/DerivedDataCache/4/9/0/TEXTURE_E01F4250BECD420DA9CE63B5EECEC2C2_OODLE_AUTODXT_11_502ABF5B4D3DBC95BDFD__1DE74B209085C97C4BAC8296F0094FE164233B21.udd" 3285
"C:/Users/Murad/AppData/Local/UnrealEngine/Common/DerivedDataCache/5/4/7/TEXTURE_E01F4250BECD420DA9CE63B5EECEC2C2_OODLE_AUTODXT_11_502ABF5B4D3DBC95BDFD__44A9B0128CCBA2F1A8052B69C3B12DC339A20B16.udd" 3286
"C:/Users/Murad/AppData/Local/UnrealEngine/Common/DerivedDataCache/5/4/1/MATSM_0BA69734E4FD45E082FA4560DBE25454_PCD3D_SM5_8__BC5N_NOCCBN_NOIRIS_DEV_SL___67451528C176B39276B44EAB147D94BBA83A3AB9.udd" 3287
"C:/Users/Murad/AppData/Local/UnrealEngine/Common/DerivedDataCache/9/5/5/MATSM_0BA69734E4FD45E082FA4560DBE25454_PCD3D_SM5_8__BC5N_NOCCBN_NOIRIS_DEV_SL___DF074366B95083BA3410E6130B9DBA0BC8AB070D.udd" 3288
"C:/Users/Murad/AppData/Local/UnrealEngine/Common/DerivedDataCache/8/4/6/TEXTURE_E01F4250BECD420DA9CE63B5EECEC2C2_OODLE_AUTODXT_11_A97A3D1B46D57CA80CCE__3D52BDEFB0895671EFC9C2F49E48FFCED8BBF60E.udd" 3289
"C:/Users/Murad/AppData/Local/UnrealEngine/Common/DerivedDataCache/0/6/4/TEXTURE_E01F4250BECD420DA9CE63B5EECEC2C2_OODLE_AUTODXT_11_A97A3D1B46D57CA80CCE__081F911CCE70DE2A9609C0A89BC1148B07422BB3.udd" 3290
"C:/Users/Murad/AppData/Local/UnrealEngine/Common/DerivedDataCache/5/1/9/TEXTURE_E01F4250BECD420DA9CE63B5EECEC2C2_OODLE_AUTODXT_11_A97A3D1B46D57CA80CCE__783AE5261057C00FE5930E595DAEC05BF137F4DE.udd" 3291
"C:/Users/Murad/AppData/Local/UnrealEngine/Common/DerivedDataCache/8/1/4/TEXTURE_E01F4250BECD420DA9CE63B5EECEC2C2_OODLE_AUTODXT_11_A97A3D1B46D57CA80CCE__43526D4052FE9B0C97EBA76FF32D090C1B251564.udd" 3292
"C:/Users/Murad/AppData/Local/UnrealEngine/Common/DerivedDataCache/8/6/5/TEXTURE_E01F4250BECD420DA9CE63B5EECEC2C2_OODLE_AUTODXT_11_A97A3D1B46D57CA80CCE__0A32D1A455E45780F0B84B35FC6B0FBAB395E210.udd" 3293
"C:/Users/Murad/AppData/Local/UnrealEngine/Common/DerivedDataCache/7/1/7/TEXTURE_E01F4250BECD420DA9CE63B5EECEC2C2_OODLE_AUTODXT_11_A97A3D1B46D57CA80CCE__829D81146339D6540D2FA1CA344B1913909D118E.udd" 3294
"C:/Users/Murad/AppData/Local/UnrealEngine/Common/DerivedDataCache/6/2/4/MATSM_0BA69734E4FD45E082FA4560DBE25454_PCD3D_SM5_8__BC5N_NOCCBN_NOIRIS_DEV_SL___C7F26B3AB3AC6EED9D0D5898E051CC16CE31BEDD.udd" 3295
"C:/Users/Murad/AppData/Local/UnrealEngine/Common/DerivedDataCache/9/5/1/TEXTURE_E01F4250BECD420DA9CE63B5EECEC2C2_RGBA16F_F12420504AE8195C7D4CE787276BB__3A63CAC2E1F4E813A7B37536C5318E030588A993.udd" 3296
"C:/Users/Murad/AppData/Local/UnrealEngine/Common/DerivedDataCache/5/3/9/TEXTURE_E01F4250BECD420DA9CE63B5EECEC2C2_RGBA16F_F12420504AE8195C7D4CE787276BB__33959DB37F57C4DD75299070F8572120385EBC31.udd" 3297
"C:/Users/Murad/AppData/Local/UnrealEngine/Common/DerivedDataCache/2/7/6/TEXTURE_E01F4250BECD420DA9CE63B5EECEC2C2_RGBA16F_F12420504AE8195C7D4CE787276BB__67B5384BAC82E89932EA9FBD9F3DB4DCD4C7A829.udd" 3298
"C:/Users/Murad/AppData/Local/UnrealEngine/Common/DerivedDataCache/6/8/4/TEXTURE_E01F4250BECD420DA9CE63B5EECEC2C2_RGBA16F_F12420504AE8195C7D4CE787276BB__9244448EB6FE9BA4A8F537A5516841CBA5A07040.udd" 3299
"C:/Users/Murad/AppData/Local/UnrealEngine/Common/DerivedDataCache/0/7/7/TEXTURE_E01F4250BECD420DA9CE63B5EECEC2C2_RGBA16F_F12420504AE8195C7D4CE787276BB__C1F285230D4A21A5700F50C753D2B5AC449C822F.udd" 3300
"C:/Users/Murad/AppData/Local/UnrealEngine/Common/DerivedDataCache/4/2/2/MATSM_0BA69734E4FD45E082FA4560DBE25454_PCD3D_SM5_8__BC5N_NOCCBN_NOIRIS_DEV_SL___09F6824BDB18C963A3C68DEAEED339A0194F115E.udd" 3301
"C:/Users/Murad/AppData/Local/UnrealEngine/Common/DerivedDataCache/0/9/1/TEXTURE_E01F4250BECD420DA9CE63B5EECEC2C2_OODLE_AUTODXT_11_83DFAD2D4EBB576153C2__AA7FDCE29AE16E67B541C7E4DB44AE8E722E0C31.udd" 3302
"C:/Users/Murad/AppData/Local/UnrealEngine/Common/DerivedDataCache/5/5/6/TEXTURE_E01F4250BECD420DA9CE63B5EECEC2C2_OODLE_AUTODXT_11_83DFAD2D4EBB576153C2__8022CA30CB8F38BE1DC35AB9D9839DAEBFC4DB5E.udd" 3303
"C:/Users/Murad/AppData/Local/UnrealEngine/Common/DerivedDataCache/6/2/0/TEXTURE_E01F4250BECD420DA9CE63B5EECEC2C2_OODLE_AUTODXT_11_83DFAD2D4EBB576153C2__D54E1573207F3B85D40545D2E8BF4DDE9AA63802.udd" 3304
"C:/Users/Murad/AppData/Local/UnrealEngine/Common/DerivedDataCache/2/7/8/TEXTURE_E01F4250BECD420DA9CE63B5EECEC2C2_OODLE_AUTODXT_11_83DFAD2D4EBB576153C2__FA0062A176B2D4AD26BB13C9B16E5DB6534FB4BE.udd" 3305
"C:/Users/Murad/AppData/Local/UnrealEngine/Common/DerivedDataCache/6/7/2/TEXTURE_E01F4250BECD420DA9CE63B5EECEC2C2_OODLE_AUTODXT_11_83DFAD2D4EBB576153C2__4F32E27761E510EB0CE7090E05DD0DEEECB7957A.udd" 3306
"C:/Users/Murad/AppData/Local/UnrealEngine/Common/DerivedDataCache/0/4/6/TEXTURE_E01F4250BECD420DA9CE63B5EECEC2C2_OODLE_AUTODXT_11_83DFAD2D4EBB576153C2__1449BF108F1011B7CCEA25D0F1CB2B7847B4D4F1.udd" 3307
"C:/Users/Murad/AppData/Local/UnrealEngine/Common/DerivedDataCache/4/7/9/TEXTURE_E01F4250BECD420DA9CE63B5EECEC2C2_OODLE_AUTODXT_11_83DFAD2D4EBB576153C2__E407832E5DC1B5919FA5365092F7E157EB4AD208.udd" 3308
"C:/Users/Murad/AppData/Local/UnrealEngine/Common/DerivedDataCache/9/2/9/MATSM_0BA69734E4FD45E082FA4560DBE25454_PCD3D_SM5_8__BC5N_NOCCBN_NOIRIS_DEV_SL___9E902A58858AF14AF91FB92FFDCA3E3942ADCCC2.udd" 3309
"C:/Users/Murad/AppData/Local/UnrealEngine/Common/DerivedDataCache/6/0/6/TEXTURE_E01F4250BECD420DA9CE63B5EECEC2C2_OODLE_AUTODXT_11_747BCD4543A55518CAD1__0907E9C20178F0649892BB4CA132BEBA56006342.udd" 3310
"C:/Users/Murad/AppData/Local/UnrealEngine/Common/DerivedDataCache/4/5/1/TEXTURE_E01F4250BECD420DA9CE63B5EECEC2C2_OODLE_AUTODXT_11_747BCD4543A55518CAD1__FAF3D790D699822E94BBCA538063FAFDA6D867CB.udd" 3311
"C:/Users/Murad/AppData/Local/UnrealEngine/Common/DerivedDataCache/8/6/1/TEXTURE_E01F4250BECD420DA9CE63B5EECEC2C2_OODLE_AUTODXT_11_747BCD4543A55518CAD1__0A72095BCE60D5CD77836A5B8545087C026952E7.udd" 3312
"C:/Users/Murad/AppData/Local/UnrealEngine/Common/DerivedDataCache/4/8/4/TEXTURE_E01F4250BECD420DA9CE63B5EECEC2C2_OODLE_AUTODXT_11_747BCD4543A55518CAD1__9D1F7D08DCB22169A14C82863A477EA7888349C7.udd" 3313
"C:/Users/Murad/AppData/Local/UnrealEngine/Common/DerivedDataCache/4/2/2/TEXTURE_E01F4250BECD420DA9CE63B5EECEC2C2_OODLE_AUTODXT_11_747BCD4543A55518CAD1__2B45454253C71796B11331E20C2F55043FC2E6A7.udd" 3314
"C:/Users/Murad/AppData/Local/UnrealEngine/Common/DerivedDataCache/0/6/4/TEXTURE_E01F4250BECD420DA9CE63B5EECEC2C2_OODLE_AUTODXT_11_747BCD4543A55518CAD1__C96CAF33FB68FFE7DF5CC5665F56E1E6466008CD.udd" 3315
"C:/Users/Murad/AppData/Local/UnrealEngine/Common/DerivedDataCache/7/8/1/MATSM_0BA69734E4FD45E082FA4560DBE25454_PCD3D_SM5_8__BC5N_NOCCBN_NOIRIS_DEV_SL___6D753A38D5B6FE693D80A0AC470F2FF79BE41B2F.udd" 3316
"C:/Users/Murad/AppData/Local/UnrealEngine/Common/DerivedDataCache/8/6/9/TEXTURE_E01F4250BECD420DA9CE63B5EECEC2C2_RGBA16F_4C5556494BECAD7288B5B196262A7__EFD8598D869D0AAB10FF47DF19BE5CD306293189.udd" 3317
"C:/Users/Murad/AppData/Local/UnrealEngine/Common/DerivedDataCache/3/9/7/TEXTURE_E01F4250BECD420DA9CE63B5EECEC2C2_RGBA16F_4C5556494BECAD7288B5B196262A7__0CE5D49A6734C300176A16E2AEFD4E1ECF59C426.udd" 3318
"C:/Users/Murad/AppData/Local/UnrealEngine/Common/DerivedDataCache/0/2/3/TEXTURE_E01F4250BECD420DA9CE63B5EECEC2C2_RGBA16F_4C5556494BECAD7288B5B196262A7__9678010D573C91DE1DF7487BC2500F2F962E4339.udd" 3319
"C:/Users/Murad/AppData/Local/UnrealEngine/Common/DerivedDataCache/7/9/7/TEXTURE_E01F4250BECD420DA9CE63B5EECEC2C2_RGBA16F_4C5556494BECAD7288B5B196262A7__A1416B4686AC8B5BD921B27167C87784BFEE71E3.udd" 3320
"C:/Users/Murad/AppData/Local/UnrealEngine/Common/DerivedDataCache/3/5/9/TEXTURE_E01F4250BECD420DA9CE63B5EECEC2C2_RGBA16F_4C5556494BECAD7288B5B196262A7__6E0CC9243F0EE40353EC090AC820779889E6C704.udd" 3321
"C:/Users/Murad/AppData/Local/UnrealEngine/Common/DerivedDataCache/4/3/6/TEXTURE_E01F4250BECD420DA9CE63B5EECEC2C2_OODLE_AUTODXT_11_9B0DE7324E077AC892C6__788D9A7D5B1B8D9DEF895403A1E717CD4B74DD3A.udd" 3322
"C:/Users/Murad/AppData/Local/UnrealEngine/Common/DerivedDataCache/6/0/2/TEXTURE_E01F4250BECD420DA9CE63B5EECEC2C2_OODLE_AUTODXT_11_9B0DE7324E077AC892C6__887DEA5EDB1400356154476D527181BCBF92B185.udd" 3323
"C:/Users/Murad/AppData/Local/UnrealEngine/Common/DerivedDataCache/1/1/3/TEXTURE_E01F4250BECD420DA9CE63B5EECEC2C2_OODLE_AUTODXT_11_9B0DE7324E077AC892C6__02EBD10003E309C7E884C945C7FDDE70E32E5FF6.udd" 3324
"C:/Users/Murad/AppData/Local/UnrealEngine/Common/DerivedDataCache/7/0/5/TEXTURE_E01F4250BECD420DA9CE63B5EECEC2C2_OODLE_AUTODXT_11_9B0DE7324E077AC892C6__77793DB6A01DBA5571B7C660028E3AD332813D49.udd" 3325
"C:/Users/Murad/AppData/Local/UnrealEngine/Common/DerivedDataCache/0/8/3/TEXTURE_E01F4250BECD420DA9CE63B5EECEC2C2_OODLE_AUTODXT_11_9B0DE7324E077AC892C6__0948B3CA47123ACDA4739DA262A390001F6C5097.udd" 3326
"C:/Users/Murad/AppData/Local/UnrealEngine/Common/DerivedDataCache/6/9/9/TEXTURE_E01F4250BECD420DA9CE63B5EECEC2C2_OODLE_AUTODXT_11_9B0DE7324E077AC892C6__0F3C5769F1C3D428F2133D6A0CAFE6502060D0C1.udd" 3327
"C:/Users/Murad/AppData/Local/UnrealEngine/Common/DerivedDataCache/3/8/7/MATSM_0BA69734E4FD45E082FA4560DBE25454_PCD3D_SM5_8__BC5N_NOCCBN_NOIRIS_DEV_SL___0248237528568F12594CA5A882A0BFB393EFB19C.udd" 3328
"C:/Users/Murad/AppData/Local/UnrealEngine/Common/DerivedDataCache/7/9/5/TEXTURE_E01F4250BECD420DA9CE63B5EECEC2C2_OODLE_AUTODXT_11_081FD3AA4DF5BF7B830A__EE2000B2930CDD353EE54840E244A007F36B648F.udd" 3329
"C:/Users/Murad/AppData/Local/UnrealEngine/Common/DerivedDataCache/0/5/9/TEXTURE_E01F4250BECD420DA9CE63B5EECEC2C2_OODLE_AUTODXT_11_081FD3AA4DF5BF7B830A__EFC37F78EE7498913E19E8B15C4E27A265C3F0FC.udd" 3330
"C:/Users/Murad/AppData/Local/UnrealEngine/Common/DerivedDataCache/8/8/6/TEXTURE_E01F4250BECD420DA9CE63B5EECEC2C2_OODLE_AUTODXT_11_081FD3AA4DF5BF7B830A__FA7EE8FFC0B0F554B6FEE99B2D6172FAE2B95D26.udd" 3331
"C:/Users/Murad/AppData/Local/UnrealEngine/Common/DerivedDataCache/7/4/4/TEXTURE_E01F4250BECD420DA9CE63B5EECEC2C2_OODLE_AUTODXT_11_081FD3AA4DF5BF7B830A__A79281DCA0504EA442D3486CD2968A006B39BEB1.udd" 3332
"C:/Users/Murad/AppData/Local/UnrealEngine/Common/DerivedDataCache/1/7/8/TEXTURE_E01F4250BECD420DA9CE63B5EECEC2C2_OODLE_AUTODXT_11_081FD3AA4DF5BF7B830A__F618BC119A5AB88D6DEB2144B7D8A9DE54E62D4A.udd" 3333
"C:/Users/Murad/AppData/Local/UnrealEngine/Common/DerivedDataCache/2/6/9/MATSM_0BA69734E4FD45E082FA4560DBE25454_PCD3D_SM5_8__BC5N_NOCCBN_NOIRIS_DEV_SL___ACA4D854E36B27396A4ECCBD764F2EA318F978F0.udd" 3334
"C:/Users/Murad/AppData/Local/UnrealEngine/Common/DerivedDataCache/4/3/8/TEXTURE_E01F4250BECD420DA9CE63B5EECEC2C2_OODLE_AUTODXT_11_1A5434D147F848B88AB3__066059D47AB4BC4C37133A21547C25022E157863.udd" 3335
"C:/Users/Murad/AppData/Local/UnrealEngine/Common/DerivedDataCache/9/1/6/TEXTURE_E01F4250BECD420DA9CE63B5EECEC2C2_OODLE_AUTODXT_11_1A5434D147F848B88AB3__899214AA4C551E42F2E03FA4444EFF4372967705.udd" 3336
"C:/Users/Murad/AppData/Local/UnrealEngine/Common/DerivedDataCache/3/2/0/TEXTURE_E01F4250BECD420DA9CE63B5EECEC2C2_OODLE_AUTODXT_11_1A5434D147F848B88AB3__380AB3D2A4DB7E971BFCC8FC67DBD2BFEA26EE35.udd" 3337
"C:/Users/Murad/AppData/Local/UnrealEngine/Common/DerivedDataCache/3/7/0/TEXTURE_E01F4250BECD420DA9CE63B5EECEC2C2_OODLE_AUTODXT_11_1A5434D147F848B88AB3__A9D05036BBBBA2014A94C43BBC18A65D4560B8AD.udd" 3338
"C:/Users/Murad/AppData/Local/UnrealEngine/Common/DerivedDataCache/1/0/3/MATSM_0BA69734E4FD45E082FA4560DBE25454_PCD3D_SM5_8__BC5N_NOCCBN_NOIRIS_DEV_SL___D7FC82E2BA6B91C5E1C3ED74BE3B9DC4E285F254.udd" 3339
"C:/Users/Murad/AppData/Local/UnrealEngine/Common/DerivedDataCache/5/3/9/TEXTURE_E01F4250BECD420DA9CE63B5EECEC2C2_OODLE_AUTODXT_11_43D3D6DB408B5A97698F__33C69B0CF9D1718AB3E9CB5E204549ABCD457DB1.udd" 3340
"C:/Users/Murad/AppData/Local/UnrealEngine/Common/DerivedDataCache/3/2/2/MATSM_0BA69734E4FD45E082FA4560DBE25454_PCD3D_SM5_8__BC5N_NOCCBN_NOIRIS_DEV_SL___5B0FD3E3494D85873AF24DD9A01FC8937D4F4DAA.udd" 3341
"C:/Users/Murad/AppData/Local/UnrealEngine/Common/DerivedDataCache/8/4/8/TEXTURE_E01F4250BECD420DA9CE63B5EECEC2C2_OODLE_AUTODXT_11_79687DF845F42B96B1DF__BA4F4F0E658F660335D872875AB8B4E85ED656C9.udd" 3342
"C:/Users/Murad/AppData/Local/UnrealEngine/Common/DerivedDataCache/2/5/1/TEXTURE_E01F4250BECD420DA9CE63B5EECEC2C2_OODLE_AUTODXT_11_79687DF845F42B96B1DF__EF057E66D164AB1F95E957E91A1367CA287F368F.udd" 3343
"C:/Users/Murad/AppData/Local/UnrealEngine/Common/DerivedDataCache/4/8/8/TEXTURE_E01F4250BECD420DA9CE63B5EECEC2C2_OODLE_AUTODXT_11_79687DF845F42B96B1DF__80F4B5750EA101367A2842ABD20C2CB60AD7ED30.udd" 3344
"C:/Users/Murad/AppData/Local/UnrealEngine/Common/DerivedDataCache/9/4/5/TEXTURE_E01F4250BECD420DA9CE63B5EECEC2C2_OODLE_AUTODXT_11_79687DF845F42B96B1DF__070F2C709615EE359D4D56427E460FD4F28418AE.udd" 3345
"C:/Users/Murad/AppData/Local/UnrealEngine/Common/DerivedDataCache/0/6/3/TEXTURE_E01F4250BECD420DA9CE63B5EECEC2C2_OODLE_AUTODXT_11_79687DF845F42B96B1DF__14E46BDA583288E6B4B6CE1C7926569243C8CF35.udd" 3346
"C:/Users/Murad/AppData/Local/UnrealEngine/Common/DerivedDataCache/2/4/2/MATSM_0BA69734E4FD45E082FA4560DBE25454_PCD3D_SM5_8__BC5N_NOCCBN_NOIRIS_DEV_SL___D96645BD3A9716F8F0FD4BD31281AAE5F37E4A88.udd" 3347
"C:/Users/Murad/AppData/Local/UnrealEngine/Common/DerivedDataCache/2/6/3/TEXTURE_E01F4250BECD420DA9CE63B5EECEC2C2_OODLE_AUTODXT_11_4F79EB52417D1FB56EFD__190803C6A6C36B05268821B7DD53397EAB4CD63D.udd" 3348
"C:/Users/Murad/AppData/Local/UnrealEngine/Common/DerivedDataCache/6/9/7/TEXTURE_E01F4250BECD420DA9CE63B5EECEC2C2_OODLE_AUTODXT_11_4F79EB52417D1FB56EFD__638E58C655B349977C2F79EED070852197CFE412.udd" 3349
"C:/Users/Murad/AppData/Local/UnrealEngine/Common/DerivedDataCache/7/0/6/MATSM_0BA69734E4FD45E082FA4560DBE25454_PCD3D_SM5_8__BC5N_NOCCBN_NOIRIS_DEV_SL___8FAA20F741B91CCA6E365F474C2BD69C233AB9AD.udd" 3350
"C:/Users/Murad/AppData/Local/UnrealEngine/Common/DerivedDataCache/9/6/1/TEXTURE_E01F4250BECD420DA9CE63B5EECEC2C2_OODLE_AUTODXT_11_71F3DBD0420D1A4C4A3D__3C4ACFAE6F6F56590E2C1BD61257F2823CB8AC00.udd" 3351
"C:/Users/Murad/AppData/Local/UnrealEngine/Common/DerivedDataCache/1/6/3/TEXTURE_E01F4250BECD420DA9CE63B5EECEC2C2_OODLE_AUTODXT_11_71F3DBD0420D1A4C4A3D__61260F1E052A9E60F5459CCE6B55AE6C68E1EFBE.udd" 3352
"C:/Users/Murad/AppData/Local/UnrealEngine/Common/DerivedDataCache/4/0/1/MATSM_0BA69734E4FD45E082FA4560DBE25454_PCD3D_SM5_8__BC5N_NOCCBN_NOIRIS_DEV_SL___5B1609A032CDEF9266B51BCD7759EFF8530DA47C.udd" 3353
"C:/Users/Murad/AppData/Local/UnrealEngine/Common/DerivedDataCache/7/8/1/TEXTURE_E01F4250BECD420DA9CE63B5EECEC2C2_OODLE_AUTODXT_11_F3EA72B3447FB2539614__BF273F85585707BA948466BC26532EE3D4A6F1E5.udd" 3354
"C:/Users/Murad/AppData/Local/UnrealEngine/Common/DerivedDataCache/3/4/7/TEXTURE_E01F4250BECD420DA9CE63B5EECEC2C2_OODLE_AUTODXT_11_F3EA72B3447FB2539614__B910918C8E98B2FEA7387A1563E16D4D88BFDF05.udd" 3355
"C:/Users/Murad/AppData/Local/UnrealEngine/Common/DerivedDataCache/5/4/9/MATSM_0BA69734E4FD45E082FA4560DBE25454_PCD3D_SM5_8__BC5N_NOCCBN_NOIRIS_DEV_SL___420228FEF6C58280B6B6199B8C4628E51E2DC583.udd" 3356
"C:/Users/Murad/AppData/Local/UnrealEngine/Common/DerivedDataCache/7/1/7/MATSM_0BA69734E4FD45E082FA4560DBE25454_PCD3D_SM5_8__BC5N_NOCCBN_NOIRIS_DEV_SL___DD5B06A4649380D212EAC5DDEFEA0A6328BE60E7.udd" 3357
"C:/Users/Murad/AppData/Local/UnrealEngine/Common/DerivedDataCache/9/5/8/MATSM_0BA69734E4FD45E082FA4560DBE25454_PCD3D_SM5_8__BC5N_NOCCBN_NOIRIS_DEV_SL___D71595B3AFB33726E4BF78683067844EFDF3F692.udd" 3358
"C:/Users/Murad/AppData/Local/UnrealEngine/Common/DerivedDataCache/2/8/9/MATSM_0BA69734E4FD45E082FA4560DBE25454_PCD3D_SM5_8__BC5N_NOCCBN_NOIRIS_DEV_SL___85F80FFFC022C9F349FF989DE8B918978DAE9267.udd" 3359
"C:/Users/Murad/AppData/Local/UnrealEngine/Common/DerivedDataCache/7/2/2/TEXTURE_E01F4250BECD420DA9CE63B5EECEC2C2_OODLE_AUTODXT_11_8C7A0F4B4B3E7386DA96__F619246E9DBCFC327BC098BFB2A21EC61C9D77D7.udd" 3360
"C:/Users/Murad/AppData/Local/UnrealEngine/Common/DerivedDataCache/4/2/3/TEXTURE_E01F4250BECD420DA9CE63B5EECEC2C2_OODLE_AUTODXT_11_8C7A0F4B4B3E7386DA96__FB90D54CFD3DAE0D0AB88DDF1A32F6BC3A65F5D2.udd" 3361
"C:/Users/Murad/AppData/Local/UnrealEngine/Common/DerivedDataCache/1/8/0/TEXTURE_E01F4250BECD420DA9CE63B5EECEC2C2_OODLE_AUTODXT_11_8C7A0F4B4B3E7386DA96__F8CA37E0CA48AA58283438F43FD84FA469FF51AD.udd" 3362
"C:/Users/Murad/AppData/Local/UnrealEngine/Common/DerivedDataCache/0/8/4/TEXTURE_E01F4250BECD420DA9CE63B5EECEC2C2_OODLE_AUTODXT_11_8C7A0F4B4B3E7386DA96__EC7A7E3D862D36C88EA730B1BBB9BC5CA7B94BED.udd" 3363
"C:/Users/Murad/AppData/Local/UnrealEngine/Common/DerivedDataCache/9/9/1/TEXTURE_E01F4250BECD420DA9CE63B5EECEC2C2_OODLE_AUTODXT_11_0BA2D8E14216A712309F__E32FF00A4BE795E3685F52C2EAD211557DEF8BBA.udd" 3364
"C:/Users/Murad/AppData/Local/UnrealEngine/Common/DerivedDataCache/5/4/6/TEXTURE_E01F4250BECD420DA9CE63B5EECEC2C2_OODLE_AUTODXT_11_0BA2D8E14216A712309F__2F4C9F1BDEBB8A8BAE5562DCF51ABC222023EF96.udd" 3365
"C:/Users/Murad/AppData/Local/UnrealEngine/Common/DerivedDataCache/0/5/9/MATSM_0BA69734E4FD45E082FA4560DBE25454_PCD3D_SM5_8__BC5N_NOCCBN_NOIRIS_DEV_SL___F4A22F6861DB8471BC1257AEF3D4B646A60FB694.udd" 3366
"C:/Users/Murad/AppData/Local/UnrealEngine/Common/DerivedDataCache/0/1/9/TEXTURE_E01F4250BECD420DA9CE63B5EECEC2C2_OODLE_AUTODXT_11_14DC506B4182BFD92989__AE394B4FDCB0444B101A62E574AB6A7692F18CFE.udd" 3367
"C:/Users/Murad/AppData/Local/UnrealEngine/Common/DerivedDataCache/6/1/4/TEXTURE_E01F4250BECD420DA9CE63B5EECEC2C2_OODLE_AUTODXT_11_14DC506B4182BFD92989__1E99460A6D021853516D7BB2BCC51BE9AA3DDBDB.udd" 3368
"C:/Users/Murad/AppData/Local/UnrealEngine/Common/DerivedDataCache/5/0/7/TEXTURE_E01F4250BECD420DA9CE63B5EECEC2C2_OODLE_AUTODXT_11_14DC506B4182BFD92989__904D0D71E3FC61B1A99DC3C3BF7DB0B68C4DA435.udd" 3369
"C:/Users/Murad/AppData/Local/UnrealEngine/Common/DerivedDataCache/3/0/3/TEXTURE_E01F4250BECD420DA9CE63B5EECEC2C2_OODLE_AUTODXT_11_14DC506B4182BFD92989__DBDDC08B49CB8A9D39B1C6AFB5F1830F5741D667.udd" 3370
"C:/Users/Murad/AppData/Local/UnrealEngine/Common/DerivedDataCache/8/8/5/MATSM_0BA69734E4FD45E082FA4560DBE25454_PCD3D_SM5_8__BC5N_NOCCBN_NOIRIS_DEV_SL___23CFA70369BB14001A2D10222AB0B2B9859A99C9.udd" 3371
"C:/Users/Murad/AppData/Local/UnrealEngine/Common/DerivedDataCache/8/2/8/TEXTURE_E01F4250BECD420DA9CE63B5EECEC2C2_OODLE_AUTODXT_11_21088E1A4FFB07D7696D__F89480E4ED3600429B796D0A6B35A6ECFDD74F45.udd" 3372
"C:/Users/Murad/AppData/Local/UnrealEngine/Common/DerivedDataCache/8/9/0/TEXTURE_E01F4250BECD420DA9CE63B5EECEC2C2_OODLE_AUTODXT_11_21088E1A4FFB07D7696D__ECA74405C9E6E8D5B7B4854232B0E954BFCE0A2F.udd" 3373
"C:/Users/Murad/AppData/Local/UnrealEngine/Common/DerivedDataCache/2/0/0/MATSM_0BA69734E4FD45E082FA4560DBE25454_PCD3D_SM5_8__BC5N_NOCCBN_NOIRIS_DEV_SL___7206D1395DA812636D7A8AD9E0DBF4A7ABE44BD0.udd" 3374
"C:/Users/Murad/AppData/Local/UnrealEngine/Common/DerivedDataCache/5/6/2/TEXTURE_E01F4250BECD420DA9CE63B5EECEC2C2_OODLE_AUTODXT_11_7EBC08A54A52E3C457AC__B8DF02A508419FCC449266A55FD7EA3A9D1363E4.udd" 3375
"C:/Users/Murad/AppData/Local/UnrealEngine/Common/DerivedDataCache/2/6/2/TEXTURE_E01F4250BECD420DA9CE63B5EECEC2C2_OODLE_AUTODXT_11_7EBC08A54A52E3C457AC__C151DA17775BF9847528359FB60DBC34C43F163A.udd" 3376
"C:/Users/Murad/AppData/Local/UnrealEngine/Common/DerivedDataCache/0/5/3/MATSM_0BA69734E4FD45E082FA4560DBE25454_PCD3D_SM5_8__BC5N_NOCCBN_NOIRIS_DEV_SL___5ACA3339428B7E64324A3220C324F43CCE278DF9.udd" 3377
"C:/Users/Murad/AppData/Local/UnrealEngine/Common/DerivedDataCache/0/8/8/MATSM_0BA69734E4FD45E082FA4560DBE25454_PCD3D_SM5_8__BC5N_NOCCBN_NOIRIS_DEV_SL___66B205C5F619AF9F14D199601EE906794B6E9B62.udd" 3378
"C:/Users/Murad/AppData/Local/UnrealEngine/Common/DerivedDataCache/6/9/0/TEXTURE_E01F4250BECD420DA9CE63B5EECEC2C2_OODLE_AUTODXT_11_C938F57D4A0C50FD892E__32D5D735A96C14ADF5F0D361CA1FB5B1DEE73226.udd" 3379
"C:/Users/Murad/AppData/Local/UnrealEngine/Common/DerivedDataCache/4/1/9/TEXTURE_E01F4250BECD420DA9CE63B5EECEC2C2_OODLE_AUTODXT_11_C938F57D4A0C50FD892E__3D4FAA83E31668E181650C5C3E542C36D5D7A3FF.udd" 3380
"C:/Users/Murad/AppData/Local/UnrealEngine/Common/DerivedDataCache/7/6/9/TEXTURE_E01F4250BECD420DA9CE63B5EECEC2C2_OODLE_AUTODXT_11_C938F57D4A0C50FD892E__6DCC7EEBF33EB63667F0AAE0A251AF47D64BD4BB.udd" 3381
"C:/Users/Murad/AppData/Local/UnrealEngine/Common/DerivedDataCache/4/0/8/TEXTURE_E01F4250BECD420DA9CE63B5EECEC2C2_OODLE_AUTODXT_11_C938F57D4A0C50FD892E__22E46D008944C5AA152BBF90896FDFFED4462F88.udd" 3382
"C:/Users/Murad/AppData/Local/UnrealEngine/Common/DerivedDataCache/3/5/4/TEXTURE_E01F4250BECD420DA9CE63B5EECEC2C2_OODLE_AUTODXT_11_C938F57D4A0C50FD892E__4A24DF7303808C20F80B4B3F158B2AB5F3BC4DED.udd" 3383
"C:/Users/Murad/AppData/Local/UnrealEngine/Common/DerivedDataCache/9/0/2/TEXTURE_E01F4250BECD420DA9CE63B5EECEC2C2_OODLE_AUTODXT_11_C938F57D4A0C50FD892E__778D3B15B849A9FE22D61A834BD833C5013D2C38.udd" 3384
"C:/Users/Murad/AppData/Local/UnrealEngine/Common/DerivedDataCache/5/6/4/MATSM_0BA69734E4FD45E082FA4560DBE25454_PCD3D_SM5_8__BC5N_NOCCBN_NOIRIS_DEV_SL___41D6B66A4083BB580EA9D06A9D72AC3F2193BF45.udd" 3385
"C:/Users/Murad/AppData/Local/UnrealEngine/Common/DerivedDataCache/8/7/5/TEXTURE_E01F4250BECD420DA9CE63B5EECEC2C2_OODLE_AUTODXT_11_DCE1FE1B42643BA847B6__B2B8F082DFDE4F4AD94A30B4ABBEB85632B23D21.udd" 3386
"C:/Users/Murad/AppData/Local/UnrealEngine/Common/DerivedDataCache/3/1/2/TEXTURE_E01F4250BECD420DA9CE63B5EECEC2C2_OODLE_AUTODXT_11_DCE1FE1B42643BA847B6__5A8A2A0DD7495E044D5D8AFD876C642B996EB2B7.udd" 3387
"C:/Users/Murad/AppData/Local/UnrealEngine/Common/DerivedDataCache/5/7/9/TEXTURE_E01F4250BECD420DA9CE63B5EECEC2C2_OODLE_AUTODXT_11_DCE1FE1B42643BA847B6__4B83A79D8FB015BD2195467EDED71A450B32208D.udd" 3388
"C:/Users/Murad/AppData/Local/UnrealEngine/Common/DerivedDataCache/7/8/7/TEXTURE_E01F4250BECD420DA9CE63B5EECEC2C2_OODLE_AUTODXT_11_DCE1FE1B42643BA847B6__FB0960C1758D8BAFDF4F5EC3952173CD6D0AFA74.udd" 3389
"C:/Users/Murad/AppData/Local/UnrealEngine/Common/DerivedDataCache/3/6/6/TEXTURE_E01F4250BECD420DA9CE63B5EECEC2C2_OODLE_AUTODXT_11_DCE1FE1B42643BA847B6__83C10554EA04C754E09E8FBA278B07232BE32DE9.udd" 3390
"C:/Users/Murad/AppData/Local/UnrealEngine/Common/DerivedDataCache/0/6/3/MATSM_0BA69734E4FD45E082FA4560DBE25454_PCD3D_SM5_8__BC5N_NOCCBN_NOIRIS_DEV_SL___800B6BBE0F5413CC1DF950DD65D0B5979F2077BA.udd" 3391
"C:/Users/Murad/AppData/Local/UnrealEngine/Common/DerivedDataCache/8/5/0/TEXTURE_E01F4250BECD420DA9CE63B5EECEC2C2_OODLE_AUTODXT_11_942F77B1466496365F11__E62AEEC91F870E37397BBBFDBE3FF53664185273.udd" 3392
"C:/Users/Murad/AppData/Local/UnrealEngine/Common/DerivedDataCache/7/4/9/TEXTURE_E01F4250BECD420DA9CE63B5EECEC2C2_OODLE_AUTODXT_11_942F77B1466496365F11__7C8AE3A0A286CF7D59A13542D7A83E6CB01070A5.udd" 3393
"C:/Users/Murad/AppData/Local/UnrealEngine/Common/DerivedDataCache/3/9/7/MATSM_0BA69734E4FD45E082FA4560DBE25454_PCD3D_SM5_8__BC5N_NOCCBN_NOIRIS_DEV_SL___D8392B9238AFA1139B2CAEC26F6CD4BBAB526663.udd" 3394
"C:/Users/Murad/AppData/Local/UnrealEngine/Common/DerivedDataCache/4/8/0/TEXTURE_E01F4250BECD420DA9CE63B5EECEC2C2_OODLE_AUTODXT_11_0A76B75D4B49CBCB206D__6661513F97590E833ECB01FBD1D66914F8BD4E54.udd" 3395
"C:/Users/Murad/AppData/Local/UnrealEngine/Common/DerivedDataCache/3/2/4/TEXTURE_E01F4250BECD420DA9CE63B5EECEC2C2_OODLE_AUTODXT_11_0A76B75D4B49CBCB206D__53898C5E83FE740FEE9F924B9A669ACDAE795BED.udd" 3396
"C:/Users/Murad/AppData/Local/UnrealEngine/Common/DerivedDataCache/2/5/1/TEXTURE_E01F4250BECD420DA9CE63B5EECEC2C2_OODLE_AUTODXT_11_0A76B75D4B49CBCB206D__7ADFAF3A6E9111AEC59897B62F6F8E580E16FA6A.udd" 3397
"C:/Users/Murad/AppData/Local/UnrealEngine/Common/DerivedDataCache/3/5/7/TEXTURE_E01F4250BECD420DA9CE63B5EECEC2C2_OODLE_AUTODXT_11_0A76B75D4B49CBCB206D__0DFED74785FB5E909709ACB49320E4B21DD5187D.udd" 3398
"C:/Users/Murad/AppData/Local/UnrealEngine/Common/DerivedDataCache/4/2/5/TEXTURE_E01F4250BECD420DA9CE63B5EECEC2C2_OODLE_AUTODXT_11_0A76B75D4B49CBCB206D__B3E36DC829D1D03C67519F1D51E4010215B4BBA8.udd" 3399
"C:/Users/Murad/AppData/Local/UnrealEngine/Common/DerivedDataCache/7/3/1/TEXTURE_E01F4250BECD420DA9CE63B5EECEC2C2_OODLE_AUTODXT_11_0A76B75D4B49CBCB206D__AA8BE6120B1BF1E9383D3F2932D3B2B16AA6DE12.udd" 3400
"C:/Users/Murad/AppData/Local/UnrealEngine/Common/DerivedDataCache/4/5/7/MATSM_0BA69734E4FD45E082FA4560DBE25454_PCD3D_SM5_8__BC5N_NOCCBN_NOIRIS_DEV_SL___E09621897BC2EE83F7493DF0B56E6ECBAE2CEED2.udd" 3401
"C:/Users/Murad/AppData/Local/UnrealEngine/Common/DerivedDataCache/9/6/0/TEXTURE_E01F4250BECD420DA9CE63B5EECEC2C2_OODLE_BC5_11_56534A1C469591EF3C753396__AA041D3F119F8E0E837862D3AF491EB09D867B79.udd" 3402
"C:/Users/Murad/AppData/Local/UnrealEngine/Common/DerivedDataCache/5/2/8/TEXTURE_E01F4250BECD420DA9CE63B5EECEC2C2_OODLE_BC5_11_56534A1C469591EF3C753396__F78DDFA36B33C55A9590978F2904190A9C4BDD1F.udd" 3403
"C:/Users/Murad/AppData/Local/UnrealEngine/Common/DerivedDataCache/9/7/1/TEXTURE_E01F4250BECD420DA9CE63B5EECEC2C2_OODLE_AUTODXT_11_DE64C11C420272049CEB__406B6D128252D473270B1E2069E11A660F98CF68.udd" 3404
"C:/Users/Murad/AppData/Local/UnrealEngine/Common/DerivedDataCache/7/3/3/TEXTURE_E01F4250BECD420DA9CE63B5EECEC2C2_OODLE_AUTODXT_11_DE64C11C420272049CEB__EB8DAF90125E80537C5476D59E6A25FF2788621F.udd" 3405
"C:/Users/Murad/AppData/Local/UnrealEngine/Common/DerivedDataCache/5/1/0/MATSM_0BA69734E4FD45E082FA4560DBE25454_PCD3D_SM5_8__BC5N_NOCCBN_NOIRIS_DEV_SL___B1B9E03E94F8DD5DC9EEB5EFA2EF6D3B24A1C5C0.udd" 3406
"C:/Users/Murad/AppData/Local/UnrealEngine/Common/DerivedDataCache/5/6/9/TEXTURE_E01F4250BECD420DA9CE63B5EECEC2C2_OODLE_AUTODXT_11_B286E55740E6D0ABD80F__E2054E4B8731E22B8FA125C8CB6F002DDD5464D5.udd" 3407
"C:/Users/Murad/AppData/Local/UnrealEngine/Common/DerivedDataCache/3/2/5/TEXTURE_E01F4250BECD420DA9CE63B5EECEC2C2_OODLE_AUTODXT_11_B286E55740E6D0ABD80F__5262B17BC2CDC06C36B594BACBB9C453A0D908D2.udd" 3408
"C:/Users/Murad/AppData/Local/UnrealEngine/Common/DerivedDataCache/9/0/8/MATSM_0BA69734E4FD45E082FA4560DBE25454_PCD3D_SM5_8__BC5N_NOCCBN_NOIRIS_DEV_SL___498F106905F770CF8876DC8AB605C7A86AB71DDB.udd" 3409
"C:/Users/Murad/AppData/Local/UnrealEngine/Common/DerivedDataCache/3/2/7/TEXTURE_E01F4250BECD420DA9CE63B5EECEC2C2_OODLE_AUTODXT_11_74B19A224ADFE9C38A7A__1F6F6677807FF1D6F6390A994A6A8304828ADE37.udd" 3410
"C:/Users/Murad/AppData/Local/UnrealEngine/Common/DerivedDataCache/5/8/2/TEXTURE_E01F4250BECD420DA9CE63B5EECEC2C2_OODLE_AUTODXT_11_74B19A224ADFE9C38A7A__C24EF9CD4B1FC8D5CCA844FB69DEC773F60BF77D.udd" 3411
"C:/Users/Murad/AppData/Local/UnrealEngine/Common/DerivedDataCache/3/1/3/MATSM_0BA69734E4FD45E082FA4560DBE25454_PCD3D_SM5_8__BC5N_NOCCBN_NOIRIS_DEV_SL___06B57A563A6C29559F2F52B50389A4B325E7A9F0.udd" 3412
"C:/Users/Murad/AppData/Local/UnrealEngine/Common/DerivedDataCache/1/0/4/TEXTURE_E01F4250BECD420DA9CE63B5EECEC2C2_OODLE_AUTODXT_11_7A75FF6D45FC3134A9F9__A1A7D3AF3F906ED6A5713FE896F55750251E70DB.udd" 3413
"C:/Users/Murad/AppData/Local/UnrealEngine/Common/DerivedDataCache/8/4/0/TEXTURE_E01F4250BECD420DA9CE63B5EECEC2C2_OODLE_AUTODXT_11_7A75FF6D45FC3134A9F9__57F3A7A6AA0B3E245AB8D4041ED3B245D3B5703A.udd" 3414
"C:/Users/Murad/AppData/Local/UnrealEngine/Common/DerivedDataCache/7/4/9/TEXTURE_E01F4250BECD420DA9CE63B5EECEC2C2_OODLE_BC5_11_993AED26413CE868C3678EB8__AD65CEF6D6C207B3D1E77364ABFC46D3CDC70FA3.udd" 3415
"C:/Users/Murad/AppData/Local/UnrealEngine/Common/DerivedDataCache/6/1/7/TEXTURE_E01F4250BECD420DA9CE63B5EECEC2C2_OODLE_BC5_11_993AED26413CE868C3678EB8__5F5FBEBF7580CFFF52B1C84B320A159C26CB26F0.udd" 3416
"C:/Users/Murad/AppData/Local/UnrealEngine/Common/DerivedDataCache/4/2/0/TEXTURE_E01F4250BECD420DA9CE63B5EECEC2C2_OODLE_BC5_11_993AED26413CE868C3678EB8__F0B96C7E1C91D32CAD2640157F31A3B2701B3F08.udd" 3417
"C:/Users/Murad/AppData/Local/UnrealEngine/Common/DerivedDataCache/4/2/0/TEXTURE_E01F4250BECD420DA9CE63B5EECEC2C2_OODLE_BC5_11_993AED26413CE868C3678EB8__AE1F83E150D676FCF58DDF5CCB0FDD53E99CC0C9.udd" 3418
"C:/Users/Murad/AppData/Local/UnrealEngine/Common/DerivedDataCache/6/0/1/TEXTURE_E01F4250BECD420DA9CE63B5EECEC2C2_OODLE_BC5_11_993AED26413CE868C3678EB8__CCAFD480D6E693763F90389845295C787D4ED257.udd" 3419
"C:/Users/Murad/AppData/Local/UnrealEngine/Common/DerivedDataCache/0/4/7/MATSM_0BA69734E4FD45E082FA4560DBE25454_PCD3D_SM5_8__BC5N_NOCCBN_NOIRIS_DEV_SL___3B8938B0798533FE421DCFC33572C81612999EDE.udd" 3420
"C:/Users/Murad/AppData/Local/UnrealEngine/Common/DerivedDataCache/4/7/9/TEXTURE_E01F4250BECD420DA9CE63B5EECEC2C2_OODLE_AUTODXT_11_76D881F14E6E945D52D8__2C131BFB481466D0D26839854D3C9F8581B0C086.udd" 3421
"C:/Users/Murad/AppData/Local/UnrealEngine/Common/DerivedDataCache/1/7/7/TEXTURE_E01F4250BECD420DA9CE63B5EECEC2C2_OODLE_AUTODXT_11_76D881F14E6E945D52D8__038F6C1247519BFB0980B22DD843244266037BB6.udd" 3422
"C:/Users/Murad/AppData/Local/UnrealEngine/Common/DerivedDataCache/9/0/6/TEXTURE_E01F4250BECD420DA9CE63B5EECEC2C2_OODLE_AUTODXT_11_76D881F14E6E945D52D8__9C9E1C2AB23FDC399D12D32ABA1287E9C28F374D.udd" 3423
"C:/Users/Murad/AppData/Local/UnrealEngine/Common/DerivedDataCache/4/0/1/MATSM_0BA69734E4FD45E082FA4560DBE25454_PCD3D_SM5_8__BC5N_NOCCBN_NOIRIS_DEV_SL___977DD2B2B4CB733E44148F5718C2A6C1095E569B.udd" 3424
"C:/Users/Murad/AppData/Local/UnrealEngine/Common/DerivedDataCache/1/7/3/MATSM_0BA69734E4FD45E082FA4560DBE25454_PCD3D_SM5_8__BC5N_NOCCBN_NOIRIS_DEV_SL___A92B31FDD59BB16547146B6745796AF9AD10EDEA.udd" 3425
"C:/Users/Murad/AppData/Local/UnrealEngine/Common/DerivedDataCache/8/2/1/MATSM_0BA69734E4FD45E082FA4560DBE25454_PCD3D_SM5_8__BC5N_NOCCBN_NOIRIS_DEV_SL___9302BF037FB475C16620D330C021AD2E0EDA2787.udd" 3426
"C:/Users/Murad/AppData/Local/UnrealEngine/Common/DerivedDataCache/8/5/0/TEXTURE_E01F4250BECD420DA9CE63B5EECEC2C2_OODLE_AUTODXT_11_C89ACB634C25C3FE9ADE__2C20B44555A43915907E05AB03D98CB3BE8E0514.udd" 3427
"C:/Users/Murad/AppData/Local/UnrealEngine/Common/DerivedDataCache/0/2/6/TEXTURE_E01F4250BECD420DA9CE63B5EECEC2C2_OODLE_AUTODXT_11_C89ACB634C25C3FE9ADE__ED6FA9BE5132506574C2A6C3C0BE92FA8795AD09.udd" 3428
"C:/Users/Murad/AppData/Local/UnrealEngine/Common/DerivedDataCache/4/3/3/TEXTURE_E01F4250BECD420DA9CE63B5EECEC2C2_OODLE_AUTODXT_11_D70E2DC446772BC7F716__0BDA336FFF85775DD3367AA2C34F7849091FF539.udd" 3429
"C:/Users/Murad/AppData/Local/UnrealEngine/Common/DerivedDataCache/3/2/2/TEXTURE_E01F4250BECD420DA9CE63B5EECEC2C2_OODLE_AUTODXT_11_D70E2DC446772BC7F716__467A3F4F0A2C5618900B72CFB0BC14E71B694E14.udd" 3430
"C:/Users/Murad/AppData/Local/UnrealEngine/Common/DerivedDataCache/8/8/7/MATSM_0BA69734E4FD45E082FA4560DBE25454_PCD3D_SM5_8__BC5N_NOCCBN_NOIRIS_DEV_SL___A937D047902F77C625C54908F690FF521310082D.udd" 3431
"C:/Users/Murad/AppData/Local/UnrealEngine/Common/DerivedDataCache/5/5/1/MATSM_0BA69734E4FD45E082FA4560DBE25454_PCD3D_SM5_8__BC5N_NOCCBN_NOIRIS_DEV_SL___BBBA16AF5BF476AB2AA12C8B94AF6209DFBC5CD2.udd" 3432
"C:/Users/Murad/Documents/Unreal Projects/Peacekeeper_3D/Content/Realistic_Starter_VFX_Pack_Vol2/Maps/Overview_Map_Day_BuiltData.uasset" 3433
"C:/Users/Murad/Documents/Unreal Projects/Peacekeeper_3D/Content/Realistic_Starter_VFX_Pack_Vol2/Maps/Overview_Map_Day.umap" 3434
"C:/Users/Murad/AppData/Local/UnrealEngine/Common/DerivedDataCache/6/4/7/STATICMESH_9CE2B6FB46754B699726C4AA1515F12E_228332BAE0224DD294E232B87D83948FQU__41ED752957682DD50A03BE9F52D534B6DD9C91FF.udd" 3435
"C:/Users/Murad/AppData/Local/UnrealEngine/Common/DerivedDataCache/4/5/7/PHYSX_A08609EF508D460CBB6710540B03AACF_PHYSXPC_1297373F4F6B7C3E90569DB3B95648E__E62DF392BD99F0999B2287BE8F9D4A0A85461E50.udd" 3436
"C:/Users/Murad/AppData/Local/UnrealEngine/Common/DerivedDataCache/6/8/0/NAVCOLLISION_2983273BE5D6425391E8C0B3D1C0A55D_NAVCOLLISION_X_1297373F4F6B7C3E9__F2896ADE437EB057B3C4B9BDA1BA9E36C2EB68EA.udd" 3437
"C:/Users/Murad/AppData/Local/UnrealEngine/Common/DerivedDataCache/7/0/5/STATICMESH_9CE2B6FB46754B699726C4AA1515F12E_228332BAE0224DD294E232B87D83948FQU__DB0F7FE06FD87D548A5B0A5D2C587D025333EBEE.udd" 3438
"C:/Users/Murad/AppData/Local/UnrealEngine/Common/DerivedDataCache/1/8/2/PHYSX_A08609EF508D460CBB6710540B03AACF_PHYSXPC_7AC14B8E452E11DB96ADADBD7282E21__9A7F97F8FCFC660D60E212F6611F7DF1FE5D8A77.udd" 3439
"C:/Users/Murad/AppData/Local/UnrealEngine/Common/DerivedDataCache/9/9/0/NAVCOLLISION_2983273BE5D6425391E8C0B3D1C0A55D_NAVCOLLISION_X_7AC14B8E452E11DB9__C14C3C1F74CA937E7BAD4519D7E37D87723C1E8A.udd" 3440
"C:/Users/Murad/Documents/Unreal Projects/Peacekeeper_3D/Content/FPS_Weapon_Bundle/Weapons/Textures/Ammunition/T_9mm_M_MSK.uasset" 3441
"C:/Users/Murad/Documents/Unreal Projects/Peacekeeper_3D/Content/FPS_Weapon_Bundle/Weapons/Textures/Ammunition/T_9mm_NRM.uasset" 3442
"C:/Users/Murad/Documents/Unreal Projects/Peacekeeper_3D/Content/FPS_Weapon_Bundle/Weapons/Textures/Ammunition/T_9mm_ALB.uasset" 3443
"C:/Users/Murad/Documents/Unreal Projects/Peacekeeper_3D/Content/FPS_Weapon_Bundle/Weapons/Textures/SMG11/T_SMG11_ALB.uasset" 3444
"C:/Users/Murad/Documents/Unreal Projects/Peacekeeper_3D/Content/FPS_Weapon_Bundle/Weapons/Materials/SMG11/M_SMG11.uasset" 3445
"C:/Users/Murad/Documents/Unreal Projects/Peacekeeper_3D/Content/FPS_Weapon_Bundle/Weapons/Textures/SMG11/T_SMG11_M_MSK.uasset" 3446
"C:/Users/Murad/Documents/Unreal Projects/Peacekeeper_3D/Content/FPS_Weapon_Bundle/Weapons/Textures/SMG11/T_SMG11_NRM.uasset" 3447
"C:/Users/Murad/Documents/Unreal Projects/Peacekeeper_3D/Content/FPS_Weapon_Bundle/Weapons/Materials/Ammunition/M_9mm.uasset" 3448
"C:/Users/Murad/AppData/Local/UnrealEngine/Common/DerivedDataCache/3/1/1/STATICMESH_9CE2B6FB46754B699726C4AA1515F12E_228332BAE0224DD294E232B87D83948FQU__9A5D877CE906A350557C4BCEDC6AE1D3A91E92A1.udd" 3449
"C:/Users/Murad/AppData/Local/UnrealEngine/Common/DerivedDataCache/5/0/3/PHYSX_A08609EF508D460CBB6710540B03AACF_PHYSXPC_F2D0B5A549E3743E57CF58A661F4779__40E85DBDD3E2E99C8BCC46C672E4A814E0D378B6.udd" 3450
"C:/Users/Murad/AppData/Local/UnrealEngine/Common/DerivedDataCache/6/6/2/NAVCOLLISION_2983273BE5D6425391E8C0B3D1C0A55D_NAVCOLLISION_X_F2D0B5A549E3743E5__BCE29088953EC8BF59B7B726C4A781CFE3BE2765.udd" 3451
"C:/Users/Murad/Documents/Unreal Projects/Peacekeeper_3D/Content/FPS_Weapon_Bundle/Weapons/Meshes/SMG11/SM_SMG11_Mag_X.uasset" 3452
"C:/Users/Murad/Documents/Unreal Projects/Peacekeeper_3D/Content/FPS_Weapon_Bundle/Weapons/Meshes/SMG11/SM_SMG11_Mag_Empty_X.uasset" 3453
"C:/Users/Murad/Documents/Unreal Projects/Peacekeeper_3D/Content/FPS_Weapon_Bundle/Weapons/Meshes/SMG11/SK_SMG11_Y_Skeleton.uasset" 3454
"C:/Users/Murad/Documents/Unreal Projects/Peacekeeper_3D/Content/FPS_Weapon_Bundle/Weapons/Meshes/SMG11/SK_SMG11_Y_Physics.uasset" 3455
"C:/Users/Murad/Documents/Unreal Projects/Peacekeeper_3D/Content/FPS_Weapon_Bundle/Weapons/Textures/SMG11/T_SMG11_Rem_NRM.uasset" 3456
"../../../../../../Users/Murad/Documents/Unreal Projects/Peacekeeper_3D/Content/Realistic_Starter_VFX_Pack_Vol2/Maps/Overview_Map_Night.umap" 3457
"C:/Users/Murad/AppData/Local/UnrealEngine/Common/DerivedDataCache/7/1/7/PHYSX_A08609EF508D460CBB6710540B03AACF_PHYSXPC_4C2A1E524A23BFEEEA87F5840E86DAD8__1_0_0_0_2_13315_0.udd" 3458
"C:/Users/Murad/Documents/Unreal Projects/Peacekeeper_3D/Content/FPS_Weapon_Bundle/Weapons/Textures/SMG11/T_SMG11_Rem_M_MSK.uasset" 3459
"C:/Users/Murad/Documents/Unreal Projects/Peacekeeper_3D/Content/FPS_Weapon_Bundle/Weapons/Textures/SMG11/T_SMG11_Rem_ALB.uasset" 3460
"../../../../../../Users/Murad/Documents/Unreal Projects/Peacekeeper_3D/Content/Realistic_Starter_VFX_Pack_Vol2/Maps/Overview_Map_Day.umap" 3461
"C:/Users/Murad/Documents/Unreal Projects/Peacekeeper_3D/Content/FPS_Weapon_Bundle/Weapons/Materials/SMG11/M_SMG11_Rem.uasset" 3462
"C:/Users/Murad/Documents/Unreal Projects/Peacekeeper_3D/Content/FPS_Weapon_Bundle/Weapons/Meshes/SMG11/SK_SMG11_Y.uasset" 3463
"C:/Users/Murad/Documents/Unreal Projects/Peacekeeper_3D/Content/FPS_Weapon_Bundle/Weapons/Meshes/SMG11/SK_SMG11_Nostock_Y_Skeleton.uasset" 3464
"C:/Users/Murad/Documents/Unreal Projects/Peacekeeper_3D/Content/FPS_Weapon_Bundle/Weapons/Meshes/SMG11/SK_SMG11_Nostock_Y_Physics.uasset" 3465
"C:/Users/Murad/Documents/Unreal Projects/Peacekeeper_3D/Content/FPS_Weapon_Bundle/Weapons/Meshes/SMG11/SK_SMG11_Nostock_Y.uasset" 3466
"C:/Users/Murad/Documents/Unreal Projects/Peacekeeper_3D/Content/FPS_Weapon_Bundle/Weapons/Meshes/M9_Knife/SK_M9_Knife_X_Skeleton.uasset" 3467
"C:/Users/Murad/Documents/Unreal Projects/Peacekeeper_3D/Content/FPS_Weapon_Bundle/Weapons/Meshes/M9_Knife/SK_M9_Knife_X_Physics.uasset" 3468
"C:/Users/Murad/Documents/Unreal Projects/Peacekeeper_3D/Content/FPS_Weapon_Bundle/Weapons/Textures/M9_Knife/T_M9_NRM.uasset" 3469
"C:/Users/Murad/Documents/Unreal Projects/Peacekeeper_3D/Content/FPS_Weapon_Bundle/Weapons/Textures/M9_Knife/T_M9_M_MSK.uasset" 3470
"C:/Users/Murad/AppData/Local/UnrealEngine/Common/DerivedDataCache/5/6/3/STATICMESH_9CE2B6FB46754B699726C4AA1515F12E_228332BAE0224DD294E232B87D83948FQU__FBCAFCE3B84DAFA4316AF10AF64ABDD38D0FFD04.udd" 3471
"C:/Users/Murad/AppData/Local/UnrealEngine/Common/DerivedDataCache/9/7/7/PHYSX_A08609EF508D460CBB6710540B03AACF_PHYSXPC_7BF30F784878FD3E98CEE3A83DE8C47__D509BE55EF39CDBB5A844F8217D8491B776BF98F.udd" 3472
"C:/Users/Murad/AppData/Local/UnrealEngine/Common/DerivedDataCache/0/4/3/NAVCOLLISION_2983273BE5D6425391E8C0B3D1C0A55D_NAVCOLLISION_X_7BF30F784878FD3E9__AF31360B9754B0941B79DB4303E3554C01BB0576.udd" 3473
"C:/Users/Murad/Documents/Unreal Projects/Peacekeeper_3D/Content/FPS_Weapon_Bundle/Weapons/Textures/M9_Knife/T_M9_ALB.uasset" 3474
"C:/Users/Murad/AppData/Local/UnrealEngine/Common/DerivedDataCache/0/1/5/STATICMESH_9CE2B6FB46754B699726C4AA1515F12E_228332BAE0224DD294E232B87D83948FQU__AD801769AC96CE6FE08E47835AAC7A368E6787AF.udd" 3475
"C:/Users/Murad/AppData/Local/UnrealEngine/Common/DerivedDataCache/9/0/7/PHYSX_A08609EF508D460CBB6710540B03AACF_PHYSXPC_03AD3D854C2EFAD85223F0A9BA5DEEB__FB481DE3D8718F78B86BA0C0E7B3C7095939B136.udd" 3476
"C:/Users/Murad/AppData/Local/UnrealEngine/Common/DerivedDataCache/9/4/8/NAVCOLLISION_2983273BE5D6425391E8C0B3D1C0A55D_NAVCOLLISION_X_03AD3D854C2EFAD85__77236598A2EA5568B146A85C7112520767B9C1B1.udd" 3477
"C:/Users/Murad/Documents/Unreal Projects/Peacekeeper_3D/Content/FPS_Weapon_Bundle/Weapons/Materials/M9_Knife/M_M9_Knife.uasset" 3478
"C:/Users/Murad/Documents/Unreal Projects/Peacekeeper_3D/Content/FPS_Weapon_Bundle/Weapons/Meshes/M9_Knife/SK_M9_Knife_X.uasset" 3479
"C:/Users/Murad/Documents/Unreal Projects/Peacekeeper_3D/Content/FPS_Weapon_Bundle/Weapons/Meshes/KA_Val/SM_KA_Val_Mag_Y.uasset" 3480
"C:/Users/Murad/Documents/Unreal Projects/Peacekeeper_3D/Content/FPS_Weapon_Bundle/Weapons/Meshes/KA_Val/SM_KA_Val_MAG_Loaded_Y.uasset" 3481
"C:/Users/Murad/Documents/Unreal Projects/Peacekeeper_3D/Content/FPS_Weapon_Bundle/Weapons/Meshes/KA_Val/SK_KA_Val_Y_Skeleton.uasset" 3482
"C:/Users/Murad/Documents/Unreal Projects/Peacekeeper_3D/Content/FPS_Weapon_Bundle/Weapons/Meshes/KA_Val/SK_KA_Val_Y_Physics.uasset" 3483
"C:/Users/Murad/Documents/Unreal Projects/Peacekeeper_3D/Content/FPS_Weapon_Bundle/Weapons/Meshes/KA_Val/SK_KA_Val_Y.uasset" 3484
"C:/Users/Murad/AppData/Local/UnrealEngine/Common/DerivedDataCache/5/0/8/SKELETALMESH_91550326BADA436B92C8BF16C910465C_52ED484F92D1C511635E8BE30C2B4E68__0A0DF3A799C2BD219E9C34B2DE277B2A63D755FC.udd" 3485
"C:/Users/Murad/Documents/Unreal Projects/Peacekeeper_3D/Content/FPS_Weapon_Bundle/Weapons/Meshes/KA74U/SM_KA74U_Mag_X.uasset" 3486
"C:/Users/Murad/Documents/Unreal Projects/Peacekeeper_3D/Content/FPS_Weapon_Bundle/Weapons/Meshes/KA74U/SM_KA74U_Mag_Empty_X.uasset" 3487
"C:/Users/Murad/Documents/Unreal Projects/Peacekeeper_3D/Content/FPS_Weapon_Bundle/Weapons/Meshes/KA74U/SK_KA74U_Y_Skeleton.uasset" 3488
"C:/Users/Murad/AppData/Local/UnrealEngine/Common/DerivedDataCache/1/9/5/SKELETALMESH_91550326BADA436B92C8BF16C910465C_2F8D36B5F43FCE594EEB3F41C0A9B704__1BA16BFD969169D7FAD01F602550556C0694AF66.udd" 3489
"C:/Users/Murad/Documents/Unreal Projects/Peacekeeper_3D/Content/FPS_Weapon_Bundle/Weapons/Meshes/KA74U/SK_KA74U_Y_Physics.uasset" 3490
"C:/Users/Murad/Documents/Unreal Projects/Peacekeeper_3D/Content/FPS_Weapon_Bundle/Weapons/Meshes/KA74U/SK_KA74U_Y.uasset" 3491
"C:/Users/Murad/Documents/Unreal Projects/Peacekeeper_3D/Content/FPS_Weapon_Bundle/Weapons/Meshes/Ka47/SM_KA47_Mag_Empty.uasset" 3492
"C:/Users/Murad/Documents/Unreal Projects/Peacekeeper_3D/Content/FPS_Weapon_Bundle/Weapons/Meshes/Ka47/SM_KA47_Mag.uasset" 3493
"C:/Users/Murad/Documents/Unreal Projects/Peacekeeper_3D/Content/FPS_Weapon_Bundle/Weapons/Meshes/Ka47/SK_KA47_Skeleton.uasset" 3494
"C:/Users/Murad/Documents/Unreal Projects/Peacekeeper_3D/Content/FPS_Weapon_Bundle/Weapons/Meshes/Ka47/SK_KA47_Physics.uasset" 3495
"C:/Users/Murad/Documents/Unreal Projects/Peacekeeper_3D/Content/FPS_Weapon_Bundle/Weapons/Meshes/Ka47/SK_KA47.uasset" 3496
"C:/Users/Murad/AppData/Local/UnrealEngine/Common/DerivedDataCache/3/4/7/SKELETALMESH_91550326BADA436B92C8BF16C910465C_D25194FF665881830FFF7F8757FD3940__A7442E3AB9ACFA1A7D7AC3FD451FA30ABB829B1D.udd" 3497
"C:/Users/Murad/Documents/Unreal Projects/Peacekeeper_3D/Content/FPS_Weapon_Bundle/Weapons/Textures/G67_Grenade/T_G67_NRM.uasset" 3498
"C:/Users/Murad/AppData/Local/UnrealEngine/Common/DerivedDataCache/7/9/7/STATICMESH_9CE2B6FB46754B699726C4AA1515F12E_228332BAE0224DD294E232B87D83948FQU__0EC5D3EC74110ED987C46B185CF4072E570201DF.udd" 3499
"C:/Users/Murad/AppData/Local/UnrealEngine/Common/DerivedDataCache/4/1/1/PHYSX_A08609EF508D460CBB6710540B03AACF_PHYSXPC_018DF3384B7DDDF7CC3EDE90E8CA34E__5AEB42B0516F5B448A89D6998CF48D55EF011301.udd" 3500
"C:/Users/Murad/AppData/Local/UnrealEngine/Common/DerivedDataCache/3/2/4/NAVCOLLISION_2983273BE5D6425391E8C0B3D1C0A55D_NAVCOLLISION_X_018DF3384B7DDDF7C__36D3877565F9FE8BA58450B64765DF2D3BB012EC.udd" 3501
"C:/Users/Murad/Documents/Unreal Projects/Peacekeeper_3D/Content/FPS_Weapon_Bundle/Weapons/Textures/G67_Grenade/T_G67_M_MSK.uasset" 3502
"C:/Users/Murad/AppData/Local/UnrealEngine/Common/DerivedDataCache/4/4/5/STATICMESH_9CE2B6FB46754B699726C4AA1515F12E_228332BAE0224DD294E232B87D83948FQU__62046EBAE618B5C2A9E1A2E85DE115472E1A66D6.udd" 3503
"C:/Users/Murad/AppData/Local/UnrealEngine/Common/DerivedDataCache/8/7/9/PHYSX_A08609EF508D460CBB6710540B03AACF_PHYSXPC_39EAFA8743087F3A55DBD0B96525FE1__16A560BC312C4027FFD7841AD0A2E2DA4ABD7060.udd" 3504
"C:/Users/Murad/AppData/Local/UnrealEngine/Common/DerivedDataCache/7/8/0/NAVCOLLISION_2983273BE5D6425391E8C0B3D1C0A55D_NAVCOLLISION_X_39EAFA8743087F3A5__FA121DA27F8E035DF6E0E27B076982EF55A63114.udd" 3505
"C:/Users/Murad/Documents/Unreal Projects/Peacekeeper_3D/Content/FPS_Weapon_Bundle/Weapons/Textures/G67_Grenade/T_G67_ALB.uasset" 3506
"C:/Users/Murad/Documents/Unreal Projects/Peacekeeper_3D/Content/FPS_Weapon_Bundle/Weapons/Materials/G67_Grenade/M_G67.uasset" 3507
"C:/Users/Murad/Documents/Unreal Projects/Peacekeeper_3D/Content/FPS_Weapon_Bundle/Weapons/Meshes/G67_Grenade/SK_G67_X_Skeleton.uasset" 3508
"C:/Users/Murad/AppData/Local/UnrealEngine/Common/DerivedDataCache/4/9/0/SKELETALMESH_91550326BADA436B92C8BF16C910465C_8B5EB24290F246267A19A324F2507913__9CEF03657D14F3889DC90E5E4EC6E51FC4FDE274.udd" 3509
"C:/Users/Murad/Documents/Unreal Projects/Peacekeeper_3D/Content/FPS_Weapon_Bundle/Weapons/Meshes/G67_Grenade/SK_G67_X_Physics.uasset" 3510
"C:/Users/Murad/AppData/Local/UnrealEngine/Common/DerivedDataCache/8/9/0/STATICMESH_9CE2B6FB46754B699726C4AA1515F12E_228332BAE0224DD294E232B87D83948FQU__FC7DF861660369A96700C898FDB2082716C6FBB3.udd" 3511
"C:/Users/Murad/AppData/Local/UnrealEngine/Common/DerivedDataCache/5/0/9/PHYSX_A08609EF508D460CBB6710540B03AACF_PHYSXPC_86E330954B9F338D51DCBE981A53AD9__92C7E2CEC42150CB78F4D859D89168C5F694FE52.udd" 3512
"C:/Users/Murad/AppData/Local/UnrealEngine/Common/DerivedDataCache/2/2/7/NAVCOLLISION_2983273BE5D6425391E8C0B3D1C0A55D_NAVCOLLISION_X_86E330954B9F338D5__F8FFB2A146E0116AA4DEB685C3636D8B638D1A6A.udd" 3513
"C:/Users/Murad/Documents/Unreal Projects/Peacekeeper_3D/Content/FPS_Weapon_Bundle/Weapons/Meshes/G67_Grenade/SK_G67_X.uasset" 3514
"C:/Users/Murad/AppData/Local/UnrealEngine/Common/DerivedDataCache/4/8/3/STATICMESH_9CE2B6FB46754B699726C4AA1515F12E_228332BAE0224DD294E232B87D83948FQU__D79FF256443F6D7B73E1D57B5FE3E7CD4A1ED74E.udd" 3515
"C:/Users/Murad/AppData/Local/UnrealEngine/Common/DerivedDataCache/8/4/8/PHYSX_A08609EF508D460CBB6710540B03AACF_PHYSXPC_6E3315BE403148DC096B2384F4E22CF__A764B214E0A085AF296F99A7CAA1C34C5AFB6616.udd" 3516
"C:/Users/Murad/AppData/Local/UnrealEngine/Common/DerivedDataCache/1/8/6/NAVCOLLISION_2983273BE5D6425391E8C0B3D1C0A55D_NAVCOLLISION_X_6E3315BE403148DC0__5E2685BE7EAC2ADA0D76B583CD22B736426D432E.udd" 3517
"C:/Users/Murad/Documents/Unreal Projects/Peacekeeper_3D/Content/FPS_Weapon_Bundle/Weapons/Meshes/AR4/SM_AR4_Mag_Empty.uasset" 3518
"C:/Users/Murad/Documents/Unreal Projects/Peacekeeper_3D/Content/FPS_Weapon_Bundle/Weapons/Meshes/AR4/SM_AR4_Mag.uasset" 3519
"C:/Users/Murad/Documents/Unreal Projects/Peacekeeper_3D/Content/FPS_Weapon_Bundle/Weapons/Textures/Ammunition/T_9x18_NRM.uasset" 3520
"C:/Users/Murad/AppData/Local/UnrealEngine/Common/DerivedDataCache/7/2/9/SKELETALMESH_91550326BADA436B92C8BF16C910465C_4D1EB90602831782D05D2E656C54B1BF__701F7925F6CDB30027462A0A4C45AFA1D3BE5210.udd" 3521
"C:/Users/Murad/Documents/Unreal Projects/Peacekeeper_3D/Content/FPS_Weapon_Bundle/Weapons/Textures/Ammunition/T_9x18_M_MSK.uasset" 3522
"C:/Users/Murad/AppData/Local/UnrealEngine/Common/DerivedDataCache/9/6/4/STATICMESH_9CE2B6FB46754B699726C4AA1515F12E_228332BAE0224DD294E232B87D83948FQU__8A5E342488548CD325CF2EB559093B836AC8582B.udd" 3523
"C:/Users/Murad/AppData/Local/UnrealEngine/Common/DerivedDataCache/4/5/0/PHYSX_A08609EF508D460CBB6710540B03AACF_PHYSXPC_CCD5B0C84ECF04F3B37A36B34D15A4F__85FAF1A87AEA7F29F8C4B91A7FB3A521B5863098.udd" 3524
"C:/Users/Murad/AppData/Local/UnrealEngine/Common/DerivedDataCache/8/5/8/NAVCOLLISION_2983273BE5D6425391E8C0B3D1C0A55D_NAVCOLLISION_X_CCD5B0C84ECF04F3B__60CEA2605BA88D401B13D8083B4FE60E42115BB7.udd" 3525
"C:/Users/Murad/Documents/Unreal Projects/Peacekeeper_3D/Content/FPS_Weapon_Bundle/Weapons/Textures/Ammunition/T_9x18_ALB.uasset" 3526
"C:/Users/Murad/AppData/Local/UnrealEngine/Common/DerivedDataCache/1/4/7/STATICMESH_9CE2B6FB46754B699726C4AA1515F12E_228332BAE0224DD294E232B87D83948FQU__A87C42F43F0522AE43744C39B2B4ED8794FAE7F9.udd" 3527
"C:/Users/Murad/AppData/Local/UnrealEngine/Common/DerivedDataCache/3/5/7/PHYSX_A08609EF508D460CBB6710540B03AACF_PHYSXPC_63F20FDC4599BCFC424B0A836B380A8__4D63E64610E6E9F8E79A0B39977AB02C412EAC76.udd" 3528
"C:/Users/Murad/AppData/Local/UnrealEngine/Common/DerivedDataCache/1/5/7/NAVCOLLISION_2983273BE5D6425391E8C0B3D1C0A55D_NAVCOLLISION_X_63F20FDC4599BCFC4__15E8DF2AD22EFD57BAF570E604B0C83353EB7D06.udd" 3529
"C:/Users/Murad/Documents/Unreal Projects/Peacekeeper_3D/Content/FPS_Weapon_Bundle/Weapons/Materials/Ammunition/M_9x18.uasset" 3530
"C:/Users/Murad/Documents/Unreal Projects/Peacekeeper_3D/Content/FPS_Weapon_Bundle/Weapons/Meshes/Ammunition/SM_Shell_9x18_Empty.uasset" 3531
"C:/Users/Murad/Documents/Unreal Projects/Peacekeeper_3D/Content/FPS_Weapon_Bundle/Weapons/Meshes/Ammunition/SM_Shell_9x18.uasset" 3532
"C:/Users/Murad/AppData/Local/UnrealEngine/Common/DerivedDataCache/7/2/7/SKELETALMESH_91550326BADA436B92C8BF16C910465C_3E66FD60089A268E25CEEB0EBEC31FE9__4B57D2E03016D504B1B027C53B75ADE2498A8402.udd" 3533
"C:/Users/Murad/Documents/Unreal Projects/Peacekeeper_3D/Content/FPS_Weapon_Bundle/Weapons/Meshes/Ammunition/SM_Shell_9mm_Empty.uasset" 3534
"C:/Users/Murad/Documents/Unreal Projects/Peacekeeper_3D/Content/FPS_Weapon_Bundle/Weapons/Meshes/Ammunition/SM_Shell_9mm.uasset" 3535
"C:/Users/Murad/Documents/Unreal Projects/Peacekeeper_3D/Content/FPS_Weapon_Bundle/Weapons/Meshes/Ammunition/SM_Shell_762x51_Empty.uasset" 3536
"C:/Users/Murad/Documents/Unreal Projects/Peacekeeper_3D/Content/FPS_Weapon_Bundle/Weapons/Meshes/Ammunition/SM_Shell_762x51.uasset" 3537
"C:/Users/Murad/Documents/Unreal Projects/Peacekeeper_3D/Content/FPS_Weapon_Bundle/Weapons/Meshes/Ammunition/SM_Shell_762x39_Empty.uasset" 3538
"C:/Users/Murad/Documents/Unreal Projects/Peacekeeper_3D/Content/FPS_Weapon_Bundle/Weapons/Meshes/Ammunition/SM_Shell_762x39.uasset" 3539
"C:/Users/Murad/Documents/Unreal Projects/Peacekeeper_3D/Content/FPS_Weapon_Bundle/Weapons/Meshes/Ammunition/SM_Shell_556x45.uasset" 3540
"C:/Users/Murad/AppData/Local/UnrealEngine/Common/DerivedDataCache/1/4/2/SKELETALMESH_91550326BADA436B92C8BF16C910465C_1B4EE0F37AC2B37790D80283D6E2D421__53ECC63EF1E9445D477C5B95E6C2E50F39D31AF7.udd" 3541
"C:/Users/Murad/Documents/Unreal Projects/Peacekeeper_3D/Content/FPS_Weapon_Bundle/Weapons/Meshes/Ammunition/SM_Shell_545x39_Empty.uasset" 3542
"C:/Users/Murad/AppData/Local/UnrealEngine/Common/DerivedDataCache/9/2/4/STATICMESH_9CE2B6FB46754B699726C4AA1515F12E_228332BAE0224DD294E232B87D83948FQU__F6C30FB16667D4C51528F956952732BD05F1BA21.udd" 3543
"C:/Users/Murad/AppData/Local/UnrealEngine/Common/DerivedDataCache/4/7/4/PHYSX_A08609EF508D460CBB6710540B03AACF_PHYSXPC_F6B123834A6DB6AD20F5B78F150DBE0__439CEC98F4136D91DA0435EC085489B948622046.udd" 3544
"C:/Users/Murad/AppData/Local/UnrealEngine/Common/DerivedDataCache/2/8/1/NAVCOLLISION_2983273BE5D6425391E8C0B3D1C0A55D_NAVCOLLISION_X_F6B123834A6DB6AD2__37634A938A5841FB25B837C6D67E04A5A4F1E9A6.udd" 3545
"C:/Users/Murad/Documents/Unreal Projects/Peacekeeper_3D/Content/FPS_Weapon_Bundle/Weapons/Meshes/Ammunition/SM_Shell_545x39.uasset" 3546
"C:/Users/Murad/AppData/Local/UnrealEngine/Common/DerivedDataCache/5/6/0/STATICMESH_9CE2B6FB46754B699726C4AA1515F12E_228332BAE0224DD294E232B87D83948FQU__E7D995D3F048ADD9B03C015B1576AE46542778E7.udd" 3547
"C:/Users/Murad/AppData/Local/UnrealEngine/Common/DerivedDataCache/6/6/1/PHYSX_A08609EF508D460CBB6710540B03AACF_PHYSXPC_860E93A8474A6DEA090C2C9C460F4A0__51449189FA65AFC4FE972EB3089290BE672F30F4.udd" 3548
"C:/Users/Murad/AppData/Local/UnrealEngine/Common/DerivedDataCache/4/5/2/NAVCOLLISION_2983273BE5D6425391E8C0B3D1C0A55D_NAVCOLLISION_X_860E93A8474A6DEA0__C1AF2ECC820B17FD1FEFDCA0368C5D0219E39CE3.udd" 3549
"C:/Users/Murad/Documents/Unreal Projects/Peacekeeper_3D/Content/FPS_Weapon_Bundle/Weapons/Textures/Ammunition/T_45ap_NRM.uasset" 3550
"C:/Users/Murad/Documents/Unreal Projects/Peacekeeper_3D/Content/FPS_Weapon_Bundle/Weapons/Textures/Ammunition/T_45ap_M_MSK.uasset" 3551
"C:/Users/Murad/Documents/Unreal Projects/Peacekeeper_3D/Content/FPS_Weapon_Bundle/Weapons/Textures/Ammunition/T_45ap_ALB.uasset" 3552
"C:/Users/Murad/Documents/Unreal Projects/Peacekeeper_3D/Content/FPS_Weapon_Bundle/Weapons/Materials/Ammunition/M_45ap.uasset" 3553
"C:/Users/Murad/Documents/Unreal Projects/Peacekeeper_3D/Content/FPS_Weapon_Bundle/Weapons/Meshes/Ammunition/SM_Shell_45ap_Empty.uasset" 3554
"C:/Users/Murad/AppData/Local/UnrealEngine/Common/DerivedDataCache/6/7/8/STATICMESH_9CE2B6FB46754B699726C4AA1515F12E_228332BAE0224DD294E232B87D83948FQU__0C004BBF33FB5C176CD3781DEA0C2F536B78F02C.udd" 3555
"C:/Users/Murad/AppData/Local/UnrealEngine/Common/DerivedDataCache/8/5/0/PHYSX_A08609EF508D460CBB6710540B03AACF_PHYSXPC_B41423C5476BD65F2EA58480AFB89C5__3E879576BB00215D2874375CDE63C843D17B9236.udd" 3556
"C:/Users/Murad/AppData/Local/UnrealEngine/Common/DerivedDataCache/2/8/9/NAVCOLLISION_2983273BE5D6425391E8C0B3D1C0A55D_NAVCOLLISION_X_B41423C5476BD65F2__87A913BDF90FE35B2612307C44C7B649DCF91F72.udd" 3557
"C:/Users/Murad/Documents/Unreal Projects/Peacekeeper_3D/Content/FPS_Weapon_Bundle/Weapons/Meshes/Ammunition/SM_Shell_45ap.uasset" 3558
"C:/Users/Murad/AppData/Local/UnrealEngine/Common/DerivedDataCache/3/6/2/STATICMESH_9CE2B6FB46754B699726C4AA1515F12E_228332BAE0224DD294E232B87D83948FQU__198ACE388843537C3A3433F004DE29C86663C387.udd" 3559
"C:/Users/Murad/AppData/Local/UnrealEngine/Common/DerivedDataCache/3/8/7/PHYSX_A08609EF508D460CBB6710540B03AACF_PHYSXPC_E30BF4FD4E7D362ACF9AFBB6CF67ED2__02F9FDD7301BD178571924E54E6924D925FEAC72.udd" 3560
"C:/Users/Murad/AppData/Local/UnrealEngine/Common/DerivedDataCache/3/7/4/NAVCOLLISION_2983273BE5D6425391E8C0B3D1C0A55D_NAVCOLLISION_X_E30BF4FD4E7D362AC__EBD80A63E9B6CAFD7B6D142B3785727EE47E7F93.udd" 3561
"C:/Users/Murad/Documents/Unreal Projects/Peacekeeper_3D/Content/FPS_Weapon_Bundle/Weapons/Textures/Ammunition/T_40mm_Grenade_NRM.uasset" 3562
"C:/Users/Murad/AppData/Local/UnrealEngine/Common/DerivedDataCache/3/9/6/STATICMESH_9CE2B6FB46754B699726C4AA1515F12E_228332BAE0224DD294E232B87D83948FQU__32CA908755FAEEDCF252EA92A3BFBD1820242AE8.udd" 3563
"C:/Users/Murad/AppData/Local/UnrealEngine/Common/DerivedDataCache/7/9/7/PHYSX_A08609EF508D460CBB6710540B03AACF_PHYSXPC_ADA10C9D4C551BFFC5E7F585B7EB725__3B331D9F5B8096EA2BE4A3DD30830A94202FF3DB.udd" 3564
"C:/Users/Murad/AppData/Local/UnrealEngine/Common/DerivedDataCache/4/3/8/NAVCOLLISION_2983273BE5D6425391E8C0B3D1C0A55D_NAVCOLLISION_X_ADA10C9D4C551BFFC__7A9F8E03A34D3DD8C7F4A1572CA13917344D4836.udd" 3565
"C:/Users/Murad/Documents/Unreal Projects/Peacekeeper_3D/Content/FPS_Weapon_Bundle/Weapons/Textures/Ammunition/T_40mm_Grenade_M_MSK.uasset" 3566
"C:/Users/Murad/AppData/Local/UnrealEngine/Common/DerivedDataCache/6/8/3/STATICMESH_9CE2B6FB46754B699726C4AA1515F12E_228332BAE0224DD294E232B87D83948FQU__BD9A4B4B977D32872729D1E84896FE5AFDAA349B.udd" 3567
"C:/Users/Murad/AppData/Local/UnrealEngine/Common/DerivedDataCache/2/9/7/PHYSX_A08609EF508D460CBB6710540B03AACF_PHYSXPC_6A7C9F08451A11B716E9C6BD07A9B45__A73973A31EBD70CD4A64BC7EF1BA4CE58D8380A6.udd" 3568
"C:/Users/Murad/AppData/Local/UnrealEngine/Common/DerivedDataCache/5/7/0/NAVCOLLISION_2983273BE5D6425391E8C0B3D1C0A55D_NAVCOLLISION_X_6A7C9F08451A11B71__C50F922E4A36A58C8C48AA742BEB51F25CDCB172.udd" 3569
"C:/Users/Murad/Documents/Unreal Projects/Peacekeeper_3D/Content/FPS_Weapon_Bundle/Weapons/Textures/Ammunition/T_40mm_Grenade_ALB.uasset" 3570
"C:/Users/Murad/AppData/Local/UnrealEngine/Common/DerivedDataCache/5/3/6/STATICMESH_9CE2B6FB46754B699726C4AA1515F12E_228332BAE0224DD294E232B87D83948FQU__7EDAB126776AA99004D21C6ADF0D9DF54D7E438D.udd" 3571
"C:/Users/Murad/AppData/Local/UnrealEngine/Common/DerivedDataCache/6/3/1/PHYSX_A08609EF508D460CBB6710540B03AACF_PHYSXPC_E3C6CDC141C67AFA53F24DA26F1A704__2492672EA3EE90EBB2733ECDBAF6E3D1A156E544.udd" 3572
"C:/Users/Murad/AppData/Local/UnrealEngine/Common/DerivedDataCache/7/2/6/NAVCOLLISION_2983273BE5D6425391E8C0B3D1C0A55D_NAVCOLLISION_X_E3C6CDC141C67AFA5__FB510B873FF6E810210B4F7944F70D30679ECB12.udd" 3573
"C:/Users/Murad/Documents/Unreal Projects/Peacekeeper_3D/Content/FPS_Weapon_Bundle/Weapons/Materials/Ammunition/M_40mm_Grenade.uasset" 3574
"C:/Users/Murad/AppData/Local/UnrealEngine/Common/DerivedDataCache/5/9/9/STATICMESH_9CE2B6FB46754B699726C4AA1515F12E_228332BAE0224DD294E232B87D83948FQU__D27529C782A5CAC106375A6385C8D284EEEC136B.udd" 3575
"C:/Users/Murad/AppData/Local/UnrealEngine/Common/DerivedDataCache/2/8/1/PHYSX_A08609EF508D460CBB6710540B03AACF_PHYSXPC_0F2DE3BA470E23C5051B069AF461D61__9695B8FA6E50FC8A3C16BE104CD441B0D0739DB8.udd" 3576
"C:/Users/Murad/AppData/Local/UnrealEngine/Common/DerivedDataCache/7/6/3/NAVCOLLISION_2983273BE5D6425391E8C0B3D1C0A55D_NAVCOLLISION_X_0F2DE3BA470E23C50__3B4A6C7CDC58B1A7408CBF003F1A28CE9581705A.udd" 3577
"C:/Users/Murad/Documents/Unreal Projects/Peacekeeper_3D/Content/FPS_Weapon_Bundle/Weapons/Meshes/Ammunition/SM_Shell_40mm_G_Empty.uasset" 3578
"C:/Users/Murad/AppData/Local/UnrealEngine/Common/DerivedDataCache/2/1/2/STATICMESH_9CE2B6FB46754B699726C4AA1515F12E_228332BAE0224DD294E232B87D83948FQU__C3B458B1860EBD53583B71BDC414A3EFB7479AB7.udd" 3579
"C:/Users/Murad/Documents/Unreal Projects/Peacekeeper_3D/Content/FPS_Weapon_Bundle/Weapons/Meshes/Ammunition/SM_Shell_40mm_G.uasset" 3580
"C:/Users/Murad/AppData/Local/UnrealEngine/Common/DerivedDataCache/1/8/0/STATICMESH_9CE2B6FB46754B699726C4AA1515F12E_228332BAE0224DD294E232B87D83948FQU__049769AE604BB9C6C49E5B6F79780C3C67D30DC9.udd" 3581
"C:/Users/Murad/AppData/Local/UnrealEngine/Common/DerivedDataCache/4/7/1/PHYSX_A08609EF508D460CBB6710540B03AACF_PHYSXPC_F353065947F350AB2574D8A9F414E33__CBE73EBCCA06392A4990917A34A7E59E9EB6C379.udd" 3582
"C:/Users/Murad/AppData/Local/UnrealEngine/Common/DerivedDataCache/8/6/7/NAVCOLLISION_2983273BE5D6425391E8C0B3D1C0A55D_NAVCOLLISION_X_F353065947F350AB2__0A09F4735A1548366C0563500F693D1753801323.udd" 3583
"C:/Users/Murad/Documents/Unreal Projects/Peacekeeper_3D/Content/FPS_Weapon_Bundle/Weapons/Textures/Ammunition/T_12Gauge_NRM.uasset" 3584
"C:/Users/Murad/AppData/Local/UnrealEngine/Common/DerivedDataCache/3/6/5/STATICMESH_9CE2B6FB46754B699726C4AA1515F12E_228332BAE0224DD294E232B87D83948FQU__B9EC589EE36850B696EFB19370F1BC0DF2568947.udd" 3585
"C:/Users/Murad/AppData/Local/UnrealEngine/Common/DerivedDataCache/8/9/6/PHYSX_A08609EF508D460CBB6710540B03AACF_PHYSXPC_DC98F87E4CF56AF27E82118DC55923B__E2AA516178517AE3E3A76E537EFF13C1448CA2D6.udd" 3586
"C:/Users/Murad/AppData/Local/UnrealEngine/Common/DerivedDataCache/2/6/5/NAVCOLLISION_2983273BE5D6425391E8C0B3D1C0A55D_NAVCOLLISION_X_DC98F87E4CF56AF27__92A0119FEA8B2460744856A3A2EFAEC22FCA3E14.udd" 3587
"C:/Users/Murad/Documents/Unreal Projects/Peacekeeper_3D/Content/FPS_Weapon_Bundle/Weapons/Textures/Ammunition/T_12Gauge_M_MSK.uasset" 3588
"C:/Users/Murad/AppData/Local/UnrealEngine/Common/DerivedDataCache/7/9/1/STATICMESH_9CE2B6FB46754B699726C4AA1515F12E_228332BAE0224DD294E232B87D83948FQU__EABEACF9B0BB1061AC9C97D53BF81DA32185709E.udd" 3589
"C:/Users/Murad/AppData/Local/UnrealEngine/Common/DerivedDataCache/3/2/1/PHYSX_A08609EF508D460CBB6710540B03AACF_PHYSXPC_59A9047741F1796415481196F879DE6__A95962BFD515F650EA5C011656DCC87966DE34AE.udd" 3590
"C:/Users/Murad/AppData/Local/UnrealEngine/Common/DerivedDataCache/8/9/3/NAVCOLLISION_2983273BE5D6425391E8C0B3D1C0A55D_NAVCOLLISION_X_59A9047741F179641__93FECD19F4CE0A050C3DE20341C900CFD58D97E2.udd" 3591
"C:/Users/Murad/Documents/Unreal Projects/Peacekeeper_3D/Content/FPS_Weapon_Bundle/Weapons/Textures/Ammunition/T_12Gauge_ALB.uasset" 3592
"C:/Users/Murad/AppData/Local/UnrealEngine/Common/DerivedDataCache/1/0/7/STATICMESH_9CE2B6FB46754B699726C4AA1515F12E_228332BAE0224DD294E232B87D83948FQU__AB29D522C1B88BACF6721782A8C149D4E03E2A5A.udd" 3593
"C:/Users/Murad/AppData/Local/UnrealEngine/Common/DerivedDataCache/0/2/2/PHYSX_A08609EF508D460CBB6710540B03AACF_PHYSXPC_99FE306B48592FF827C050A5BB3C486__BC8B1556CCD86AE4DBDB40CC4D02DFB4C9C5FCA7.udd" 3594
"C:/Users/Murad/AppData/Local/UnrealEngine/Common/DerivedDataCache/5/1/7/NAVCOLLISION_2983273BE5D6425391E8C0B3D1C0A55D_NAVCOLLISION_X_99FE306B48592FF82__AE20EF8AA9E52B120BB1E349BAC465139AE9496F.udd" 3595
"C:/Users/Murad/Documents/Unreal Projects/Peacekeeper_3D/Content/FPS_Weapon_Bundle/Weapons/Materials/Ammunition/M_Ammo_12gauge.uasset" 3596
"C:/Users/Murad/Documents/Unreal Projects/Peacekeeper_3D/Content/FPS_Weapon_Bundle/Weapons/Meshes/Ammunition/SM_Shell_12Gauge_Empty.uasset" 3597
"C:/Users/Murad/Documents/Unreal Projects/Peacekeeper_3D/Content/FPS_Weapon_Bundle/Weapons/Meshes/Ammunition/SM_Shell_12Gauge.uasset" 3598
"C:/Users/Murad/Documents/Unreal Projects/Peacekeeper_3D/Content/FPS_Weapon_Bundle/Weapons/Textures/Accessories/T_V_Grip_NRM.uasset" 3599
"C:/Users/Murad/Documents/Unreal Projects/Peacekeeper_3D/Content/FPS_Weapon_Bundle/Weapons/Textures/Accessories/T_V_Grip_M_MSK.uasset" 3600
"C:/Users/Murad/AppData/Local/UnrealEngine/Common/DerivedDataCache/5/6/9/STATICMESH_9CE2B6FB46754B699726C4AA1515F12E_228332BAE0224DD294E232B87D83948FQU__E954A6982307F582877B10EAF8FA0255090EBB8E.udd" 3601
"C:/Users/Murad/AppData/Local/UnrealEngine/Common/DerivedDataCache/7/1/3/PHYSX_A08609EF508D460CBB6710540B03AACF_PHYSXPC_C7FD35A744C84E4D71B31EBB1034F46__82BC56E7C459FEBC993975746BFDB82EBFE87C66.udd" 3602
"C:/Users/Murad/AppData/Local/UnrealEngine/Common/DerivedDataCache/3/8/8/NAVCOLLISION_2983273BE5D6425391E8C0B3D1C0A55D_NAVCOLLISION_X_C7FD35A744C84E4D7__ED6588AEB2BFB146B91B4F4BCB4E53C20CC23D4C.udd" 3603
"C:/Users/Murad/Documents/Unreal Projects/Peacekeeper_3D/Content/FPS_Weapon_Bundle/Weapons/Textures/Accessories/T_V_Grip_ALB.uasset" 3604
"C:/Users/Murad/AppData/Local/UnrealEngine/Common/DerivedDataCache/3/5/5/STATICMESH_9CE2B6FB46754B699726C4AA1515F12E_228332BAE0224DD294E232B87D83948FQU__5880F172A161CA2F32F98510D71894E5D5616CD7.udd" 3605
"C:/Users/Murad/AppData/Local/UnrealEngine/Common/DerivedDataCache/6/4/5/PHYSX_A08609EF508D460CBB6710540B03AACF_PHYSXPC_B81DE138424D8D24E86F82B80F7F5FC__95DE4308B5F152AC10B549A127D167D3735B838F.udd" 3606
"C:/Users/Murad/AppData/Local/UnrealEngine/Common/DerivedDataCache/7/0/8/NAVCOLLISION_2983273BE5D6425391E8C0B3D1C0A55D_NAVCOLLISION_X_B81DE138424D8D24E__3C9CFF29BB12E5DE3C42F1A465E928E85BDCA0D9.udd" 3607
"C:/Users/Murad/Documents/Unreal Projects/Peacekeeper_3D/Content/FPS_Weapon_Bundle/Weapons/Materials/Accessories/M_V_Grip.uasset" 3608
"C:/Users/Murad/Documents/Unreal Projects/Peacekeeper_3D/Content/FPS_Weapon_Bundle/Weapons/Meshes/Accessories/SM_Vertgrip.uasset" 3609
"C:/Users/Murad/Documents/Unreal Projects/Peacekeeper_3D/Content/FPS_Weapon_Bundle/Weapons/Textures/Accessories/T_Tc4_NRM.uasset" 3610
"C:/Users/Murad/Documents/Unreal Projects/Peacekeeper_3D/Content/FPS_Weapon_Bundle/Weapons/Textures/Accessories/T_Tc4_M_MSK.uasset" 3611
"C:/Users/Murad/Documents/Unreal Projects/Peacekeeper_3D/Content/FPS_Weapon_Bundle/Weapons/Textures/Accessories/T_Tc4_ALB.uasset" 3612
"C:/Users/Murad/AppData/Local/UnrealEngine/Common/DerivedDataCache/2/1/4/STATICMESH_9CE2B6FB46754B699726C4AA1515F12E_228332BAE0224DD294E232B87D83948FQU__ADF2CBBFEFA0A0950FCFC0601EABB5C2A4DD64C9.udd" 3613
"C:/Users/Murad/AppData/Local/UnrealEngine/Common/DerivedDataCache/2/8/2/PHYSX_A08609EF508D460CBB6710540B03AACF_PHYSXPC_48BBFBC14B2729849F59A58B1FD9ABF__23F0FDD5055102A1038EB799FF5809758A9A147E.udd" 3614
"C:/Users/Murad/AppData/Local/UnrealEngine/Common/DerivedDataCache/8/6/7/NAVCOLLISION_2983273BE5D6425391E8C0B3D1C0A55D_NAVCOLLISION_X_48BBFBC14B2729849__6BC9D724ADE74243A17EC419EF114D5221370F9C.udd" 3615
"C:/Users/Murad/Documents/Unreal Projects/Peacekeeper_3D/Content/FPS_Weapon_Bundle/Weapons/Materials/Accessories/M_Tc4_Sight.uasset" 3616
"C:/Users/Murad/AppData/Local/UnrealEngine/Common/DerivedDataCache/5/1/6/STATICMESH_9CE2B6FB46754B699726C4AA1515F12E_228332BAE0224DD294E232B87D83948FQU__C784336738BD44D04B2A03A8183EFD4D955B8258.udd" 3617
"C:/Users/Murad/AppData/Local/UnrealEngine/Common/DerivedDataCache/0/1/9/PHYSX_A08609EF508D460CBB6710540B03AACF_PHYSXPC_D2D4327D40FAFD771768199A9BAB6B4__AE44F5DE5EBE19698FE754D8A4C7D0E8E7A8126D.udd" 3618
"C:/Users/Murad/AppData/Local/UnrealEngine/Common/DerivedDataCache/4/5/4/NAVCOLLISION_2983273BE5D6425391E8C0B3D1C0A55D_NAVCOLLISION_X_D2D4327D40FAFD771__CF75099AAD2001174A7A792EAE5A8ACB03BE7C8D.udd" 3619
"C:/Users/Murad/Documents/Unreal Projects/Peacekeeper_3D/Content/FPS_Weapon_Bundle/Weapons/Materials/RDS/M_RDS_Glass.uasset" 3620
"C:/Users/Murad/Documents/Unreal Projects/Peacekeeper_3D/Content/FPS_Weapon_Bundle/Weapons/Textures/RDS/T_RDS_01.uasset" 3621
"C:/Users/Murad/Documents/Unreal Projects/Peacekeeper_3D/Content/FPS_Weapon_Bundle/Weapons/Materials/Master_Material/M_RDS_Master.uasset" 3622
"C:/Users/Murad/Documents/Unreal Projects/Peacekeeper_3D/Content/FPS_Weapon_Bundle/Weapons/Materials/RDS/M_RDS_01.uasset" 3623
"C:/Users/Murad/Documents/Unreal Projects/Peacekeeper_3D/Content/FPS_Weapon_Bundle/Weapons/Meshes/Accessories/SM_T4_Sight.uasset" 3624
"C:/Users/Murad/AppData/Local/UnrealEngine/Common/DerivedDataCache/8/7/0/STATICMESH_9CE2B6FB46754B699726C4AA1515F12E_228332BAE0224DD294E232B87D83948FQU__8AB16E4107EB180879405D3BDA2F2C4863C58789.udd" 3625
"C:/Users/Murad/Documents/Unreal Projects/Peacekeeper_3D/Content/FPS_Weapon_Bundle/Weapons/Textures/Accessories/T_Suppressor5_NRM.uasset" 3626
"C:/Users/Murad/AppData/Local/UnrealEngine/Common/DerivedDataCache/8/1/3/STATICMESH_9CE2B6FB46754B699726C4AA1515F12E_228332BAE0224DD294E232B87D83948FQU__8BDE3493CCC5107E61FA41B1A14E40C471CC910C.udd" 3627
"C:/Users/Murad/AppData/Local/UnrealEngine/Common/DerivedDataCache/6/0/7/PHYSX_A08609EF508D460CBB6710540B03AACF_PHYSXPC_07B8524E4C27129E074652B8DC739F1__F8C1BE21EDF9DC848A07205B7F2E60D10735D3CF.udd" 3628
"C:/Users/Murad/AppData/Local/UnrealEngine/Common/DerivedDataCache/0/4/6/NAVCOLLISION_2983273BE5D6425391E8C0B3D1C0A55D_NAVCOLLISION_X_07B8524E4C27129E0__8943539DDD8B27DA7C9523ACDA057C751FE67B9A.udd" 3629
"C:/Users/Murad/Documents/Unreal Projects/Peacekeeper_3D/Content/FPS_Weapon_Bundle/Weapons/Textures/Accessories/T_Suppressor5_M_MSK.uasset" 3630
"C:/Users/Murad/Documents/Unreal Projects/Peacekeeper_3D/Content/FPS_Weapon_Bundle/Weapons/Textures/Accessories/T_Suppressor5_ALB.uasset" 3631
"C:/Users/Murad/Documents/Unreal Projects/Peacekeeper_3D/Content/FPS_Weapon_Bundle/Weapons/Materials/Accessories/M_Suppressor5.uasset" 3632
"C:/Users/Murad/Documents/Unreal Projects/Peacekeeper_3D/Content/FPS_Weapon_Bundle/Weapons/Meshes/Accessories/SM_Suppressor5.uasset" 3633
"C:/Users/Murad/Documents/Unreal Projects/Peacekeeper_3D/Content/FPS_Weapon_Bundle/Weapons/Textures/Accessories/T_Scope_25x56_Lens_M_MSK.uasset" 3634
"C:/Users/Murad/AppData/Local/UnrealEngine/Common/DerivedDataCache/1/5/9/STATICMESH_9CE2B6FB46754B699726C4AA1515F12E_228332BAE0224DD294E232B87D83948FQU__1FC79BE30430CDCFA18F55652F6DCB18A7DFEECD.udd" 3635
"C:/Users/Murad/AppData/Local/UnrealEngine/Common/DerivedDataCache/7/4/4/PHYSX_A08609EF508D460CBB6710540B03AACF_PHYSXPC_8183D69E4538514BEA904DB03D07027__084803A0705A17A5C0B9F6E892226B35585CEAD9.udd" 3636
"C:/Users/Murad/AppData/Local/UnrealEngine/Common/DerivedDataCache/9/9/6/NAVCOLLISION_2983273BE5D6425391E8C0B3D1C0A55D_NAVCOLLISION_X_8183D69E4538514BE__5C7222F6C202FE16C1678310636B2B5AA3ACE9F5.udd" 3637
"C:/Users/Murad/Documents/Unreal Projects/Peacekeeper_3D/Content/FPS_Weapon_Bundle/Weapons/Textures/Accessories/T_Scope_25x56_Lens_ALB.uasset" 3638
"C:/Users/Murad/Documents/Unreal Projects/Peacekeeper_3D/Content/FPS_Weapon_Bundle/Weapons/Materials/Master_Material/M_Scope_Lens_MASTER.uasset" 3639
"C:/Users/Murad/Documents/Unreal Projects/Peacekeeper_3D/Content/FPS_Weapon_Bundle/Weapons/Materials/Accessories/M_Scope_25x56_Lens.uasset" 3640
"C:/Users/Murad/Documents/Unreal Projects/Peacekeeper_3D/Content/FPS_Weapon_Bundle/Weapons/Materials/Accessories/M_Scope_25x56_Lens_NoAlpha.uasset" 3641
"C:/Users/Murad/Documents/Unreal Projects/Peacekeeper_3D/Content/FPS_Weapon_Bundle/Weapons/Textures/Accessories/T_Scope_25x56_NRM.uasset" 3642
"C:/Users/Murad/Documents/Unreal Projects/Peacekeeper_3D/Content/FPS_Weapon_Bundle/Weapons/Textures/Accessories/T_Scope_25x56_M_MSK.uasset" 3643
"C:/Users/Murad/Documents/Unreal Projects/Peacekeeper_3D/Content/FPS_Weapon_Bundle/Weapons/Textures/Accessories/T_Scope_25x56_ALB.uasset" 3644
"C:/Users/Murad/Documents/Unreal Projects/Peacekeeper_3D/Content/FPS_Weapon_Bundle/Weapons/Materials/Accessories/M_Scope_25x56.uasset" 3645
"C:/Users/Murad/AppData/Local/UnrealEngine/Common/DerivedDataCache/9/5/6/MATSM_0BA69734E4FD45E082FA4560DBE25454_PCD3D_SM5_8__BC5N_NOCCBN_NOIRIS_DEV_SL___3F22E0F201188BB5B87ADA335CC5C2E0C9F63713.udd" 3646
"C:/Users/Murad/Documents/Unreal Projects/Peacekeeper_3D/Content/FPS_Weapon_Bundle/Weapons/Meshes/Accessories/SM_Scope_25x56_Y.uasset" 3647
"C:/Users/Murad/AppData/Local/UnrealEngine/Common/DerivedDataCache/5/3/7/STATICMESH_9CE2B6FB46754B699726C4AA1515F12E_228332BAE0224DD294E232B87D83948FQU__194E974E51BAEE3F1803B68A8E27CAD1F35626CF.udd" 3648
"C:/Users/Murad/AppData/Local/UnrealEngine/Common/DerivedDataCache/9/1/9/PHYSX_A08609EF508D460CBB6710540B03AACF_PHYSXPC_570A327A4718D55940F825A29426460__EF1D4FF57430308E936CD5655897A9800697A396.udd" 3649
"C:/Users/Murad/AppData/Local/UnrealEngine/Common/DerivedDataCache/1/2/4/NAVCOLLISION_2983273BE5D6425391E8C0B3D1C0A55D_NAVCOLLISION_X_570A327A4718D5594__CE14E06CCF71682282923BD92AB22DA675958C7E.udd" 3650
"C:/Users/Murad/Documents/Unreal Projects/Peacekeeper_3D/Content/FPS_Weapon_Bundle/Weapons/Meshes/Ammunition/SM_Shell_556x45_Empty.uasset" 3651
"../../../Engine/Content/TemplateResources/M_Template_Master.uasset" 3652
"../../../Engine/Content/TemplateResources/MI_Template_BaseGray_03_Metal.uasset" 3653
"C:/Users/Murad/Documents/Unreal Projects/Peacekeeper_3D/Content/FPS_Weapon_Bundle/Maps/Weapons_Showcase.umap" 3654
"C:/Users/Murad/AppData/Local/UnrealEngine/Common/DerivedDataCache/4/5/4/STATICMESH_9CE2B6FB46754B699726C4AA1515F12E_228332BAE0224DD294E232B87D83948FQU__A104D3A81967A65956D8FA62A698A8DD71816B17.udd" 3655
"C:/Users/Murad/AppData/Local/UnrealEngine/Common/DerivedDataCache/7/3/0/PHYSX_A08609EF508D460CBB6710540B03AACF_PHYSXPC_02A781F047321505EBDB79BE0CA292F__F193ABB15602B9B27772626A8D65EE0078F17872.udd" 3656
"C:/Users/Murad/AppData/Local/UnrealEngine/Common/DerivedDataCache/5/6/5/NAVCOLLISION_2983273BE5D6425391E8C0B3D1C0A55D_NAVCOLLISION_X_02A781F047321505E__1E32803E12FAE25FDCEAA7D5DAFB17B2831AD14E.udd" 3657
"C:/Users/Murad/AppData/Local/UnrealEngine/Common/DerivedDataCache/1/8/8/MATSM_0BA69734E4FD45E082FA4560DBE25454_PCD3D_SM5_8__BC5N_NOCCBN_NOIRIS_DEV_SL___8D46BC3C6F25E988751652BAAAB0D4B7F361E667.udd" 3658
"C:/Users/Murad/AppData/Local/UnrealEngine/Common/DerivedDataCache/0/1/6/MATSM_0BA69734E4FD45E082FA4560DBE25454_PCD3D_SM5_8__BC5N_NOCCBN_NOIRIS_DEV_SL___B84003A477B72DA0C8B17B0F5567CADC5C6667D8.udd" 3659
"C:/Users/Murad/AppData/Local/UnrealEngine/Common/DerivedDataCache/8/6/8/TEXTURE_E01F4250BECD420DA9CE63B5EECEC2C2_OODLE_AUTODXT_11_54F7179042BB69AF9C9D__E6AA03D7146691434F1C611E7EBD15799B202985.udd" 3660
"C:/Users/Murad/AppData/Local/UnrealEngine/Common/DerivedDataCache/3/9/6/TEXTURE_E01F4250BECD420DA9CE63B5EECEC2C2_OODLE_AUTODXT_11_88699A0F4CDA72B6C6F2__858C29078F0CF6C66230DA8327936B2246ABBF2F.udd" 3661
"C:/Users/Murad/AppData/Local/UnrealEngine/Common/DerivedDataCache/6/0/0/TEXTURE_E01F4250BECD420DA9CE63B5EECEC2C2_OODLE_AUTODXT_11_C2FED3E84F22DD0E3869__2CF8B5ACA86496B46145222891D23D2236B743D6.udd" 3662
"C:/Users/Murad/AppData/Local/UnrealEngine/Common/DerivedDataCache/7/3/3/TEXTURE_E01F4250BECD420DA9CE63B5EECEC2C2_OODLE_AUTODXT_11_7938B4284F7BAB76286D__D128C8AF6E7D097FE1EB7974A7447D516BE846CA.udd" 3663
"C:/Users/Murad/AppData/Local/UnrealEngine/Common/DerivedDataCache/9/9/1/TEXTURE_E01F4250BECD420DA9CE63B5EECEC2C2_OODLE_AUTODXT_11_88699A0F4CDA72B6C6F2__2D258A0E289036C85EEA07B309DF6504160297A6.udd" 3664
"C:/Users/Murad/AppData/Local/UnrealEngine/Common/DerivedDataCache/1/9/6/TEXTURE_E01F4250BECD420DA9CE63B5EECEC2C2_OODLE_AUTODXT_11_54F7179042BB69AF9C9D__9EF2A071628CB480753D6EDF9A19CC7001C6CDA1.udd" 3665
"C:/Users/Murad/AppData/Local/UnrealEngine/Common/DerivedDataCache/7/1/6/TEXTURE_E01F4250BECD420DA9CE63B5EECEC2C2_OODLE_AUTODXT_11_54F7179042BB69AF9C9D__11F78C90F8D986B31E02DC5E5AC3EA48D2062ABD.udd" 3666
"C:/Users/Murad/AppData/Local/UnrealEngine/Common/DerivedDataCache/2/8/3/TEXTURE_E01F4250BECD420DA9CE63B5EECEC2C2_OODLE_AUTODXT_11_54F7179042BB69AF9C9D__30CC90F72F451FAEAD48B89DF6272048F7952802.udd" 3667
"C:/Users/Murad/AppData/Local/UnrealEngine/Common/DerivedDataCache/1/0/0/TEXTURE_E01F4250BECD420DA9CE63B5EECEC2C2_OODLE_AUTODXT_11_339C624C4026051B146C__98603E246773BBFA0F37EAB5DFF466E281F67B01.udd" 3668
"C:/Users/Murad/AppData/Local/UnrealEngine/Common/DerivedDataCache/8/6/6/TEXTURE_E01F4250BECD420DA9CE63B5EECEC2C2_OODLE_AUTODXT_11_7938B4284F7BAB76286D__FECE34F6A3694902690C5422CBA3C833AA64521A.udd" 3669
"C:/Users/Murad/AppData/Local/UnrealEngine/Common/DerivedDataCache/0/1/8/TEXTURE_E01F4250BECD420DA9CE63B5EECEC2C2_OODLE_AUTODXT_11_54F7179042BB69AF9C9D__8C2720CCC76EC51B81DBB3660FECDE76B338330C.udd" 3670
"C:/Users/Murad/AppData/Local/UnrealEngine/Common/DerivedDataCache/2/8/6/TEXTURE_E01F4250BECD420DA9CE63B5EECEC2C2_OODLE_AUTODXT_11_FB7CB42B4D2D6446A7CA__20A4535EE271BF4FF68D39D257B4B1EF0D4FF360.udd" 3671
"C:/Users/Murad/AppData/Local/UnrealEngine/Common/DerivedDataCache/4/9/2/TEXTURE_E01F4250BECD420DA9CE63B5EECEC2C2_OODLE_AUTODXT_11_7938B4284F7BAB76286D__8AF09873848406A45C37C6952A159BA0F706652B.udd" 3672
"C:/Users/Murad/AppData/Local/UnrealEngine/Common/DerivedDataCache/7/2/9/TEXTURE_E01F4250BECD420DA9CE63B5EECEC2C2_OODLE_AUTODXT_11_7938B4284F7BAB76286D__13E1AF21C1B3780F2F846EAF185F56CADF667B25.udd" 3673
"C:/Users/Murad/AppData/Local/UnrealEngine/Common/DerivedDataCache/0/7/2/TEXTURE_E01F4250BECD420DA9CE63B5EECEC2C2_OODLE_AUTODXT_11_339C624C4026051B146C__9DC6B04C01C0728B432E91402D48131EEA1EDF38.udd" 3674
"C:/Users/Murad/AppData/Local/UnrealEngine/Common/DerivedDataCache/1/0/4/TEXTURE_E01F4250BECD420DA9CE63B5EECEC2C2_OODLE_AUTODXT_11_7938B4284F7BAB76286D__50D1775423E0A83719617B0E76CC2667576DBF5F.udd" 3675
"C:/Users/Murad/AppData/Local/UnrealEngine/Common/DerivedDataCache/6/6/4/TEXTURE_E01F4250BECD420DA9CE63B5EECEC2C2_OODLE_AUTODXT_11_339C624C4026051B146C__EFA6B961C3751110954CC0456F8C1DF8E8F3BD6F.udd" 3676
"C:/Users/Murad/AppData/Local/UnrealEngine/Common/DerivedDataCache/0/9/7/TEXTURE_E01F4250BECD420DA9CE63B5EECEC2C2_OODLE_AUTODXT_11_339C624C4026051B146C__A7B199739F33536225DC8A3A34E38AB501347736.udd" 3677
"C:/Users/Murad/AppData/Local/UnrealEngine/Common/DerivedDataCache/6/9/9/TEXTURE_E01F4250BECD420DA9CE63B5EECEC2C2_OODLE_AUTODXT_11_339C624C4026051B146C__9691392059903F22AC34D9A695C3AE4F5A690FBA.udd" 3678
"C:/Users/Murad/AppData/Local/UnrealEngine/Common/DerivedDataCache/9/5/3/TEXTURE_E01F4250BECD420DA9CE63B5EECEC2C2_OODLE_AUTODXT_11_4028710C4224E06AC024__065A7D5E0E79D4AFA8E231599A62D6D9846A95B0.udd" 3679
"C:/Users/Murad/AppData/Local/UnrealEngine/Common/DerivedDataCache/8/7/5/TEXTURE_E01F4250BECD420DA9CE63B5EECEC2C2_OODLE_AUTODXT_11_7A47CE0B4EE2FEBE5648__FA329A403ED54317DEE3DFA142D1583A7DDF8D9F.udd" 3680
"C:/Users/Murad/AppData/Local/UnrealEngine/Common/DerivedDataCache/7/3/0/TEXTURE_E01F4250BECD420DA9CE63B5EECEC2C2_OODLE_AUTODXT_11_FB7CB42B4D2D6446A7CA__8B98F4D25D85D09EECDDFC012532B8FEEE452403.udd" 3681
"C:/Users/Murad/AppData/Local/UnrealEngine/Common/DerivedDataCache/0/1/1/TEXTURE_E01F4250BECD420DA9CE63B5EECEC2C2_OODLE_AUTODXT_11_FB7CB42B4D2D6446A7CA__9C3E00607269F36341979C0D75AAF07381FC944E.udd" 3682
"C:/Users/Murad/AppData/Local/UnrealEngine/Common/DerivedDataCache/8/5/0/TEXTURE_E01F4250BECD420DA9CE63B5EECEC2C2_OODLE_AUTODXT_11_FB7CB42B4D2D6446A7CA__1A266FF29AC75C77935745A45224BD5AB474F7F0.udd" 3683
"C:/Users/Murad/AppData/Local/UnrealEngine/Common/DerivedDataCache/1/1/7/TEXTURE_E01F4250BECD420DA9CE63B5EECEC2C2_OODLE_AUTODXT_11_4028710C4224E06AC024__9B6C6446AADBD188C89C891D30F928E48273E0B8.udd" 3684
"C:/Users/Murad/AppData/Local/UnrealEngine/Common/DerivedDataCache/9/9/4/TEXTURE_E01F4250BECD420DA9CE63B5EECEC2C2_OODLE_AUTODXT_11_4028710C4224E06AC024__2500A95259BECBBFABA177DB263FDA4FCC2CAB61.udd" 3685
"C:/Users/Murad/AppData/Local/UnrealEngine/Common/DerivedDataCache/5/0/4/TEXTURE_E01F4250BECD420DA9CE63B5EECEC2C2_OODLE_AUTODXT_11_5D4C741744E14C51B882__A0B0DDC8F2ECA8451A67954EEDE0867E623A514C.udd" 3686
"C:/Users/Murad/AppData/Local/UnrealEngine/Common/DerivedDataCache/3/7/0/TEXTURE_E01F4250BECD420DA9CE63B5EECEC2C2_OODLE_AUTODXT_11_4028710C4224E06AC024__5C3FB840E288BEAC320B848AA033DA20BCBC5980.udd" 3687
"C:/Users/Murad/AppData/Local/UnrealEngine/Common/DerivedDataCache/2/5/1/TEXTURE_E01F4250BECD420DA9CE63B5EECEC2C2_OODLE_AUTODXT_11_7A47CE0B4EE2FEBE5648__71B7C44CE0F1DB16461DFA256942CE6FB20BD5EC.udd" 3688
"C:/Users/Murad/AppData/Local/UnrealEngine/Common/DerivedDataCache/3/4/9/TEXTURE_E01F4250BECD420DA9CE63B5EECEC2C2_OODLE_AUTODXT_11_4028710C4224E06AC024__E5C497A27E1DFCBBB8BD11FAF4D94303500F5565.udd" 3689
"C:/Users/Murad/AppData/Local/UnrealEngine/Common/DerivedDataCache/9/0/7/TEXTURE_E01F4250BECD420DA9CE63B5EECEC2C2_OODLE_AUTODXT_11_56E37EF3433917F71B34__9230B18894A7B153A1185707354AC75475FE9754.udd" 3690
"C:/Users/Murad/AppData/Local/UnrealEngine/Common/DerivedDataCache/3/8/8/TEXTURE_E01F4250BECD420DA9CE63B5EECEC2C2_OODLE_AUTODXT_11_7A47CE0B4EE2FEBE5648__145E311EC1EA81FEFF89D20596689B5F503D670F.udd" 3691
"C:/Users/Murad/AppData/Local/UnrealEngine/Common/DerivedDataCache/1/6/3/TEXTURE_E01F4250BECD420DA9CE63B5EECEC2C2_OODLE_AUTODXT_11_7A47CE0B4EE2FEBE5648__65D5D4206269897B543F98F44AF2234528A32F07.udd" 3692
"C:/Users/Murad/AppData/Local/UnrealEngine/Common/DerivedDataCache/1/7/5/TEXTURE_E01F4250BECD420DA9CE63B5EECEC2C2_OODLE_AUTODXT_11_5D4C741744E14C51B882__D4CA560A0659878AC57F61A288CB4E91E88FC46C.udd" 3693
"C:/Users/Murad/AppData/Local/UnrealEngine/Common/DerivedDataCache/8/5/0/TEXTURE_E01F4250BECD420DA9CE63B5EECEC2C2_OODLE_AUTODXT_11_FB7CB42B4D2D6446A7CA__107C9887693A2DCB5302B770D188DC526CE4D05D.udd" 3694
"C:/Users/Murad/AppData/Local/UnrealEngine/Common/DerivedDataCache/4/4/5/TEXTURE_E01F4250BECD420DA9CE63B5EECEC2C2_OODLE_AUTODXT_11_5D4C741744E14C51B882__907182CB55BD1DF87E83F323B22E3E98376BC89A.udd" 3695
"C:/Users/Murad/AppData/Local/UnrealEngine/Common/DerivedDataCache/8/1/6/TEXTURE_E01F4250BECD420DA9CE63B5EECEC2C2_OODLE_AUTODXT_11_5D4C741744E14C51B882__18B9EDA0FC8CEB2049BAC5FD10449E26A8C1169C.udd" 3696
"C:/Users/Murad/AppData/Local/UnrealEngine/Common/DerivedDataCache/8/0/7/TEXTURE_E01F4250BECD420DA9CE63B5EECEC2C2_OODLE_AUTODXT_11_7A47CE0B4EE2FEBE5648__C0F9ADB638876AF03463195584437ECEDD14402A.udd" 3697
"C:/Users/Murad/AppData/Local/UnrealEngine/Common/DerivedDataCache/9/9/3/TEXTURE_E01F4250BECD420DA9CE63B5EECEC2C2_OODLE_AUTODXT_11_5D4C741744E14C51B882__780DA7C8163BBDD0D444205F14668685CABDCE64.udd" 3698
"C:/Users/Murad/AppData/Local/UnrealEngine/Common/DerivedDataCache/3/1/9/TEXTURE_E01F4250BECD420DA9CE63B5EECEC2C2_OODLE_AUTODXT_11_56E37EF3433917F71B34__7A8A57B7EAC37354F9E5ED2657FD75AF7664982F.udd" 3699
"C:/Users/Murad/AppData/Local/UnrealEngine/Common/DerivedDataCache/7/9/9/TEXTURE_E01F4250BECD420DA9CE63B5EECEC2C2_OODLE_AUTODXT_11_56E37EF3433917F71B34__853CA565A0263FEBFD4C189EF40C416CA7BA6D2F.udd" 3700
"C:/Users/Murad/AppData/Local/UnrealEngine/Common/DerivedDataCache/7/5/4/TEXTURE_E01F4250BECD420DA9CE63B5EECEC2C2_OODLE_AUTODXT_11_56E37EF3433917F71B34__4362F982FBFE9F5CFDD2E245921E29B0028A74EA.udd" 3701
"C:/Users/Murad/AppData/Local/UnrealEngine/Common/DerivedDataCache/6/4/0/TEXTURE_E01F4250BECD420DA9CE63B5EECEC2C2_OODLE_AUTODXT_11_56E37EF3433917F71B34__3950C0C735669BC1190E4AC9C12C610D1A2B515B.udd" 3702
"C:/Users/Murad/AppData/Local/UnrealEngine/Common/DerivedDataCache/2/7/0/TEXTURE_E01F4250BECD420DA9CE63B5EECEC2C2_OODLE_AUTODXT_11_2370F4DA4AB830CA1E9B__0D2076C9F65A40835A1B62C2E34C9933F1F9D9D6.udd" 3703
"C:/Users/Murad/AppData/Local/UnrealEngine/Common/DerivedDataCache/9/7/5/TEXTURE_E01F4250BECD420DA9CE63B5EECEC2C2_OODLE_DXT1_11_783C125648E989C5DD50408__D0027AA518EE6DD0CD2DC1E7D1A353FA294F37D7.udd" 3704
"C:/Users/Murad/AppData/Local/UnrealEngine/Common/DerivedDataCache/9/7/0/TEXTURE_E01F4250BECD420DA9CE63B5EECEC2C2_OODLE_DXT1_11_1BE7F9644C34EE232096978__698B1DEB44FD194DBF7744B86617AEE8F9ADF790.udd" 3705
"C:/Users/Murad/AppData/Local/UnrealEngine/Common/DerivedDataCache/7/5/2/TEXTURE_E01F4250BECD420DA9CE63B5EECEC2C2_OODLE_AUTODXT_11_2370F4DA4AB830CA1E9B__E26D603DB58105EC8BF34E667276DBA0BE7A5C1C.udd" 3706
"C:/Users/Murad/AppData/Local/UnrealEngine/Common/DerivedDataCache/5/7/8/TEXTURE_E01F4250BECD420DA9CE63B5EECEC2C2_OODLE_DXT1_11_783C125648E989C5DD50408__E57BC40C7AAB00B3751CC28EA59BF95FBD16A85C.udd" 3707
"C:/Users/Murad/AppData/Local/UnrealEngine/Common/DerivedDataCache/2/7/6/TEXTURE_E01F4250BECD420DA9CE63B5EECEC2C2_OODLE_DXT1_11_783C125648E989C5DD50408__3F6F9DD4C722203AD0F59285A29DD0DB3D53C0C1.udd" 3708
"C:/Users/Murad/AppData/Local/UnrealEngine/Common/DerivedDataCache/7/9/9/TEXTURE_E01F4250BECD420DA9CE63B5EECEC2C2_OODLE_DXT1_11_1BE7F9644C34EE232096978__0232ECE4C8692E04525F238A829D2BF418E081D0.udd" 3709
"C:/Users/Murad/AppData/Local/UnrealEngine/Common/DerivedDataCache/0/5/3/TEXTURE_E01F4250BECD420DA9CE63B5EECEC2C2_OODLE_DXT1_11_783C125648E989C5DD50408__360F10CB1C80BD09676855A23DE36CCA79F9F4E4.udd" 3710
"C:/Users/Murad/AppData/Local/UnrealEngine/Common/DerivedDataCache/2/5/7/TEXTURE_E01F4250BECD420DA9CE63B5EECEC2C2_OODLE_AUTODXT_11_2370F4DA4AB830CA1E9B__E58D9FBB3B4CF57DFBCE0295BC93B98CD415AFAA.udd" 3711
"C:/Users/Murad/AppData/Local/UnrealEngine/Common/DerivedDataCache/3/1/5/TEXTURE_E01F4250BECD420DA9CE63B5EECEC2C2_OODLE_DXT1_11_783C125648E989C5DD50408__0ED5BC152801017CF59B6FD61533885805B19606.udd" 3712
"C:/Users/Murad/AppData/Local/UnrealEngine/Common/DerivedDataCache/5/8/9/TEXTURE_E01F4250BECD420DA9CE63B5EECEC2C2_OODLE_AUTODXT_11_2370F4DA4AB830CA1E9B__57FD6F32F545CF214EE3E0182DA7EC608FCFFA66.udd" 3713
"C:/Users/Murad/AppData/Local/UnrealEngine/Common/DerivedDataCache/5/2/6/TEXTURE_E01F4250BECD420DA9CE63B5EECEC2C2_OODLE_AUTODXT_11_2370F4DA4AB830CA1E9B__E085B208A877D7D1151934321BE22C4ECBA12B00.udd" 3714
"C:/Users/Murad/AppData/Local/UnrealEngine/Common/DerivedDataCache/6/6/8/TEXTURE_E01F4250BECD420DA9CE63B5EECEC2C2_OODLE_DXT1_11_2262717C453ED97A059BAB8__0E8B72310FFD07012BA1C7C8753FA9B6A1876091.udd" 3715
"C:/Users/Murad/AppData/Local/UnrealEngine/Common/DerivedDataCache/6/1/4/TEXTURE_E01F4250BECD420DA9CE63B5EECEC2C2_OODLE_DXT1_11_ACD7C2164E61CDA6745544B__5856ABD3162BA1AEA0E0BBF5570959984726C9F7.udd" 3716
"C:/Users/Murad/AppData/Local/UnrealEngine/Common/DerivedDataCache/9/9/9/TEXTURE_E01F4250BECD420DA9CE63B5EECEC2C2_OODLE_DXT1_11_2262717C453ED97A059BAB8__0C9F65B2216C0981C727D01AB2869384630C203F.udd" 3717
"C:/Users/Murad/AppData/Local/UnrealEngine/Common/DerivedDataCache/1/8/8/TEXTURE_E01F4250BECD420DA9CE63B5EECEC2C2_OODLE_DXT1_11_573D4A604E6D774DA03D548__F9C190711CDFDF5E107E8A3B3D56E4EA991E2FB0.udd" 3718
"C:/Users/Murad/AppData/Local/UnrealEngine/Common/DerivedDataCache/8/4/7/TEXTURE_E01F4250BECD420DA9CE63B5EECEC2C2_OODLE_DXT1_11_2262717C453ED97A059BAB8__B1BE26E88D8BBDB5E2CCDCB2AB201ACBE2DD5F72.udd" 3719
"C:/Users/Murad/AppData/Local/UnrealEngine/Common/DerivedDataCache/8/0/9/TEXTURE_E01F4250BECD420DA9CE63B5EECEC2C2_OODLE_DXT1_11_2262717C453ED97A059BAB8__F2490D394E9634739D7883A24ADAC08ADF6495BA.udd" 3720
"C:/Users/Murad/AppData/Local/UnrealEngine/Common/DerivedDataCache/4/8/9/TEXTURE_E01F4250BECD420DA9CE63B5EECEC2C2_OODLE_DXT1_11_2262717C453ED97A059BAB8__5F71E916BD28FB223F3473425531A9DB547753EC.udd" 3721
"C:/Users/Murad/AppData/Local/UnrealEngine/Common/DerivedDataCache/7/9/6/TEXTURE_E01F4250BECD420DA9CE63B5EECEC2C2_OODLE_DXT1_11_573D4A604E6D774DA03D548__5F714D24D1F7EB2042FDAB295C12B838AE92A1E9.udd" 3722
"C:/Users/Murad/AppData/Local/UnrealEngine/Common/DerivedDataCache/3/9/9/TEXTURE_E01F4250BECD420DA9CE63B5EECEC2C2_OODLE_DXT1_11_573D4A604E6D774DA03D548__8C296529D35C4086772368E13A001A8B71B41F78.udd" 3723
"C:/Users/Murad/AppData/Local/UnrealEngine/Common/DerivedDataCache/8/7/3/TEXTURE_E01F4250BECD420DA9CE63B5EECEC2C2_OODLE_DXT1_11_79CD24204D81F1A5BD06249__BC89ACD66B5E00B2B86B1C0BDDB9B8C6D4631B44.udd" 3724
"C:/Users/Murad/AppData/Local/UnrealEngine/Common/DerivedDataCache/1/8/5/TEXTURE_E01F4250BECD420DA9CE63B5EECEC2C2_OODLE_DXT1_11_EAC7B8004B9AAE985DA6FD9__03FEC633E1C7A9F95B9C1A7C34F246640BB33762.udd" 3725
"C:/Users/Murad/AppData/Local/UnrealEngine/Common/DerivedDataCache/5/6/3/TEXTURE_E01F4250BECD420DA9CE63B5EECEC2C2_OODLE_DXT1_11_79CD24204D81F1A5BD06249__DF858BEBB874DC6F23FDCDFD173BF8B83B436693.udd" 3726
"C:/Users/Murad/AppData/Local/UnrealEngine/Common/DerivedDataCache/4/8/1/TEXTURE_E01F4250BECD420DA9CE63B5EECEC2C2_OODLE_DXT1_11_79CD24204D81F1A5BD06249__9E9BA04892EF45298AC1A8D461205E7EFF731368.udd" 3727
"C:/Users/Murad/AppData/Local/UnrealEngine/Common/DerivedDataCache/1/5/8/TEXTURE_E01F4250BECD420DA9CE63B5EECEC2C2_OODLE_DXT1_11_79CD24204D81F1A5BD06249__126506784E5028BBF87B3985BA186C264959AB23.udd" 3728
"C:/Users/Murad/AppData/Local/UnrealEngine/Common/DerivedDataCache/5/5/4/TEXTURE_E01F4250BECD420DA9CE63B5EECEC2C2_OODLE_DXT1_11_79CD24204D81F1A5BD06249__829C6361122C92114F309DD9CF484CAF8392B635.udd" 3729
"C:/Users/Murad/AppData/Local/UnrealEngine/Common/DerivedDataCache/4/7/5/TEXTURE_E01F4250BECD420DA9CE63B5EECEC2C2_OODLE_DXT1_11_8BBBBC804201CC2991E6798__CDAAA58E304CAFEBF816E302B348153ED8D50D55.udd" 3730
"C:/Users/Murad/AppData/Local/UnrealEngine/Common/DerivedDataCache/1/5/9/TEXTURE_E01F4250BECD420DA9CE63B5EECEC2C2_OODLE_DXT1_11_EAC7B8004B9AAE985DA6FD9__2EF3814BB6B3E9FD74712C0BF65427C5E06244A9.udd" 3731
"C:/Users/Murad/AppData/Local/UnrealEngine/Common/DerivedDataCache/9/5/7/TEXTURE_E01F4250BECD420DA9CE63B5EECEC2C2_OODLE_DXT1_11_573D4A604E6D774DA03D548__2495FE732EC1336BEE68BB870F2A9805A60FC8CA.udd" 3732
"C:/Users/Murad/AppData/Local/UnrealEngine/Common/DerivedDataCache/2/1/9/TEXTURE_E01F4250BECD420DA9CE63B5EECEC2C2_OODLE_DXT1_11_EAC7B8004B9AAE985DA6FD9__3141871483719B14DFB5DB2C3FE9A5696D9604E8.udd" 3733
"C:/Users/Murad/AppData/Local/UnrealEngine/Common/DerivedDataCache/7/9/4/TEXTURE_E01F4250BECD420DA9CE63B5EECEC2C2_OODLE_DXT1_11_84BBD3C340A3A62807668B8__FF8A4C3937C8635233B2FBB7D3E38E7B62AE78CA.udd" 3734
"C:/Users/Murad/AppData/Local/UnrealEngine/Common/DerivedDataCache/7/6/8/TEXTURE_E01F4250BECD420DA9CE63B5EECEC2C2_OODLE_DXT1_11_EAC7B8004B9AAE985DA6FD9__338F340F5BB457228A49812155332C4456E3E824.udd" 3735
"C:/Users/Murad/AppData/Local/UnrealEngine/Common/DerivedDataCache/8/0/7/TEXTURE_E01F4250BECD420DA9CE63B5EECEC2C2_OODLE_DXT1_11_8BBBBC804201CC2991E6798__62D2C506CE6B68E957F61D3AD92422519ED31BBB.udd" 3736
"C:/Users/Murad/AppData/Local/UnrealEngine/Common/DerivedDataCache/4/0/8/TEXTURE_E01F4250BECD420DA9CE63B5EECEC2C2_OODLE_DXT1_11_EAC7B8004B9AAE985DA6FD9__8BFB2FFBFEAFCCB535EE506D15D36D453C6D4EE1.udd" 3737
"C:/Users/Murad/AppData/Local/UnrealEngine/Common/DerivedDataCache/3/3/2/TEXTURE_E01F4250BECD420DA9CE63B5EECEC2C2_OODLE_DXT1_11_8BBBBC804201CC2991E6798__096791631AD1FC5C58F92361FB6C94BEBD38CF3D.udd" 3738
"C:/Users/Murad/AppData/Local/UnrealEngine/Common/DerivedDataCache/1/5/3/TEXTURE_E01F4250BECD420DA9CE63B5EECEC2C2_OODLE_DXT1_11_8BBBBC804201CC2991E6798__05D353ED447162614E0089918631B5970CC9ABEB.udd" 3739
"C:/Users/Murad/AppData/Local/UnrealEngine/Common/DerivedDataCache/6/5/5/TEXTURE_E01F4250BECD420DA9CE63B5EECEC2C2_OODLE_DXT1_11_84BBD3C340A3A62807668B8__176B9F5A5BC112BFB0DB0FE8F81B2E624FA74185.udd" 3740
"C:/Users/Murad/AppData/Local/UnrealEngine/Common/DerivedDataCache/2/9/7/TEXTURE_E01F4250BECD420DA9CE63B5EECEC2C2_OODLE_DXT1_11_84BBD3C340A3A62807668B8__8CBC7EF5C0E18C3C1ECFD151B2F13DA92AEABD4E.udd" 3741
"C:/Users/Murad/AppData/Local/UnrealEngine/Common/DerivedDataCache/6/7/5/TEXTURE_E01F4250BECD420DA9CE63B5EECEC2C2_OODLE_DXT1_11_84BBD3C340A3A62807668B8__B190E0AE2F4E2F4CC4AF1D8A79CCB7CFFFC7F59F.udd" 3742
"C:/Users/Murad/AppData/Local/UnrealEngine/Common/DerivedDataCache/0/6/0/TEXTURE_E01F4250BECD420DA9CE63B5EECEC2C2_OODLE_DXT1_11_8BBBBC804201CC2991E6798__F6BFD08EE032BC099D99A96600C5AC211C84DFE9.udd" 3743
"C:/Users/Murad/AppData/Local/UnrealEngine/Common/DerivedDataCache/6/5/8/TEXTURE_E01F4250BECD420DA9CE63B5EECEC2C2_OODLE_DXT1_11_84BBD3C340A3A62807668B8__246D8A8FF81B9C5A6696C523F8330E459E793215.udd" 3744
"C:/Users/Murad/AppData/Local/UnrealEngine/Common/DerivedDataCache/0/0/7/TEXTURE_E01F4250BECD420DA9CE63B5EECEC2C2_OODLE_DXT1_11_573D4A604E6D774DA03D548__F42B5F34E6DAA55BF5FF7ECC4912CCFC90387697.udd" 3745
"C:/Users/Murad/AppData/Local/UnrealEngine/Common/DerivedDataCache/6/9/9/TEXTURE_E01F4250BECD420DA9CE63B5EECEC2C2_OODLE_DXT1_11_01B70BFD4732331CFB3A898__FF70AC78AA66D99D5A13C7F08C19C6FCBEC418F9.udd" 3746
"C:/Users/Murad/AppData/Local/UnrealEngine/Common/DerivedDataCache/0/2/1/TEXTURE_E01F4250BECD420DA9CE63B5EECEC2C2_OODLE_DXT1_11_E5749D624543AFD5B6BD998__5562B4ABB1AC4C7090A7D815097E427C3103CFD8.udd" 3747
"C:/Users/Murad/AppData/Local/UnrealEngine/Common/DerivedDataCache/4/3/9/TEXTURE_E01F4250BECD420DA9CE63B5EECEC2C2_OODLE_DXT1_11_01B70BFD4732331CFB3A898__06C7F860EA040A4DB8E0DB44D1141DFA5F5934E6.udd" 3748
"C:/Users/Murad/AppData/Local/UnrealEngine/Common/DerivedDataCache/3/7/0/TEXTURE_E01F4250BECD420DA9CE63B5EECEC2C2_OODLE_DXT1_11_01B70BFD4732331CFB3A898__AE15F74FE46FFADA1AF2A6A2094F9ACE540AAB2B.udd" 3749
"C:/Users/Murad/AppData/Local/UnrealEngine/Common/DerivedDataCache/6/6/5/TEXTURE_E01F4250BECD420DA9CE63B5EECEC2C2_OODLE_DXT1_11_01B70BFD4732331CFB3A898__0E64C696DA219CA43E68EC55F6E2D1F1B36A0D44.udd" 3750
"C:/Users/Murad/AppData/Local/UnrealEngine/Common/DerivedDataCache/9/1/2/TEXTURE_E01F4250BECD420DA9CE63B5EECEC2C2_G8_9625A4CA4997BF9CF8D115B1A2D9B3A7_0__C14E7F3C282B7BF66ED0AD6A0B2B9CEF161B4103.udd" 3751
"C:/Users/Murad/AppData/Local/UnrealEngine/Common/DerivedDataCache/6/0/5/TEXTURE_E01F4250BECD420DA9CE63B5EECEC2C2_G8_DA0778A34702EEA94FFE27BB65390666_0__24C012946B928B05A4241FBFBD5228F62FADCE1F.udd" 3752
"C:/Users/Murad/AppData/Local/UnrealEngine/Common/DerivedDataCache/1/6/7/TEXTURE_E01F4250BECD420DA9CE63B5EECEC2C2_OODLE_DXT1_11_E5749D624543AFD5B6BD998__2BEE9BECCC21CEEDA3EFDD32AAF4132DC1208B9B.udd" 3753
"C:/Users/Murad/AppData/Local/UnrealEngine/Common/DerivedDataCache/5/4/1/TEXTURE_E01F4250BECD420DA9CE63B5EECEC2C2_OODLE_DXT1_11_E5749D624543AFD5B6BD998__BFD3B76192FAC0BFE0649E9AEA031C043C8D5657.udd" 3754
"C:/Users/Murad/AppData/Local/UnrealEngine/Common/DerivedDataCache/4/5/9/TEXTURE_E01F4250BECD420DA9CE63B5EECEC2C2_G8_04D6EADA49E5BF5AD6A9B7BAFE437472_0__AABC36BCF15E2452A643153A4632111CA2AD1BB7.udd" 3755
"C:/Users/Murad/AppData/Local/UnrealEngine/Common/DerivedDataCache/2/5/2/TEXTURE_E01F4250BECD420DA9CE63B5EECEC2C2_G8_9625A4CA4997BF9CF8D115B1A2D9B3A7_0__F9628955114BF1134432DFD7E6094EDAAD4090F7.udd" 3756
"C:/Users/Murad/AppData/Local/UnrealEngine/Common/DerivedDataCache/7/0/0/TEXTURE_E01F4250BECD420DA9CE63B5EECEC2C2_G8_9625A4CA4997BF9CF8D115B1A2D9B3A7_0__281BBDFC126E9D63F98A429659A6B5C3669D3E87.udd" 3757
"C:/Users/Murad/AppData/Local/UnrealEngine/Common/DerivedDataCache/6/2/8/TEXTURE_E01F4250BECD420DA9CE63B5EECEC2C2_G8_9625A4CA4997BF9CF8D115B1A2D9B3A7_0__B7D165688EA46A23E3A6AB8E2C96A2BCB58B5638.udd" 3758
"C:/Users/Murad/AppData/Local/UnrealEngine/Common/DerivedDataCache/9/3/9/TEXTURE_E01F4250BECD420DA9CE63B5EECEC2C2_G8_DA0778A34702EEA94FFE27BB65390666_0__DCCCDDCB0EF26584E7C23E48B37E53DA0BAA7DA6.udd" 3759
"C:/Users/Murad/AppData/Local/UnrealEngine/Common/DerivedDataCache/8/7/7/TEXTURE_E01F4250BECD420DA9CE63B5EECEC2C2_G8_886F88F44EBD8E4D9680B9BA2C14135A_0__2BD43815A17EEC52189B702E82A1F69022FA561A.udd" 3760
"C:/Users/Murad/AppData/Local/UnrealEngine/Common/DerivedDataCache/7/8/1/TEXTURE_E01F4250BECD420DA9CE63B5EECEC2C2_G8_9625A4CA4997BF9CF8D115B1A2D9B3A7_0__461C773ED3F9344E2AA8D08C51E913DE8272CCFD.udd" 3761
"C:/Users/Murad/AppData/Local/UnrealEngine/Common/DerivedDataCache/4/7/1/TEXTURE_E01F4250BECD420DA9CE63B5EECEC2C2_G8_04D6EADA49E5BF5AD6A9B7BAFE437472_0__F7421899DC8DD1858D66E6D8EBC30F5082E66F0A.udd" 3762
"C:/Users/Murad/AppData/Local/UnrealEngine/Common/DerivedDataCache/0/8/6/TEXTURE_E01F4250BECD420DA9CE63B5EECEC2C2_G8_DA0778A34702EEA94FFE27BB65390666_0__CF2AB23F81696DD4FA4F14EE5ADD948C704901C9.udd" 3763
"C:/Users/Murad/AppData/Local/UnrealEngine/Common/DerivedDataCache/8/3/5/TEXTURE_E01F4250BECD420DA9CE63B5EECEC2C2_G8_DA0778A34702EEA94FFE27BB65390666_0__BFDFFE915DE59B4B8B23D0B0C92D0386CA3C16A6.udd" 3764
"C:/Users/Murad/AppData/Local/UnrealEngine/Common/DerivedDataCache/7/0/1/TEXTURE_E01F4250BECD420DA9CE63B5EECEC2C2_OODLE_DXT1_11_E5749D624543AFD5B6BD998__BDC8833B059D9F319C1B9A126BF2300E6A731C5A.udd" 3765
"C:/Users/Murad/AppData/Local/UnrealEngine/Common/DerivedDataCache/8/9/5/TEXTURE_E01F4250BECD420DA9CE63B5EECEC2C2_G8_04D6EADA49E5BF5AD6A9B7BAFE437472_0__B45DFE2ED1630FEFD2F58A1D82FB47A217B7A917.udd" 3766
"C:/Users/Murad/AppData/Local/UnrealEngine/Common/DerivedDataCache/2/5/9/TEXTURE_E01F4250BECD420DA9CE63B5EECEC2C2_G8_04D6EADA49E5BF5AD6A9B7BAFE437472_0__48B066FFC22DE28B4BEE16A6B004F5063FBD6D89.udd" 3767
"C:/Users/Murad/AppData/Local/UnrealEngine/Common/DerivedDataCache/0/4/5/TEXTURE_E01F4250BECD420DA9CE63B5EECEC2C2_G8_04D6EADA49E5BF5AD6A9B7BAFE437472_0__AB4FC999BDB550F4358EF257D74DD0B8AF30B17A.udd" 3768
"C:/Users/Murad/AppData/Local/UnrealEngine/Common/DerivedDataCache/2/0/4/TEXTURE_E01F4250BECD420DA9CE63B5EECEC2C2_G8_886F88F44EBD8E4D9680B9BA2C14135A_0__9574EC38CE2739B36ABC056CD4778F54098A14F1.udd" 3769
"C:/Users/Murad/AppData/Local/UnrealEngine/Common/DerivedDataCache/8/4/7/TEXTURE_E01F4250BECD420DA9CE63B5EECEC2C2_G8_CFEFA565479445D02C45E0980EE9D3AE_0__692A40F5CE839888F508FD0328956FCF36CAE0EF.udd" 3770
"C:/Users/Murad/AppData/Local/UnrealEngine/Common/DerivedDataCache/9/6/7/TEXTURE_E01F4250BECD420DA9CE63B5EECEC2C2_G8_886F88F44EBD8E4D9680B9BA2C14135A_0__CD4D84D9C211BD5DF7A25C1EF0D9E1CDB62216C0.udd" 3771
"C:/Users/Murad/AppData/Local/UnrealEngine/Common/DerivedDataCache/5/9/9/TEXTURE_E01F4250BECD420DA9CE63B5EECEC2C2_G8_886F88F44EBD8E4D9680B9BA2C14135A_0__45EA8B13392F8CCDFC91297B8C4CDAAAB44C28F1.udd" 3772
"C:/Users/Murad/AppData/Local/UnrealEngine/Common/DerivedDataCache/0/2/8/TEXTURE_E01F4250BECD420DA9CE63B5EECEC2C2_G8_886F88F44EBD8E4D9680B9BA2C14135A_0__D36418C174834962770E4DF88534166F2F369917.udd" 3773
"C:/Users/Murad/AppData/Local/UnrealEngine/Common/DerivedDataCache/5/7/3/TEXTURE_E01F4250BECD420DA9CE63B5EECEC2C2_OODLE_DXT1_11_E5749D624543AFD5B6BD998__7EE273165A93E603A1FADBF61C61A582DB3221AE.udd" 3774
"C:/Users/Murad/AppData/Local/UnrealEngine/Common/DerivedDataCache/9/7/6/TEXTURE_E01F4250BECD420DA9CE63B5EECEC2C2_G8_67D0336D4F96A1F9975E94B4FCAA54B3_0__44CA72B812B41FE1FF686737D6B3DA7FF8873616.udd" 3775
"C:/Users/Murad/AppData/Local/UnrealEngine/Common/DerivedDataCache/9/2/4/TEXTURE_E01F4250BECD420DA9CE63B5EECEC2C2_G8_DA0778A34702EEA94FFE27BB65390666_0__687D5694C4091B650C8B87A2B565E1159A8B3D84.udd" 3776
"C:/Users/Murad/AppData/Local/UnrealEngine/Common/DerivedDataCache/2/4/3/TEXTURE_E01F4250BECD420DA9CE63B5EECEC2C2_G8_CFEFA565479445D02C45E0980EE9D3AE_0__54E0B59BF34547FDCD2721A553C2CBD0819570AD.udd" 3777
"C:/Users/Murad/AppData/Local/UnrealEngine/Common/DerivedDataCache/4/3/3/TEXTURE_E01F4250BECD420DA9CE63B5EECEC2C2_G8_CFEFA565479445D02C45E0980EE9D3AE_0__834CC2991F02FAC66827D30E3024512A768DAACF.udd" 3778
"C:/Users/Murad/AppData/Local/UnrealEngine/Common/DerivedDataCache/0/2/3/TEXTURE_E01F4250BECD420DA9CE63B5EECEC2C2_G8_CFEFA565479445D02C45E0980EE9D3AE_0__3247925FD70CAD78C5945BD64EC7C3D0A772101E.udd" 3779
"C:/Users/Murad/AppData/Local/UnrealEngine/Common/DerivedDataCache/6/2/8/TEXTURE_E01F4250BECD420DA9CE63B5EECEC2C2_G8_51B3B4D9461F2D2F7DC9549D4FB93853_0__1D089B8AB30C8AC99942A3FDED0C2A298B233BA6.udd" 3780
"C:/Users/Murad/AppData/Local/UnrealEngine/Common/DerivedDataCache/1/1/7/TEXTURE_E01F4250BECD420DA9CE63B5EECEC2C2_G8_CFEFA565479445D02C45E0980EE9D3AE_0__CCAA93845E80D5B11CF94AE50CC3DBB62D7DCB3E.udd" 3781
"C:/Users/Murad/AppData/Local/UnrealEngine/Common/DerivedDataCache/7/5/7/TEXTURE_E01F4250BECD420DA9CE63B5EECEC2C2_OODLE_AUTODXT_11_1EBD3B51443C967BC6F5__3AB51248AE5C0D79AC90EB1D479A66C5F1F69EF5.udd" 3782
"C:/Users/Murad/AppData/Local/UnrealEngine/Common/DerivedDataCache/1/2/8/TEXTURE_E01F4250BECD420DA9CE63B5EECEC2C2_OODLE_DXT1_11_01B70BFD4732331CFB3A898__988D00B051077199279007F46043A2D1EC07E2E2.udd" 3783
"C:/Users/Murad/AppData/Local/UnrealEngine/Common/DerivedDataCache/3/5/8/TEXTURE_E01F4250BECD420DA9CE63B5EECEC2C2_OODLE_AUTODXT_11_1EBD3B51443C967BC6F5__4BBE362D2A24C1F04ED7A054FB10F51000C87F37.udd" 3784
"C:/Users/Murad/AppData/Local/UnrealEngine/Common/DerivedDataCache/6/1/8/TEXTURE_E01F4250BECD420DA9CE63B5EECEC2C2_OODLE_AUTODXT_11_4D1A83354B08AC415DA5__871116CE34F93B2F89C95A25D0E53B39BD841FB5.udd" 3785
"C:/Users/Murad/AppData/Local/UnrealEngine/Common/DerivedDataCache/7/5/0/TEXTURE_E01F4250BECD420DA9CE63B5EECEC2C2_OODLE_AUTODXT_11_1ABF99C84B5B7CC28AF1__72249BAB56D6920776188354D62F0B8330194110.udd" 3786
"C:/Users/Murad/AppData/Local/UnrealEngine/Common/DerivedDataCache/0/7/7/TEXTURE_E01F4250BECD420DA9CE63B5EECEC2C2_OODLE_AUTODXT_11_1EBD3B51443C967BC6F5__D2F86FB3CA0DF77D759F2A1BDAC503C415FEAEC5.udd" 3787
"C:/Users/Murad/AppData/Local/UnrealEngine/Common/DerivedDataCache/6/7/6/TEXTURE_E01F4250BECD420DA9CE63B5EECEC2C2_OODLE_AUTODXT_11_1EBD3B51443C967BC6F5__DE029EF271700C10CF9DDCD722BF81FE28A78E95.udd" 3788
"C:/Users/Murad/AppData/Local/UnrealEngine/Common/DerivedDataCache/8/6/3/TEXTURE_E01F4250BECD420DA9CE63B5EECEC2C2_OODLE_AUTODXT_11_B17B52B94A4EAFA81BE5__11F51C60FDDC526EBA733275DFAD48E10BEF78E4.udd" 3789
"C:/Users/Murad/AppData/Local/UnrealEngine/Common/DerivedDataCache/8/8/7/TEXTURE_E01F4250BECD420DA9CE63B5EECEC2C2_OODLE_AUTODXT_11_4D1A83354B08AC415DA5__747D39504E875ADB3CFF672B20C3BEAACF249460.udd" 3790
"C:/Users/Murad/AppData/Local/UnrealEngine/Common/DerivedDataCache/7/4/3/TEXTURE_E01F4250BECD420DA9CE63B5EECEC2C2_OODLE_AUTODXT_11_1EBD3B51443C967BC6F5__0A37EFACDFC8AA701A7E8774837096EBCB001989.udd" 3791
"C:/Users/Murad/AppData/Local/UnrealEngine/Common/DerivedDataCache/5/8/8/TEXTURE_E01F4250BECD420DA9CE63B5EECEC2C2_OODLE_AUTODXT_11_EF1D4A5C4DB023F2A571__263A88D7930030194997BC3CB6A61CCFF60310B2.udd" 3792
"C:/Users/Murad/AppData/Local/UnrealEngine/Common/DerivedDataCache/7/3/1/TEXTURE_E01F4250BECD420DA9CE63B5EECEC2C2_OODLE_AUTODXT_11_B17B52B94A4EAFA81BE5__D1E8DB14DBF3079B6303632AC8D450D3737F7FCD.udd" 3793
"C:/Users/Murad/AppData/Local/UnrealEngine/Common/DerivedDataCache/7/2/3/TEXTURE_E01F4250BECD420DA9CE63B5EECEC2C2_OODLE_AUTODXT_11_B17B52B94A4EAFA81BE5__7E875C1507A6DC277096EB2DC4A57BE58C687CF6.udd" 3794
"C:/Users/Murad/AppData/Local/UnrealEngine/Common/DerivedDataCache/9/5/7/TEXTURE_E01F4250BECD420DA9CE63B5EECEC2C2_OODLE_AUTODXT_11_B17B52B94A4EAFA81BE5__A02B19E0555E09ED7F69C0EBE4800E8711D38FEB.udd" 3795
"C:/Users/Murad/AppData/Local/UnrealEngine/Common/DerivedDataCache/4/7/0/TEXTURE_E01F4250BECD420DA9CE63B5EECEC2C2_OODLE_AUTODXT_11_EF1D4A5C4DB023F2A571__6DD56AC01F3A5743079FE9EA41FEE7844F9EE308.udd" 3796
"C:/Users/Murad/AppData/Local/UnrealEngine/Common/DerivedDataCache/1/6/8/TEXTURE_E01F4250BECD420DA9CE63B5EECEC2C2_OODLE_AUTODXT_11_EF1D4A5C4DB023F2A571__B78067FD7E3144C96D53C83EF00B521DAB9D6234.udd" 3797
"C:/Users/Murad/AppData/Local/UnrealEngine/Common/DerivedDataCache/4/6/5/TEXTURE_E01F4250BECD420DA9CE63B5EECEC2C2_OODLE_AUTODXT_11_EF1D4A5C4DB023F2A571__D4BB51E906D8EF5FB263809EFC077A87ED000920.udd" 3798
"C:/Users/Murad/AppData/Local/UnrealEngine/Common/DerivedDataCache/6/8/9/TEXTURE_E01F4250BECD420DA9CE63B5EECEC2C2_OODLE_AUTODXT_11_EF1D4A5C4DB023F2A571__9C7361ED575B92A0AD7AAE763E3644D9794ECB75.udd" 3799
"C:/Users/Murad/AppData/Local/UnrealEngine/Common/DerivedDataCache/6/5/1/TEXTURE_E01F4250BECD420DA9CE63B5EECEC2C2_OODLE_AUTODXT_11_7AA7A71244D8E5929AFB__AEC92B07C7DEDB67777FA1252609E815D28639B4.udd" 3800
"C:/Users/Murad/AppData/Local/UnrealEngine/Common/DerivedDataCache/7/5/7/TEXTURE_E01F4250BECD420DA9CE63B5EECEC2C2_OODLE_AUTODXT_11_6D6B85BD4EF170FD4571__9E11D61920E76081C91F193AC237EE6047545542.udd" 3801
"C:/Users/Murad/AppData/Local/UnrealEngine/Common/DerivedDataCache/5/4/7/TEXTURE_E01F4250BECD420DA9CE63B5EECEC2C2_OODLE_AUTODXT_11_7AA7A71244D8E5929AFB__B7BE714E95DA160750BD31A005BEE32BB38A3091.udd" 3802
"C:/Users/Murad/AppData/Local/UnrealEngine/Common/DerivedDataCache/4/9/8/TEXTURE_E01F4250BECD420DA9CE63B5EECEC2C2_OODLE_AUTODXT_11_7AA7A71244D8E5929AFB__C3447F501FD5D5FA8CB351A7937A5A170BFFA369.udd" 3803
"C:/Users/Murad/AppData/Local/UnrealEngine/Common/DerivedDataCache/0/8/2/TEXTURE_E01F4250BECD420DA9CE63B5EECEC2C2_OODLE_AUTODXT_11_7AA7A71244D8E5929AFB__C1832B9DFD0260B666D93E68013E95FEC58A6345.udd" 3804
"C:/Users/Murad/AppData/Local/UnrealEngine/Common/DerivedDataCache/8/7/8/TEXTURE_E01F4250BECD420DA9CE63B5EECEC2C2_OODLE_AUTODXT_11_AAD1BC5A4F5A94F3AB24__2131FE46738CCEF337B6AA7684F4E7D61913C38D.udd" 3805
"C:/Users/Murad/AppData/Local/UnrealEngine/Common/DerivedDataCache/4/5/2/TEXTURE_E01F4250BECD420DA9CE63B5EECEC2C2_OODLE_AUTODXT_11_7AA7A71244D8E5929AFB__9A83E0C47BBA482481511B3E701FE6DBD8EB4302.udd" 3806
"C:/Users/Murad/AppData/Local/UnrealEngine/Common/DerivedDataCache/9/9/2/TEXTURE_E01F4250BECD420DA9CE63B5EECEC2C2_OODLE_AUTODXT_11_6D6B85BD4EF170FD4571__655556BE28A88FC8086415AE81C15B39C8DE08FA.udd" 3807
"C:/Users/Murad/AppData/Local/UnrealEngine/Common/DerivedDataCache/5/6/2/TEXTURE_E01F4250BECD420DA9CE63B5EECEC2C2_OODLE_AUTODXT_11_6D6B85BD4EF170FD4571__3C04AB7BC2A86E20E3FAB5DD4BC7086D22212BF8.udd" 3808
"C:/Users/Murad/AppData/Local/UnrealEngine/Common/DerivedDataCache/9/5/7/TEXTURE_E01F4250BECD420DA9CE63B5EECEC2C2_OODLE_AUTODXT_11_6D6B85BD4EF170FD4571__C896EB1E01452E4AE388F150943B33D8CDD57D44.udd" 3809
"C:/Users/Murad/AppData/Local/UnrealEngine/Common/DerivedDataCache/0/0/9/TEXTURE_E01F4250BECD420DA9CE63B5EECEC2C2_OODLE_AUTODXT_11_AAD1BC5A4F5A94F3AB24__C622E741559B2E5FBBC1C07235085F849B6778F6.udd" 3810
"C:/Users/Murad/AppData/Local/UnrealEngine/Common/DerivedDataCache/1/4/9/TEXTURE_E01F4250BECD420DA9CE63B5EECEC2C2_OODLE_AUTODXT_11_AAD1BC5A4F5A94F3AB24__87514EB439A96FAA884C93FB405F30DA5DC008EC.udd" 3811
"C:/Users/Murad/AppData/Local/UnrealEngine/Common/DerivedDataCache/7/9/3/TEXTURE_E01F4250BECD420DA9CE63B5EECEC2C2_OODLE_AUTODXT_11_AAD1BC5A4F5A94F3AB24__D87BFF37BAD4C4E32D8D9E087207E6D56EF35FAB.udd" 3812
"C:/Users/Murad/AppData/Local/UnrealEngine/Common/DerivedDataCache/1/9/3/TEXTURE_E01F4250BECD420DA9CE63B5EECEC2C2_OODLE_AUTODXT_11_AAD1BC5A4F5A94F3AB24__43CD2F007BC46FA1C7D7E6478AD070FF1408DE16.udd" 3813
"C:/Users/Murad/AppData/Local/UnrealEngine/Common/DerivedDataCache/0/2/3/TEXTURE_E01F4250BECD420DA9CE63B5EECEC2C2_OODLE_AUTODXT_11_B17B52B94A4EAFA81BE5__926AA1AC9014236C14DB079C9E49779F0E84CC57.udd" 3814
"C:/Users/Murad/AppData/Local/UnrealEngine/Common/DerivedDataCache/5/4/4/TEXTURE_E01F4250BECD420DA9CE63B5EECEC2C2_OODLE_AUTODXT_11_DB4C303141788662C631__BA3B8A30E284699B2353001F92E74646BC3F05C3.udd" 3815
"C:/Users/Murad/AppData/Local/UnrealEngine/Common/DerivedDataCache/8/7/1/TEXTURE_E01F4250BECD420DA9CE63B5EECEC2C2_OODLE_AUTODXT_11_6D6B85BD4EF170FD4571__AD4CAD9F9A6CD1DA4189182B84E6D0800C478944.udd" 3816
"C:/Users/Murad/AppData/Local/UnrealEngine/Common/DerivedDataCache/8/4/3/TEXTURE_E01F4250BECD420DA9CE63B5EECEC2C2_OODLE_AUTODXT_11_34ECE9BE484DA85AA610__10F56F52D531C4A0480E72CA10113F06F169A59A.udd" 3817
"C:/Users/Murad/AppData/Local/UnrealEngine/Common/DerivedDataCache/5/7/2/TEXTURE_E01F4250BECD420DA9CE63B5EECEC2C2_OODLE_AUTODXT_11_A3B1802C45B7C6ADC7A7__C84A05189D51E2C563443F58F45DA70C8E706AD7.udd" 3818
"C:/Users/Murad/AppData/Local/UnrealEngine/Common/DerivedDataCache/2/8/2/TEXTURE_E01F4250BECD420DA9CE63B5EECEC2C2_OODLE_AUTODXT_11_DB4C303141788662C631__5865C7D4AAA73E26C85D283A6FDA6B175937D8AB.udd" 3819
"C:/Users/Murad/AppData/Local/UnrealEngine/Common/DerivedDataCache/2/8/3/TEXTURE_E01F4250BECD420DA9CE63B5EECEC2C2_OODLE_AUTODXT_11_DB4C303141788662C631__B73A19A29177E3BB3DD8C7F6ED0C963005211D0A.udd" 3820
"C:/Users/Murad/AppData/Local/UnrealEngine/Common/DerivedDataCache/1/2/0/TEXTURE_E01F4250BECD420DA9CE63B5EECEC2C2_OODLE_AUTODXT_11_34ECE9BE484DA85AA610__AA48F9B43C5F6359F5BBB15C537B0E455624A21E.udd" 3821
"C:/Users/Murad/AppData/Local/UnrealEngine/Common/DerivedDataCache/6/4/9/TEXTURE_E01F4250BECD420DA9CE63B5EECEC2C2_OODLE_AUTODXT_11_DB4C303141788662C631__F55163D408E2AE9C2A813A9516B7C16554D2A4DA.udd" 3822
"C:/Users/Murad/AppData/Local/UnrealEngine/Common/DerivedDataCache/6/4/1/TEXTURE_E01F4250BECD420DA9CE63B5EECEC2C2_OODLE_AUTODXT_11_DB4C303141788662C631__98B7DA6718A2351E0F34777BB3F1BC3C079BDEF1.udd" 3823
"C:/Users/Murad/AppData/Local/UnrealEngine/Common/DerivedDataCache/6/4/6/TEXTURE_E01F4250BECD420DA9CE63B5EECEC2C2_OODLE_AUTODXT_11_34ECE9BE484DA85AA610__05F47F282F526B89633446BE72D18A1357AA1EC5.udd" 3824
"C:/Users/Murad/AppData/Local/UnrealEngine/Common/DerivedDataCache/2/5/9/TEXTURE_E01F4250BECD420DA9CE63B5EECEC2C2_OODLE_AUTODXT_11_34ECE9BE484DA85AA610__53A6C6881C5482323866160E775A8BAC9DA274EA.udd" 3825
"C:/Users/Murad/AppData/Local/UnrealEngine/Common/DerivedDataCache/2/8/0/TEXTURE_E01F4250BECD420DA9CE63B5EECEC2C2_OODLE_AUTODXT_11_34ECE9BE484DA85AA610__44B5CA98764300FE97EA0A913643349C8E00564C.udd" 3826
"C:/Users/Murad/AppData/Local/UnrealEngine/Common/DerivedDataCache/8/7/8/TEXTURE_E01F4250BECD420DA9CE63B5EECEC2C2_OODLE_AUTODXT_11_A3B1802C45B7C6ADC7A7__5631CEFF6DC9A7D5504AC035D7612B1AAA6718BB.udd" 3827
"C:/Users/Murad/AppData/Local/UnrealEngine/Common/DerivedDataCache/5/8/0/TEXTURE_E01F4250BECD420DA9CE63B5EECEC2C2_OODLE_AUTODXT_11_A3B1802C45B7C6ADC7A7__E3FCEE1BDF42B2DF2127311D401BE5C97E495122.udd" 3828
"C:/Users/Murad/AppData/Local/UnrealEngine/Common/DerivedDataCache/9/5/4/TEXTURE_E01F4250BECD420DA9CE63B5EECEC2C2_OODLE_AUTODXT_11_A3B1802C45B7C6ADC7A7__B19A985ACF335AEB6FA6C3AA7CDE44A7C757A6DC.udd" 3829
"C:/Users/Murad/AppData/Local/UnrealEngine/Common/DerivedDataCache/3/9/5/TEXTURE_E01F4250BECD420DA9CE63B5EECEC2C2_OODLE_AUTODXT_11_A3B1802C45B7C6ADC7A7__3CBCDA3F056FF83232C9CE08E278F063E65EC917.udd" 3830
"C:/Users/Murad/AppData/Local/UnrealEngine/Common/DerivedDataCache/0/7/9/TEXTURE_E01F4250BECD420DA9CE63B5EECEC2C2_OODLE_BC5_11_6FE7CC1947BB974CA718D084__76F731A4D027503317B09A36A191573AFCEFE916.udd" 3831
"C:/Users/Murad/AppData/Local/UnrealEngine/Common/DerivedDataCache/0/3/9/TEXTURE_E01F4250BECD420DA9CE63B5EECEC2C2_OODLE_BC5_11_6FE7CC1947BB974CA718D084__B23559269D7F5FC55AE01DBCA1415825DBCCA6CE.udd" 3832
"C:/Users/Murad/AppData/Local/UnrealEngine/Common/DerivedDataCache/6/2/6/TEXTURE_E01F4250BECD420DA9CE63B5EECEC2C2_OODLE_BC5_11_6FE7CC1947BB974CA718D084__3E4B873061D0367A0B8964BF2A001F9654DB5A7A.udd" 3833
"C:/Users/Murad/AppData/Local/UnrealEngine/Common/DerivedDataCache/8/8/5/TEXTURE_E01F4250BECD420DA9CE63B5EECEC2C2_OODLE_AUTODXT_11_52C5FE804B6FB8761CBC__B599A49BD064771F533006BA9E8267B80A7F0F50.udd" 3834
"C:/Users/Murad/AppData/Local/UnrealEngine/Common/DerivedDataCache/8/4/6/TEXTURE_E01F4250BECD420DA9CE63B5EECEC2C2_OODLE_AUTODXT_11_52C5FE804B6FB8761CBC__DAE75D7106CE0BE4A52F798AF9D2A01A69B67B9A.udd" 3835
"C:/Users/Murad/AppData/Local/UnrealEngine/Common/DerivedDataCache/5/4/1/TEXTURE_E01F4250BECD420DA9CE63B5EECEC2C2_OODLE_AUTODXT_11_52C5FE804B6FB8761CBC__58564C195991E9D11AEB32AB0C3B93C6B94B8900.udd" 3836
"C:/Users/Murad/AppData/Local/UnrealEngine/Common/DerivedDataCache/7/0/2/TEXTURE_E01F4250BECD420DA9CE63B5EECEC2C2_OODLE_AUTODXT_11_201414364116F6BD057F__E3DC43085EAF701F5BACBD2FF79B2F7B4CB3E2E5.udd" 3837
"C:/Users/Murad/AppData/Local/UnrealEngine/Common/DerivedDataCache/9/8/5/TEXTURE_E01F4250BECD420DA9CE63B5EECEC2C2_OODLE_AUTODXT_11_201414364116F6BD057F__0C0935347465FA090D3E17E8EA1BD7AA821131C0.udd" 3838
"C:/Users/Murad/AppData/Local/UnrealEngine/Common/DerivedDataCache/4/5/6/TEXTURE_E01F4250BECD420DA9CE63B5EECEC2C2_OODLE_AUTODXT_11_201414364116F6BD057F__DB6AD9FC27B8F4649C03FFD0C65C85AE4E7EB1DD.udd" 3839
"C:/Users/Murad/AppData/Local/UnrealEngine/Common/DerivedDataCache/6/9/7/TEXTURE_E01F4250BECD420DA9CE63B5EECEC2C2_OODLE_BC5_11_64361C4740C32A2F29E8B48D__05852E2A607EDCC8CC185CBFCCC8A47CF4177C57.udd" 3840
"C:/Users/Murad/AppData/Local/UnrealEngine/Common/DerivedDataCache/5/6/8/TEXTURE_E01F4250BECD420DA9CE63B5EECEC2C2_OODLE_BC5_11_64361C4740C32A2F29E8B48D__2E8A6A80C96C27CED61BD599BE73C54578E10209.udd" 3841
"C:/Users/Murad/AppData/Local/UnrealEngine/Common/DerivedDataCache/5/2/7/TEXTURE_E01F4250BECD420DA9CE63B5EECEC2C2_OODLE_BC5_11_64361C4740C32A2F29E8B48D__BEDA24D55DD6C84F6528D2EB5F920E9DA82D8485.udd" 3842
"C:/Users/Murad/AppData/Local/UnrealEngine/Common/DerivedDataCache/0/1/0/TEXTURE_E01F4250BECD420DA9CE63B5EECEC2C2_OODLE_BC5_11_64361C4740C32A2F29E8B48D__35633B2B36462DBB78ABA058F6F699099A84446D.udd" 3843
"C:/Users/Murad/AppData/Local/UnrealEngine/Common/DerivedDataCache/1/3/5/TEXTURE_E01F4250BECD420DA9CE63B5EECEC2C2_OODLE_BC5_11_64361C4740C32A2F29E8B48D__1A9717474F437868AB06C52296168350A3538060.udd" 3844
"C:/Users/Murad/AppData/Local/UnrealEngine/Common/DerivedDataCache/6/5/5/TEXTURE_E01F4250BECD420DA9CE63B5EECEC2C2_OODLE_BC5_11_64361C4740C32A2F29E8B48D__B918B7758F3B2DAB542B03DA9444959267C2C02C.udd" 3845
"C:/Users/Murad/AppData/Local/UnrealEngine/Common/DerivedDataCache/7/7/7/TEXTURE_E01F4250BECD420DA9CE63B5EECEC2C2_OODLE_AUTODXT_11_AEF62D42403E714AC743__94211DDD4961D7AC4A7ACEF8DD1B6DB2E88C28A3.udd" 3846
"C:/Users/Murad/AppData/Local/UnrealEngine/Common/DerivedDataCache/3/9/3/TEXTURE_E01F4250BECD420DA9CE63B5EECEC2C2_OODLE_AUTODXT_11_AEF62D42403E714AC743__D92B1FA42C8FAB22011AAF6C70A96384EBC73C3A.udd" 3847
"C:/Users/Murad/AppData/Local/UnrealEngine/Common/DerivedDataCache/1/3/4/TEXTURE_E01F4250BECD420DA9CE63B5EECEC2C2_OODLE_AUTODXT_11_AEF62D42403E714AC743__384B5BA5CA1315AB27B785675436DE07473BCE64.udd" 3848
"C:/Users/Murad/AppData/Local/UnrealEngine/Common/DerivedDataCache/3/9/6/TEXTURE_E01F4250BECD420DA9CE63B5EECEC2C2_OODLE_AUTODXT_11_AEF62D42403E714AC743__66036329EABED4BB6359E3E9F2838D5FB475DDD2.udd" 3849
"C:/Users/Murad/AppData/Local/UnrealEngine/Common/DerivedDataCache/4/3/8/TEXTURE_E01F4250BECD420DA9CE63B5EECEC2C2_OODLE_AUTODXT_11_AEF62D42403E714AC743__5A64CB3E753DE2BBA1244B9391F4ED5E282548E6.udd" 3850
"C:/Users/Murad/AppData/Local/UnrealEngine/Common/DerivedDataCache/1/2/8/TEXTURE_E01F4250BECD420DA9CE63B5EECEC2C2_OODLE_AUTODXT_11_AEF62D42403E714AC743__BBB04B0E975F37B7ABF5CB4C0159A7AB10CEED43.udd" 3851
"C:/Users/Murad/AppData/Local/UnrealEngine/Common/DerivedDataCache/0/5/2/TEXTURE_E01F4250BECD420DA9CE63B5EECEC2C2_OODLE_AUTODXT_11_71FD73B84ABD0A464634__A70F95FAF1BEE199C91C5F07D0A279A255BEB4C8.udd" 3852
"C:/Users/Murad/AppData/Local/UnrealEngine/Common/DerivedDataCache/1/9/4/TEXTURE_E01F4250BECD420DA9CE63B5EECEC2C2_OODLE_AUTODXT_11_71FD73B84ABD0A464634__4EA1A68670F7590B0B9A61AB1A3C7D320C6BAAFD.udd" 3853
"C:/Users/Murad/AppData/Local/UnrealEngine/Common/DerivedDataCache/2/4/3/TEXTURE_E01F4250BECD420DA9CE63B5EECEC2C2_OODLE_AUTODXT_11_71FD73B84ABD0A464634__FDFF7C4E9EACD680AFD99822224F67F747447C80.udd" 3854
"C:/Users/Murad/AppData/Local/UnrealEngine/Common/DerivedDataCache/3/1/2/TEXTURE_E01F4250BECD420DA9CE63B5EECEC2C2_OODLE_AUTODXT_11_71FD73B84ABD0A464634__C5911CE017EB98E68DE84AA0B0D01A314BEB3571.udd" 3855
"C:/Users/Murad/AppData/Local/UnrealEngine/Common/DerivedDataCache/7/6/6/TEXTURE_E01F4250BECD420DA9CE63B5EECEC2C2_OODLE_AUTODXT_11_71FD73B84ABD0A464634__212BDC772E90D54EA2D419B809A1960DCB846B71.udd" 3856
"C:/Users/Murad/AppData/Local/UnrealEngine/Common/DerivedDataCache/9/1/3/TEXTURE_E01F4250BECD420DA9CE63B5EECEC2C2_OODLE_AUTODXT_11_71FD73B84ABD0A464634__5C26AD36A5E20853BEEDD5AAAA80F4B452FE2938.udd" 3857
"C:/Users/Murad/AppData/Local/UnrealEngine/Common/DerivedDataCache/9/1/8/TEXTURE_E01F4250BECD420DA9CE63B5EECEC2C2_OODLE_BC5_11_84768E5143B8A20DBDAF1DAF__BA5A98976B9DA618AE06D496508DEE9AE7BEC222.udd" 3858
"C:/Users/Murad/AppData/Local/UnrealEngine/Common/DerivedDataCache/6/0/0/TEXTURE_E01F4250BECD420DA9CE63B5EECEC2C2_OODLE_BC5_11_84768E5143B8A20DBDAF1DAF__61C1E691A1DC7EEA011224484A35B3E37F9096E6.udd" 3859
"C:/Users/Murad/AppData/Local/UnrealEngine/Common/DerivedDataCache/6/8/6/TEXTURE_E01F4250BECD420DA9CE63B5EECEC2C2_OODLE_BC5_11_84768E5143B8A20DBDAF1DAF__1EFB90283D1240E893F3E975A3DE086DEBF1BFB3.udd" 3860
"C:/Users/Murad/AppData/Local/UnrealEngine/Common/DerivedDataCache/0/2/3/TEXTURE_E01F4250BECD420DA9CE63B5EECEC2C2_OODLE_BC5_11_84768E5143B8A20DBDAF1DAF__2604B219B07285253205B952720E10191AF372B4.udd" 3861
"C:/Users/Murad/AppData/Local/UnrealEngine/Common/DerivedDataCache/5/9/4/TEXTURE_E01F4250BECD420DA9CE63B5EECEC2C2_OODLE_BC5_11_84768E5143B8A20DBDAF1DAF__AFEB1F4ED8B42AC6DEDE261E67ACE2534A60A231.udd" 3862
"C:/Users/Murad/AppData/Local/UnrealEngine/Common/DerivedDataCache/6/8/1/TEXTURE_E01F4250BECD420DA9CE63B5EECEC2C2_OODLE_AUTODXT_11_807076FD45CC18B2A10C__4510D42495C5D6F19070DE9DA854B48AEBA630D8.udd" 3863
"C:/Users/Murad/AppData/Local/UnrealEngine/Common/DerivedDataCache/9/2/5/TEXTURE_E01F4250BECD420DA9CE63B5EECEC2C2_OODLE_AUTODXT_11_807076FD45CC18B2A10C__57FCD784A2A96023E823E8200C1AE062412F8F63.udd" 3864
"C:/Users/Murad/AppData/Local/UnrealEngine/Common/DerivedDataCache/2/1/3/TEXTURE_E01F4250BECD420DA9CE63B5EECEC2C2_OODLE_AUTODXT_11_807076FD45CC18B2A10C__2E34E79CBD4F376F102DFC969262097FC1B2A945.udd" 3865
"C:/Users/Murad/AppData/Local/UnrealEngine/Common/DerivedDataCache/8/4/4/TEXTURE_E01F4250BECD420DA9CE63B5EECEC2C2_OODLE_AUTODXT_11_807076FD45CC18B2A10C__E39D266EC3CD7D1157EC53D69437C97B75F8783A.udd" 3866
"C:/Users/Murad/AppData/Local/UnrealEngine/Common/DerivedDataCache/7/1/7/TEXTURE_E01F4250BECD420DA9CE63B5EECEC2C2_OODLE_AUTODXT_11_807076FD45CC18B2A10C__853076E80A918D2D172DDCBB436BB106B9B58146.udd" 3867
"C:/Users/Murad/AppData/Local/UnrealEngine/Common/DerivedDataCache/3/3/7/TEXTURE_E01F4250BECD420DA9CE63B5EECEC2C2_OODLE_AUTODXT_11_17725853420577E2C1E5__BD4D43D0DF33075405D09673AA802ED0DF37FD83.udd" 3868
"C:/Users/Murad/AppData/Local/UnrealEngine/Common/DerivedDataCache/5/9/4/TEXTURE_E01F4250BECD420DA9CE63B5EECEC2C2_OODLE_AUTODXT_11_17725853420577E2C1E5__DAFB24F99266E94CA53FE9E08FF203B6CD00054F.udd" 3869
"C:/Users/Murad/AppData/Local/UnrealEngine/Common/DerivedDataCache/5/3/0/TEXTURE_E01F4250BECD420DA9CE63B5EECEC2C2_OODLE_AUTODXT_11_17725853420577E2C1E5__F9505B474AC42365C4EA4FF937007F6F777089D4.udd" 3870
"C:/Users/Murad/AppData/Local/UnrealEngine/Common/DerivedDataCache/7/1/9/TEXTURE_E01F4250BECD420DA9CE63B5EECEC2C2_OODLE_AUTODXT_11_17725853420577E2C1E5__7CED0B3243B9CC918811FE84663247F5115A53A0.udd" 3871
"C:/Users/Murad/AppData/Local/UnrealEngine/Common/DerivedDataCache/5/0/5/TEXTURE_E01F4250BECD420DA9CE63B5EECEC2C2_OODLE_AUTODXT_11_17725853420577E2C1E5__E33F1792B2E5BEB643EB5EE22094BE41A4255661.udd" 3872
"C:/Users/Murad/AppData/Local/UnrealEngine/Common/DerivedDataCache/0/0/7/SKELETALMESH_91550326BADA436B92C8BF16C910465C_52ED484F92D1C511635E8BE30C2B4E68__4C7E90A9F51BCCC226CDEAA9AB483038270DD85E.udd" 3873
"C:/Users/Murad/AppData/Local/UnrealEngine/Common/DerivedDataCache/3/6/3/SKELETALMESH_91550326BADA436B92C8BF16C910465C_2F8D36B5F43FCE594EEB3F41C0A9B704__159930CC313009DD5D4C414E3BE6376CFF36C3B2.udd" 3874
"C:/Users/Murad/AppData/Local/UnrealEngine/Common/DerivedDataCache/5/9/5/TEXTURE_E01F4250BECD420DA9CE63B5EECEC2C2_OODLE_BC5_11_03A3AC624632D5EB6851FC8C__FBE76C0CEDC2C40480EAAB929AEF1201FB4B55DE.udd" 3875
"C:/Users/Murad/AppData/Local/UnrealEngine/Common/DerivedDataCache/5/2/9/TEXTURE_E01F4250BECD420DA9CE63B5EECEC2C2_OODLE_BC5_11_03A3AC624632D5EB6851FC8C__D52B880D8382ADA721A98A00D328F054F8DA749F.udd" 3876
"C:/Users/Murad/AppData/Local/UnrealEngine/Common/DerivedDataCache/4/8/9/TEXTURE_E01F4250BECD420DA9CE63B5EECEC2C2_OODLE_BC5_11_03A3AC624632D5EB6851FC8C__7E81422A97A45A42DA8CFC12AF03120E6C904410.udd" 3877
"C:/Users/Murad/AppData/Local/UnrealEngine/Common/DerivedDataCache/7/4/6/TEXTURE_E01F4250BECD420DA9CE63B5EECEC2C2_OODLE_BC5_11_03A3AC624632D5EB6851FC8C__7B2AC3E82D630BCF465AEF0E21208265BC7B1C56.udd" 3878
"C:/Users/Murad/AppData/Local/UnrealEngine/Common/DerivedDataCache/9/7/2/TEXTURE_E01F4250BECD420DA9CE63B5EECEC2C2_OODLE_BC5_11_03A3AC624632D5EB6851FC8C__E8B2A69E0D0AEB1F427333DF194ACA3FB4F734B3.udd" 3879
"C:/Users/Murad/AppData/Local/UnrealEngine/Common/DerivedDataCache/4/9/7/TEXTURE_E01F4250BECD420DA9CE63B5EECEC2C2_OODLE_BC5_11_03A3AC624632D5EB6851FC8C__C05259B344F7C0D3DD7A3D77D0FFE19FBDF163DF.udd" 3880
"C:/Users/Murad/AppData/Local/UnrealEngine/Common/DerivedDataCache/5/1/7/TEXTURE_E01F4250BECD420DA9CE63B5EECEC2C2_OODLE_DXT1_11_CD18BFC34EB7BD1082C135A__B375FBA4D19E3F4B8A458F9CF035AD4AAAD05916.udd" 3881
"C:/Users/Murad/AppData/Local/UnrealEngine/Common/DerivedDataCache/2/0/6/TEXTURE_E01F4250BECD420DA9CE63B5EECEC2C2_OODLE_DXT1_11_CD18BFC34EB7BD1082C135A__18CD2C1222597C37E6605DDFD73C02C532B7C62E.udd" 3882
"C:/Users/Murad/AppData/Local/UnrealEngine/Common/DerivedDataCache/8/3/2/TEXTURE_E01F4250BECD420DA9CE63B5EECEC2C2_OODLE_DXT1_11_CD18BFC34EB7BD1082C135A__911B90319038C11A8F0928BD00B2C0058AE7625D.udd" 3883
"C:/Users/Murad/AppData/Local/UnrealEngine/Common/DerivedDataCache/0/3/8/TEXTURE_E01F4250BECD420DA9CE63B5EECEC2C2_OODLE_DXT1_11_CD18BFC34EB7BD1082C135A__8A6758FB76BE3ECCC17E6DF546B66AA9B7A30C86.udd" 3884
"C:/Users/Murad/AppData/Local/UnrealEngine/Common/DerivedDataCache/6/9/9/TEXTURE_E01F4250BECD420DA9CE63B5EECEC2C2_OODLE_DXT1_11_CD18BFC34EB7BD1082C135A__6418E2A7EE78F54EA11A43951CC3E28DAA722C32.udd" 3885
"C:/Users/Murad/AppData/Local/UnrealEngine/Common/DerivedDataCache/6/2/9/TEXTURE_E01F4250BECD420DA9CE63B5EECEC2C2_OODLE_DXT1_11_CD18BFC34EB7BD1082C135A__28ECA99DCD3B957F84AD2A53AACC82FEC712F8D2.udd" 3886
"C:/Users/Murad/AppData/Local/UnrealEngine/Common/DerivedDataCache/8/5/6/TEXTURE_E01F4250BECD420DA9CE63B5EECEC2C2_OODLE_DXT1_11_2339B8BC42D7AC5BA2A5A4A__9C1CCA3E95D6F505376E71DB7E6EB7D096F64162.udd" 3887
"C:/Users/Murad/AppData/Local/UnrealEngine/Common/DerivedDataCache/6/9/1/SKELETALMESH_91550326BADA436B92C8BF16C910465C_D25194FF665881830FFF7F8757FD3940__8EB17E569D6A8270E9AE416881635409EE6E0F79.udd" 3888
"C:/Users/Murad/AppData/Local/UnrealEngine/Common/DerivedDataCache/9/3/9/TEXTURE_E01F4250BECD420DA9CE63B5EECEC2C2_OODLE_DXT1_11_2339B8BC42D7AC5BA2A5A4A__A35C62B3C551AF756325605985B68B0E6BB8F707.udd" 3889
"C:/Users/Murad/AppData/Local/UnrealEngine/Common/DerivedDataCache/9/9/5/TEXTURE_E01F4250BECD420DA9CE63B5EECEC2C2_OODLE_DXT1_11_2339B8BC42D7AC5BA2A5A4A__E908F6147B848D95F41F6BA664AA2AD3D2700CEE.udd" 3890
"C:/Users/Murad/AppData/Local/UnrealEngine/Common/DerivedDataCache/2/5/3/TEXTURE_E01F4250BECD420DA9CE63B5EECEC2C2_OODLE_DXT1_11_2339B8BC42D7AC5BA2A5A4A__F7E59995A4A09B7779753707C7053248934A3A38.udd" 3891
"C:/Users/Murad/AppData/Local/UnrealEngine/Common/DerivedDataCache/3/4/0/TEXTURE_E01F4250BECD420DA9CE63B5EECEC2C2_OODLE_DXT1_11_2339B8BC42D7AC5BA2A5A4A__0BBEFA7B6094567540A2154A6A50C593AF67700C.udd" 3892
"C:/Users/Murad/AppData/Local/UnrealEngine/Common/DerivedDataCache/1/8/5/TEXTURE_E01F4250BECD420DA9CE63B5EECEC2C2_OODLE_DXT1_11_2339B8BC42D7AC5BA2A5A4A__D5B62FB17E15F0D2093C4E417D9210C1F2E460A4.udd" 3893
"C:/Users/Murad/AppData/Local/UnrealEngine/Common/DerivedDataCache/5/8/5/SKELETALMESH_91550326BADA436B92C8BF16C910465C_8B5EB24290F246267A19A324F2507913__EA3783F02D532A99230AA0716AB43AAACDDD2047.udd" 3894
"C:/Users/Murad/AppData/Local/UnrealEngine/Common/DerivedDataCache/4/3/3/SKELETALMESH_91550326BADA436B92C8BF16C910465C_4D1EB90602831782D05D2E656C54B1BF__4EE2E262A06AE6C2F20631827C8DD43D2B83EA70.udd" 3895
"C:/Users/Murad/AppData/Local/UnrealEngine/Common/DerivedDataCache/2/2/9/SKELETALMESH_91550326BADA436B92C8BF16C910465C_3E66FD60089A268E25CEEB0EBEC31FE9__C654508B925950942F370D19BB84EA931162DF46.udd" 3896
"C:/Users/Murad/AppData/Local/UnrealEngine/Common/DerivedDataCache/4/5/5/TEXTURE_E01F4250BECD420DA9CE63B5EECEC2C2_OODLE_BC5_11_FD689B9743D6BD05FCDEEABE__6158FBDF95559F9A311B69567E5F576DC90C82D0.udd" 3897
"C:/Users/Murad/AppData/Local/UnrealEngine/Common/DerivedDataCache/9/2/5/TEXTURE_E01F4250BECD420DA9CE63B5EECEC2C2_OODLE_BC5_11_FD689B9743D6BD05FCDEEABE__3BE7D534A6DC0C5B7D0F351BC6327CEAB4EEB1C2.udd" 3898
"C:/Users/Murad/AppData/Local/UnrealEngine/Common/DerivedDataCache/3/3/7/TEXTURE_E01F4250BECD420DA9CE63B5EECEC2C2_OODLE_BC5_11_FD689B9743D6BD05FCDEEABE__77B24FE997227919E8D60D66834862D2BD6E3D46.udd" 3899
"C:/Users/Murad/AppData/Local/UnrealEngine/Common/DerivedDataCache/0/7/0/TEXTURE_E01F4250BECD420DA9CE63B5EECEC2C2_OODLE_BC5_11_FD689B9743D6BD05FCDEEABE__C02DFA7E067106CA116C0A04BBC65C951DB91400.udd" 3900
"C:/Users/Murad/AppData/Local/UnrealEngine/Common/DerivedDataCache/1/6/3/TEXTURE_E01F4250BECD420DA9CE63B5EECEC2C2_OODLE_BC5_11_FD689B9743D6BD05FCDEEABE__5D2BBA2386FCDC2E23B3047F55C447F6997091E5.udd" 3901
"C:/Users/Murad/AppData/Local/UnrealEngine/Common/DerivedDataCache/8/1/2/TEXTURE_E01F4250BECD420DA9CE63B5EECEC2C2_OODLE_DXT1_11_BE3A3E2546F382ED10F99A9__A2B5BF2E87B4DB05FD9D1A6E93A6B87465ED81AF.udd" 3902
"C:/Users/Murad/AppData/Local/UnrealEngine/Common/DerivedDataCache/2/7/7/TEXTURE_E01F4250BECD420DA9CE63B5EECEC2C2_OODLE_DXT1_11_BE3A3E2546F382ED10F99A9__52473E0484F96D582F4C801B3570AC7243CB8D58.udd" 3903
"C:/Users/Murad/AppData/Local/UnrealEngine/Common/DerivedDataCache/8/0/1/TEXTURE_E01F4250BECD420DA9CE63B5EECEC2C2_OODLE_DXT1_11_BE3A3E2546F382ED10F99A9__55601D92E320BB5B0417CE9D76DB2BD341966A4F.udd" 3904
"C:/Users/Murad/AppData/Local/UnrealEngine/Common/DerivedDataCache/8/2/5/TEXTURE_E01F4250BECD420DA9CE63B5EECEC2C2_OODLE_DXT1_11_BE3A3E2546F382ED10F99A9__39321B0ED202067B639209806323469BECEEF8C6.udd" 3905
"C:/Users/Murad/AppData/Local/UnrealEngine/Common/DerivedDataCache/4/4/1/TEXTURE_E01F4250BECD420DA9CE63B5EECEC2C2_OODLE_DXT1_11_BE3A3E2546F382ED10F99A9__18B143C6446328136226A2F0D102A11C02CAF3A0.udd" 3906
"C:/Users/Murad/AppData/Local/UnrealEngine/Common/DerivedDataCache/4/0/5/TEXTURE_E01F4250BECD420DA9CE63B5EECEC2C2_OODLE_DXT1_11_74B681A54C5A8D036367738__C95443375170195985A7E4B2B94A4E63D9845B5E.udd" 3907
"C:/Users/Murad/AppData/Local/UnrealEngine/Common/DerivedDataCache/2/1/2/TEXTURE_E01F4250BECD420DA9CE63B5EECEC2C2_OODLE_DXT1_11_74B681A54C5A8D036367738__328F1377C4AC5D0AEA868D36160F597221DEC13D.udd" 3908
"C:/Users/Murad/AppData/Local/UnrealEngine/Common/DerivedDataCache/8/2/3/TEXTURE_E01F4250BECD420DA9CE63B5EECEC2C2_OODLE_DXT1_11_74B681A54C5A8D036367738__41A809C8BE3AC13F627DF68715268304295D949D.udd" 3909
"C:/Users/Murad/AppData/Local/UnrealEngine/Common/DerivedDataCache/9/5/8/TEXTURE_E01F4250BECD420DA9CE63B5EECEC2C2_OODLE_DXT1_11_74B681A54C5A8D036367738__FA405D6D7046033B786F95AD2F415553EB469676.udd" 3910
"C:/Users/Murad/AppData/Local/UnrealEngine/Common/DerivedDataCache/4/9/3/TEXTURE_E01F4250BECD420DA9CE63B5EECEC2C2_OODLE_DXT1_11_74B681A54C5A8D036367738__72BE7E8ED8192A65B192AAB1347B38B8D77FCB32.udd" 3911
"C:/Users/Murad/AppData/Local/UnrealEngine/Common/DerivedDataCache/6/8/3/SKELETALMESH_91550326BADA436B92C8BF16C910465C_1B4EE0F37AC2B37790D80283D6E2D421__CBA62CF6D81AB8C9C0F31218478320F7480E62FB.udd" 3912
"C:/Users/Murad/AppData/Local/UnrealEngine/Common/DerivedDataCache/5/4/2/TEXTURE_E01F4250BECD420DA9CE63B5EECEC2C2_OODLE_BC5_11_EA2494134B6B079E49D0A393__0909A9345747912A3E7B1FE1B78B52112134D4F8.udd" 3913
"C:/Users/Murad/AppData/Local/UnrealEngine/Common/DerivedDataCache/4/1/7/TEXTURE_E01F4250BECD420DA9CE63B5EECEC2C2_OODLE_BC5_11_EA2494134B6B079E49D0A393__CA4E2139273616CEA57EB155ED6EF2A77F2FDB93.udd" 3914
"C:/Users/Murad/AppData/Local/UnrealEngine/Common/DerivedDataCache/1/9/4/TEXTURE_E01F4250BECD420DA9CE63B5EECEC2C2_OODLE_BC5_11_EA2494134B6B079E49D0A393__D1D948D844143A69D4CBB92362BDF5B37C92AE97.udd" 3915
"C:/Users/Murad/AppData/Local/UnrealEngine/Common/DerivedDataCache/1/6/6/TEXTURE_E01F4250BECD420DA9CE63B5EECEC2C2_OODLE_AUTODXT_11_CB34C5754D6834F31A4A__A99D311DBA0A96D146592773C97BCBB473D86D71.udd" 3916
"C:/Users/Murad/AppData/Local/UnrealEngine/Common/DerivedDataCache/9/4/0/TEXTURE_E01F4250BECD420DA9CE63B5EECEC2C2_OODLE_AUTODXT_11_CB34C5754D6834F31A4A__B2DB13D332CAE9DBFED8F18C7A44D90AC7B1BDEB.udd" 3917
"C:/Users/Murad/AppData/Local/UnrealEngine/Common/DerivedDataCache/7/6/8/TEXTURE_E01F4250BECD420DA9CE63B5EECEC2C2_OODLE_AUTODXT_11_CB34C5754D6834F31A4A__7591F0935F1DAEA4AB16B469F0FB8620BC549CFD.udd" 3918
"C:/Users/Murad/AppData/Local/UnrealEngine/Common/DerivedDataCache/1/1/3/TEXTURE_E01F4250BECD420DA9CE63B5EECEC2C2_OODLE_AUTODXT_11_2CFE505246A387A92D3D__F4CA5E20C6A7036B90DAE4EC10941B637565D50E.udd" 3919
"C:/Users/Murad/AppData/Local/UnrealEngine/Common/DerivedDataCache/1/0/1/TEXTURE_E01F4250BECD420DA9CE63B5EECEC2C2_OODLE_AUTODXT_11_2CFE505246A387A92D3D__2439D619B2A289E0EBC9046D728004A2C947BC61.udd" 3920
"C:/Users/Murad/AppData/Local/UnrealEngine/Common/DerivedDataCache/3/4/7/TEXTURE_E01F4250BECD420DA9CE63B5EECEC2C2_OODLE_AUTODXT_11_2CFE505246A387A92D3D__1C5698B47BE1CCCA5529277D531BC74E0474FEBD.udd" 3921
"C:/Users/Murad/AppData/Local/UnrealEngine/Common/DerivedDataCache/1/8/9/PHYSX_A08609EF508D460CBB6710540B03AACF_PHYSXPC_7CF039034A8A845797E268BAD05AB2A__F849A5E2E334695FA4E6CECC4DBCDC2B1B958161.udd" 3922
"C:/Users/Murad/AppData/Local/UnrealEngine/Common/DerivedDataCache/2/8/4/TEXTURE_E01F4250BECD420DA9CE63B5EECEC2C2_OODLE_BC5_11_72797A6542E86C10BCD36F96__A9427D519DC3C03F4B45DEB07B04E2C02ED93101.udd" 3923
"C:/Users/Murad/AppData/Local/UnrealEngine/Common/DerivedDataCache/3/5/7/TEXTURE_E01F4250BECD420DA9CE63B5EECEC2C2_OODLE_BC5_11_72797A6542E86C10BCD36F96__85823948F0179747385CBA736122EF86F3F0C80A.udd" 3924
"C:/Users/Murad/AppData/Local/UnrealEngine/Common/DerivedDataCache/1/6/5/TEXTURE_E01F4250BECD420DA9CE63B5EECEC2C2_OODLE_BC5_11_72797A6542E86C10BCD36F96__557133E86F52DCE1CE18E35958BCB9D2B76E2E8E.udd" 3925
"C:/Users/Murad/AppData/Local/UnrealEngine/Common/DerivedDataCache/2/3/3/TEXTURE_E01F4250BECD420DA9CE63B5EECEC2C2_OODLE_AUTODXT_11_B9D942DF42465E501E7F__2567369B8C042B7625BAC4DA4F4247B5876AB5CF.udd" 3926
"C:/Users/Murad/AppData/Local/UnrealEngine/Common/DerivedDataCache/5/4/6/TEXTURE_E01F4250BECD420DA9CE63B5EECEC2C2_OODLE_AUTODXT_11_B9D942DF42465E501E7F__F91A033936C84E9BF0751A61C86D4C98E6698A76.udd" 3927
"C:/Users/Murad/AppData/Local/UnrealEngine/Common/DerivedDataCache/0/3/2/TEXTURE_E01F4250BECD420DA9CE63B5EECEC2C2_OODLE_AUTODXT_11_B9D942DF42465E501E7F__FF58B5DAD4FF638C549F3F1557C212C4E67ED7D4.udd" 3928
"C:/Users/Murad/AppData/Local/UnrealEngine/Common/DerivedDataCache/2/0/4/TEXTURE_E01F4250BECD420DA9CE63B5EECEC2C2_OODLE_AUTODXT_11_C2EBD6F1427885054853__682C36B7BD2AE2D32C0E78C41BADF6A2E5B1391E.udd" 3929
"C:/Users/Murad/AppData/Local/UnrealEngine/Common/DerivedDataCache/6/8/5/TEXTURE_E01F4250BECD420DA9CE63B5EECEC2C2_OODLE_AUTODXT_11_C2EBD6F1427885054853__CFC8519C0946657316C4948663176360655728E8.udd" 3930
"C:/Users/Murad/AppData/Local/UnrealEngine/Common/DerivedDataCache/6/0/2/TEXTURE_E01F4250BECD420DA9CE63B5EECEC2C2_OODLE_AUTODXT_11_C2EBD6F1427885054853__7ADFF36959C50803CABAA5869C2A7D25E52D551B.udd" 3931
"C:/Users/Murad/AppData/Local/UnrealEngine/Common/DerivedDataCache/1/7/0/TEXTURE_E01F4250BECD420DA9CE63B5EECEC2C2_OODLE_BC5_11_5313608F405EF06200E880A1__545B4001736BAD3603A0EAFA1937CD22777651D5.udd" 3932
"C:/Users/Murad/AppData/Local/UnrealEngine/Common/DerivedDataCache/1/9/0/TEXTURE_E01F4250BECD420DA9CE63B5EECEC2C2_OODLE_BC5_11_5313608F405EF06200E880A1__B2B9F8311045C8C60A3CAC1DEA98E86BBEFA35DA.udd" 3933
"C:/Users/Murad/AppData/Local/UnrealEngine/Common/DerivedDataCache/2/2/0/TEXTURE_E01F4250BECD420DA9CE63B5EECEC2C2_OODLE_BC5_11_5313608F405EF06200E880A1__06BF5BD4AF496F7B0E1F67309997FE3A0D80A64E.udd" 3934
"C:/Users/Murad/AppData/Local/UnrealEngine/Common/DerivedDataCache/4/1/7/TEXTURE_E01F4250BECD420DA9CE63B5EECEC2C2_OODLE_BC5_11_5313608F405EF06200E880A1__3C0C3998838BF2B647F63D6B87DA410D17F826DB.udd" 3935
"C:/Users/Murad/AppData/Local/UnrealEngine/Common/DerivedDataCache/0/2/0/TEXTURE_E01F4250BECD420DA9CE63B5EECEC2C2_OODLE_AUTODXT_11_78E06E2E4B07E48C9925__1B56BE3327CEABE6930553A35F3F9481D4564919.udd" 3936
"C:/Users/Murad/AppData/Local/UnrealEngine/Common/DerivedDataCache/7/1/3/TEXTURE_E01F4250BECD420DA9CE63B5EECEC2C2_OODLE_AUTODXT_11_78E06E2E4B07E48C9925__BD34899202EB2284CF6DCBA0547181FFB11DA5F8.udd" 3937
"C:/Users/Murad/AppData/Local/UnrealEngine/Common/DerivedDataCache/6/9/3/TEXTURE_E01F4250BECD420DA9CE63B5EECEC2C2_OODLE_AUTODXT_11_78E06E2E4B07E48C9925__E0A9E155CB91BEBFD705D403A67D21DBD0469036.udd" 3938
"C:/Users/Murad/AppData/Local/UnrealEngine/Common/DerivedDataCache/6/6/9/TEXTURE_E01F4250BECD420DA9CE63B5EECEC2C2_OODLE_AUTODXT_11_78E06E2E4B07E48C9925__8B3BC3CF1FB202B54F2E6FCC7433C09C72257709.udd" 3939
"C:/Users/Murad/AppData/Local/UnrealEngine/Common/DerivedDataCache/9/0/1/TEXTURE_E01F4250BECD420DA9CE63B5EECEC2C2_OODLE_AUTODXT_11_663CB11B444149E730BE__9C075CBF412D5083002077F16C364443A597969B.udd" 3940
"C:/Users/Murad/AppData/Local/UnrealEngine/Common/DerivedDataCache/8/5/0/TEXTURE_E01F4250BECD420DA9CE63B5EECEC2C2_OODLE_AUTODXT_11_663CB11B444149E730BE__1E38AD86D717D31E35D735BEB050C97AAD022422.udd" 3941
"C:/Users/Murad/AppData/Local/UnrealEngine/Common/DerivedDataCache/5/7/2/TEXTURE_E01F4250BECD420DA9CE63B5EECEC2C2_OODLE_AUTODXT_11_663CB11B444149E730BE__91914F60CE1D0C92A7C19893AFAF4DA9AE26AD94.udd" 3942
"C:/Users/Murad/AppData/Local/UnrealEngine/Common/DerivedDataCache/8/0/2/TEXTURE_E01F4250BECD420DA9CE63B5EECEC2C2_OODLE_AUTODXT_11_663CB11B444149E730BE__CF25A17A01172AACE8B6E97EEDFBC117A2A9267A.udd" 3943
"C:/Users/Murad/AppData/Local/UnrealEngine/Common/DerivedDataCache/3/0/6/TEXTURE_E01F4250BECD420DA9CE63B5EECEC2C2_OODLE_BC5_11_0510E9A04999AF705517C48B__6E602B4BE3645BA2F966368660C509AE8DBDE4F8.udd" 3944
"C:/Users/Murad/AppData/Local/UnrealEngine/Common/DerivedDataCache/9/1/3/TEXTURE_E01F4250BECD420DA9CE63B5EECEC2C2_OODLE_BC5_11_0510E9A04999AF705517C48B__0613CCD0F8FC14A5A90FC8BECC81DD07EEB3F0BB.udd" 3945
"C:/Users/Murad/AppData/Local/UnrealEngine/Common/DerivedDataCache/4/8/9/TEXTURE_E01F4250BECD420DA9CE63B5EECEC2C2_OODLE_BC5_11_0510E9A04999AF705517C48B__A0DF7ACB789AFC8DBB885DD7FCCDE27510E99E10.udd" 3946
"C:/Users/Murad/AppData/Local/UnrealEngine/Common/DerivedDataCache/7/2/3/TEXTURE_E01F4250BECD420DA9CE63B5EECEC2C2_OODLE_AUTODXT_11_B0D4371240786580DCB4__2548106B823FBBF567C002BE609C62F7B9E4E2D9.udd" 3947
"C:/Users/Murad/AppData/Local/UnrealEngine/Common/DerivedDataCache/6/7/2/TEXTURE_E01F4250BECD420DA9CE63B5EECEC2C2_OODLE_AUTODXT_11_B0D4371240786580DCB4__5BADF74618DCA608CD6AB15BB85939911B1ABBE6.udd" 3948
"C:/Users/Murad/AppData/Local/UnrealEngine/Common/DerivedDataCache/8/3/3/TEXTURE_E01F4250BECD420DA9CE63B5EECEC2C2_OODLE_AUTODXT_11_B0D4371240786580DCB4__859590BCCD2E86306B0E1E134BC0DD846F11110F.udd" 3949
"C:/Users/Murad/AppData/Local/UnrealEngine/Common/DerivedDataCache/6/3/9/TEXTURE_E01F4250BECD420DA9CE63B5EECEC2C2_OODLE_DXT1_11_BEE622A54A27BE561D6122A__A9E00C7301D89803516F1D0A07CCA0A501A4E97B.udd" 3950
"C:/Users/Murad/AppData/Local/UnrealEngine/Common/DerivedDataCache/7/3/9/TEXTURE_E01F4250BECD420DA9CE63B5EECEC2C2_OODLE_DXT1_11_BEE622A54A27BE561D6122A__4CFE762AE44F1F0E382D6B8B29B63823B55FE5C3.udd" 3951
"C:/Users/Murad/AppData/Local/UnrealEngine/Common/DerivedDataCache/3/8/2/TEXTURE_E01F4250BECD420DA9CE63B5EECEC2C2_OODLE_DXT1_11_BEE622A54A27BE561D6122A__893991C4A92AF9E91E9D5B34C7F59E706B89A019.udd" 3952
"C:/Users/Murad/AppData/Local/UnrealEngine/Common/DerivedDataCache/9/8/0/PHYSX_A08609EF508D460CBB6710540B03AACF_PHYSXPC_09FA40A44F80F6FAB417038F810FC1B__22CAB934F4F5DA9A347E134ED0C9BC0D5843F2F1.udd" 3953
"C:/Users/Murad/AppData/Local/UnrealEngine/Common/DerivedDataCache/7/6/3/TEXTURE_E01F4250BECD420DA9CE63B5EECEC2C2_OODLE_BC5_11_D8DF47C94996D745ED0C5D80__CD9664AF23023515D56DC3B2B7395B00AB254839.udd" 3954
"C:/Users/Murad/AppData/Local/UnrealEngine/Common/DerivedDataCache/1/0/4/TEXTURE_E01F4250BECD420DA9CE63B5EECEC2C2_OODLE_BC5_11_D8DF47C94996D745ED0C5D80__96BA213833860C914B5CBA2A737B0956086FB552.udd" 3955
"C:/Users/Murad/AppData/Local/UnrealEngine/Common/DerivedDataCache/0/7/1/TEXTURE_E01F4250BECD420DA9CE63B5EECEC2C2_OODLE_BC5_11_D8DF47C94996D745ED0C5D80__D9FE36DE8D01FF57A4B7CF78233F84220C2122B4.udd" 3956
"C:/Users/Murad/AppData/Local/UnrealEngine/Common/DerivedDataCache/5/4/3/TEXTURE_E01F4250BECD420DA9CE63B5EECEC2C2_OODLE_BC5_11_D8DF47C94996D745ED0C5D80__B954592B7EC4EF231BF9A695F44A5C40CC341BF1.udd" 3957
"C:/Users/Murad/AppData/Local/UnrealEngine/Common/DerivedDataCache/7/7/8/TEXTURE_E01F4250BECD420DA9CE63B5EECEC2C2_OODLE_BC5_11_D8DF47C94996D745ED0C5D80__F86F18D739D23695CD2ECCEC4DD02FB0E2989688.udd" 3958
"C:/Users/Murad/AppData/Local/UnrealEngine/Common/DerivedDataCache/7/8/6/TEXTURE_E01F4250BECD420DA9CE63B5EECEC2C2_OODLE_AUTODXT_11_50C0EA55468F1664E854__2B1C413B561BA3FD94EF926809B040B9C8B9BF7D.udd" 3959
"C:/Users/Murad/AppData/Local/UnrealEngine/Common/DerivedDataCache/3/6/6/TEXTURE_E01F4250BECD420DA9CE63B5EECEC2C2_OODLE_AUTODXT_11_50C0EA55468F1664E854__984FF1F34836D2ED9C33EABD1BA3D1EB75744BB7.udd" 3960
"C:/Users/Murad/AppData/Local/UnrealEngine/Common/DerivedDataCache/5/9/2/TEXTURE_E01F4250BECD420DA9CE63B5EECEC2C2_OODLE_AUTODXT_11_50C0EA55468F1664E854__0D1682E12CCD88FEB14DDEB645762208CF1A1AB6.udd" 3961
"C:/Users/Murad/AppData/Local/UnrealEngine/Common/DerivedDataCache/6/3/2/TEXTURE_E01F4250BECD420DA9CE63B5EECEC2C2_OODLE_AUTODXT_11_50C0EA55468F1664E854__2D8459C40FE0263A01C51D97C30B5DD23A1E691F.udd" 3962
"C:/Users/Murad/AppData/Local/UnrealEngine/Common/DerivedDataCache/1/0/7/TEXTURE_E01F4250BECD420DA9CE63B5EECEC2C2_OODLE_AUTODXT_11_D89B5862474413EC4407__60CF8907F323B3D4C270972AF6223854DBE56850.udd" 3963
"C:/Users/Murad/AppData/Local/UnrealEngine/Common/DerivedDataCache/8/6/4/TEXTURE_E01F4250BECD420DA9CE63B5EECEC2C2_OODLE_AUTODXT_11_D89B5862474413EC4407__97D369AF88154D9F7B24B91214F252D14A0ED5FC.udd" 3964
"C:/Users/Murad/AppData/Local/UnrealEngine/Common/DerivedDataCache/5/8/3/TEXTURE_E01F4250BECD420DA9CE63B5EECEC2C2_OODLE_AUTODXT_11_D89B5862474413EC4407__2F50C3D6DC9186751AD84CEE9B0EA67151610944.udd" 3965
"C:/Users/Murad/AppData/Local/UnrealEngine/Common/DerivedDataCache/0/5/0/TEXTURE_E01F4250BECD420DA9CE63B5EECEC2C2_OODLE_AUTODXT_11_D89B5862474413EC4407__14E0689E755CB53FAC817684C3839550904707EF.udd" 3966
"C:/Users/Murad/AppData/Local/UnrealEngine/Common/DerivedDataCache/9/2/5/TEXTURE_E01F4250BECD420DA9CE63B5EECEC2C2_OODLE_BC5_11_9772FF4C4FF867E0653339BE__DFC8F974F4C72DC9A2B49671E9EC555E00B2503C.udd" 3967
"C:/Users/Murad/AppData/Local/UnrealEngine/Common/DerivedDataCache/7/9/1/TEXTURE_E01F4250BECD420DA9CE63B5EECEC2C2_OODLE_BC5_11_9772FF4C4FF867E0653339BE__1755F4A0BB4E27263BCC5C7272C11AB768903CEF.udd" 3968
"C:/Users/Murad/AppData/Local/UnrealEngine/Common/DerivedDataCache/5/5/2/TEXTURE_E01F4250BECD420DA9CE63B5EECEC2C2_OODLE_BC5_11_9772FF4C4FF867E0653339BE__98435B75BEAD5B8F272D23E7605B79B07996FD52.udd" 3969
"C:/Users/Murad/AppData/Local/UnrealEngine/Common/DerivedDataCache/3/9/7/TEXTURE_E01F4250BECD420DA9CE63B5EECEC2C2_OODLE_BC5_11_9772FF4C4FF867E0653339BE__D76B9D15152985B8406DA3B03C83FE7A843EAEAC.udd" 3970
"C:/Users/Murad/AppData/Local/UnrealEngine/Common/DerivedDataCache/2/5/9/TEXTURE_E01F4250BECD420DA9CE63B5EECEC2C2_OODLE_BC5_11_9772FF4C4FF867E0653339BE__A857CCB9DBCE24A62EF4D04B42915B5783BF9327.udd" 3971
"C:/Users/Murad/AppData/Local/UnrealEngine/Common/DerivedDataCache/1/1/7/TEXTURE_E01F4250BECD420DA9CE63B5EECEC2C2_OODLE_AUTODXT_11_2713D28F47ADFE5BF0B5__2970D5D007665650F9DF6DF1DF2C3A3B0AEA26EF.udd" 3972
"C:/Users/Murad/AppData/Local/UnrealEngine/Common/DerivedDataCache/5/7/6/TEXTURE_E01F4250BECD420DA9CE63B5EECEC2C2_OODLE_AUTODXT_11_2713D28F47ADFE5BF0B5__8C7269C2790AF8D22A7934CAA39047D51907236B.udd" 3973
"C:/Users/Murad/AppData/Local/UnrealEngine/Common/DerivedDataCache/9/0/6/TEXTURE_E01F4250BECD420DA9CE63B5EECEC2C2_OODLE_AUTODXT_11_2713D28F47ADFE5BF0B5__D02C24EE6BB464644B46AED8BD9C264DC7EDF6A1.udd" 3974
"C:/Users/Murad/AppData/Local/UnrealEngine/Common/DerivedDataCache/0/9/7/TEXTURE_E01F4250BECD420DA9CE63B5EECEC2C2_OODLE_AUTODXT_11_2713D28F47ADFE5BF0B5__22CB01D02EDD7F95ADEFC0DB71B510504986E06F.udd" 3975
"C:/Users/Murad/AppData/Local/UnrealEngine/Common/DerivedDataCache/5/2/8/TEXTURE_E01F4250BECD420DA9CE63B5EECEC2C2_OODLE_AUTODXT_11_2713D28F47ADFE5BF0B5__316F713F4AB4C2D5B082C62042446A1B3F913EB0.udd" 3976
"C:/Users/Murad/AppData/Local/UnrealEngine/Common/DerivedDataCache/6/4/9/TEXTURE_E01F4250BECD420DA9CE63B5EECEC2C2_OODLE_AUTODXT_11_52D0AFF6419403489C34__676B1C96BB6624B443E8013588FB46F034D3203A.udd" 3977
"C:/Users/Murad/AppData/Local/UnrealEngine/Common/DerivedDataCache/3/8/5/TEXTURE_E01F4250BECD420DA9CE63B5EECEC2C2_OODLE_AUTODXT_11_52D0AFF6419403489C34__C0B327E91C6AC7CD60D570DE092923D7ADE5EA99.udd" 3978
"C:/Users/Murad/AppData/Local/UnrealEngine/Common/DerivedDataCache/0/6/0/TEXTURE_E01F4250BECD420DA9CE63B5EECEC2C2_OODLE_AUTODXT_11_52D0AFF6419403489C34__65ABB2EBEE24E27516C4D8F364F30406624CAFC6.udd" 3979
"C:/Users/Murad/AppData/Local/UnrealEngine/Common/DerivedDataCache/5/4/4/TEXTURE_E01F4250BECD420DA9CE63B5EECEC2C2_OODLE_AUTODXT_11_52D0AFF6419403489C34__5E46D7BC0D34D9D5532153F093A379A72B1CF92A.udd" 3980
"C:/Users/Murad/AppData/Local/UnrealEngine/Common/DerivedDataCache/5/4/2/TEXTURE_E01F4250BECD420DA9CE63B5EECEC2C2_OODLE_AUTODXT_11_52D0AFF6419403489C34__2BD0AA2BA81CFD9EDEAB764885274AB766CF2EC9.udd" 3981
"C:/Users/Murad/AppData/Local/UnrealEngine/Common/DerivedDataCache/9/1/9/MATSM_0BA69734E4FD45E082FA4560DBE25454_PCD3D_SM5_8__BC5N_NOCCBN_NOIRIS_DEV_SL___693DE201F3501BFE2AF18A9822A234F1C1F8EECF.udd" 3982
"C:/Users/Murad/AppData/Local/UnrealEngine/Common/DerivedDataCache/3/6/4/TEXTURE_E01F4250BECD420DA9CE63B5EECEC2C2_BGRA8_0BB5C4A9499C67ED79B227831194A57__DFD13996AE5619292E644E0B28625902F4617450.udd" 3983
"C:/Users/Murad/AppData/Local/UnrealEngine/Common/DerivedDataCache/8/5/5/MATSM_0BA69734E4FD45E082FA4560DBE25454_PCD3D_SM5_8__BC5N_NOCCBN_NOIRIS_DEV_SL___D17BDBC5C62BD08B57CF8C9B2F7CF73F095059BD.udd" 3984
"C:/Users/Murad/AppData/Local/UnrealEngine/Common/DerivedDataCache/3/3/1/TEXTURE_E01F4250BECD420DA9CE63B5EECEC2C2_OODLE_BC5_11_3B1F262F4933D76B4FCED582__2AE88924EC412B94D72F8F8CA739A1E3EDDBBE44.udd" 3985
"C:/Users/Murad/AppData/Local/UnrealEngine/Common/DerivedDataCache/1/9/7/TEXTURE_E01F4250BECD420DA9CE63B5EECEC2C2_OODLE_BC5_11_3B1F262F4933D76B4FCED582__A1AD4F2FCA69589FB3885E508A1129B1DB8A56A4.udd" 3986
"C:/Users/Murad/AppData/Local/UnrealEngine/Common/DerivedDataCache/8/0/6/TEXTURE_E01F4250BECD420DA9CE63B5EECEC2C2_OODLE_BC5_11_3B1F262F4933D76B4FCED582__839B093B33D2D2F20B1D1055C30D420E921DD05A.udd" 3987
"C:/Users/Murad/AppData/Local/UnrealEngine/Common/DerivedDataCache/7/1/7/TEXTURE_E01F4250BECD420DA9CE63B5EECEC2C2_OODLE_BC5_11_3B1F262F4933D76B4FCED582__F1DE40DED1ABEC022B8A13A7A0BC471626B8BD71.udd" 3988
"C:/Users/Murad/AppData/Local/UnrealEngine/Common/DerivedDataCache/3/7/6/TEXTURE_E01F4250BECD420DA9CE63B5EECEC2C2_OODLE_BC5_11_3B1F262F4933D76B4FCED582__E404821BBD29D78FD12D7660D3527DEC0DDFD753.udd" 3989
"C:/Users/Murad/AppData/Local/UnrealEngine/Common/DerivedDataCache/3/9/8/TEXTURE_E01F4250BECD420DA9CE63B5EECEC2C2_OODLE_AUTODXT_11_7F7EB289499AB2E5C6A2__6A5E4111829CB4A531606E271AE9F3BF73D0C826.udd" 3990
"C:/Users/Murad/AppData/Local/UnrealEngine/Common/DerivedDataCache/9/5/3/TEXTURE_E01F4250BECD420DA9CE63B5EECEC2C2_OODLE_AUTODXT_11_7F7EB289499AB2E5C6A2__A54DA9BD9AD6F1B6CFD52CB398154EE583925AF2.udd" 3991
"C:/Users/Murad/AppData/Local/UnrealEngine/Common/DerivedDataCache/9/3/1/TEXTURE_E01F4250BECD420DA9CE63B5EECEC2C2_OODLE_AUTODXT_11_7F7EB289499AB2E5C6A2__E347496D2267D7733A4188013C6168C18932D13C.udd" 3992
"C:/Users/Murad/AppData/Local/UnrealEngine/Common/DerivedDataCache/7/0/0/TEXTURE_E01F4250BECD420DA9CE63B5EECEC2C2_OODLE_AUTODXT_11_7F7EB289499AB2E5C6A2__5FC0BD766BBA70B53FE1934F5AB4F595662DC24D.udd" 3993
"C:/Users/Murad/AppData/Local/UnrealEngine/Common/DerivedDataCache/2/3/1/TEXTURE_E01F4250BECD420DA9CE63B5EECEC2C2_OODLE_AUTODXT_11_7F7EB289499AB2E5C6A2__A58BCD95839AFDFBC3A9934A979FA121E097C304.udd" 3994
"C:/Users/Murad/AppData/Local/UnrealEngine/Common/DerivedDataCache/0/6/6/TEXTURE_E01F4250BECD420DA9CE63B5EECEC2C2_OODLE_AUTODXT_11_A07085414A95D61E26EF__3780707097F857E4580E9CF528B79A6C4EE210BD.udd" 3995
"C:/Users/Murad/AppData/Local/UnrealEngine/Common/DerivedDataCache/1/9/0/TEXTURE_E01F4250BECD420DA9CE63B5EECEC2C2_OODLE_AUTODXT_11_A07085414A95D61E26EF__24D111D9F893D1BFA22585B5F2BAFB50871830E6.udd" 3996
"C:/Users/Murad/AppData/Local/UnrealEngine/Common/DerivedDataCache/3/1/6/TEXTURE_E01F4250BECD420DA9CE63B5EECEC2C2_OODLE_AUTODXT_11_A07085414A95D61E26EF__8DB7F9488EEC09947077C25A98DCDC471E15F36E.udd" 3997
"C:/Users/Murad/AppData/Local/UnrealEngine/Common/DerivedDataCache/5/3/2/TEXTURE_E01F4250BECD420DA9CE63B5EECEC2C2_OODLE_AUTODXT_11_A07085414A95D61E26EF__7F1B33B5BC6819B9EAF16B9A1D1FAD944BCF5418.udd" 3998
"C:/Users/Murad/AppData/Local/UnrealEngine/Common/DerivedDataCache/7/4/4/TEXTURE_E01F4250BECD420DA9CE63B5EECEC2C2_OODLE_AUTODXT_11_A07085414A95D61E26EF__1A131C4623E81D4C6E9E1D75AD5E21DAAA28227B.udd" 3999
"C:/Users/Murad/AppData/Local/UnrealEngine/Common/DerivedDataCache/1/0/6/TEXTURE_E01F4250BECD420DA9CE63B5EECEC2C2_OODLE_AUTODXT_11_D278727D4B1F6248C951__FFCD38A68E2A8A266304CE2C19E2F5B23147D505.udd" 4000
"C:/Users/Murad/AppData/Local/UnrealEngine/Common/DerivedDataCache/4/9/2/TEXTURE_E01F4250BECD420DA9CE63B5EECEC2C2_OODLE_AUTODXT_11_D278727D4B1F6248C951__FCAF1596F1784301E62D4CDA084D6312D867B0F5.udd" 4001
"C:/Users/Murad/AppData/Local/UnrealEngine/Common/DerivedDataCache/2/9/3/TEXTURE_E01F4250BECD420DA9CE63B5EECEC2C2_OODLE_AUTODXT_11_D278727D4B1F6248C951__9F89328DF0D5951F74E3B152B7A08AF8EF90D626.udd" 4002
"C:/Users/Murad/AppData/Local/UnrealEngine/Common/DerivedDataCache/4/8/2/TEXTURE_E01F4250BECD420DA9CE63B5EECEC2C2_OODLE_AUTODXT_11_D278727D4B1F6248C951__198A1D5C37DA86F5A0698CB90F7F2225A0FAB1D3.udd" 4003
"C:/Users/Murad/AppData/Local/UnrealEngine/Common/DerivedDataCache/1/7/3/TEXTURE_E01F4250BECD420DA9CE63B5EECEC2C2_OODLE_AUTODXT_11_706E9430409CB40E658B__1FA77FE598B31376F95CDC80072AE477752C0A74.udd" 4004
"C:/Users/Murad/AppData/Local/UnrealEngine/Common/DerivedDataCache/3/2/6/TEXTURE_E01F4250BECD420DA9CE63B5EECEC2C2_OODLE_AUTODXT_11_706E9430409CB40E658B__783F308160DCAB459B527D8143491267F7589929.udd" 4005
"C:/Users/Murad/AppData/Local/UnrealEngine/Common/DerivedDataCache/1/3/8/TEXTURE_E01F4250BECD420DA9CE63B5EECEC2C2_OODLE_AUTODXT_11_706E9430409CB40E658B__C6F4D40016B8918647F467130878564107982E84.udd" 4006
"C:/Users/Murad/AppData/Local/UnrealEngine/Common/DerivedDataCache/9/6/6/TEXTURE_E01F4250BECD420DA9CE63B5EECEC2C2_OODLE_AUTODXT_11_706E9430409CB40E658B__B0B5F95354BEEA429E35C696CDAC198185CBFE34.udd" 4007
"C:/Users/Murad/AppData/Local/UnrealEngine/Common/DerivedDataCache/1/9/7/MATSM_0BA69734E4FD45E082FA4560DBE25454_PCD3D_SM5_8__BC5N_NOCCBN_NOIRIS_DEV_SL___57C609F5DBEB92289552D47865DA2B70D91605F9.udd" 4008
"C:/Users/Murad/AppData/Local/UnrealEngine/Common/DerivedDataCache/9/7/2/TEXTURE_E01F4250BECD420DA9CE63B5EECEC2C2_OODLE_BC5_11_989D7F524557CBCFEA305598__99AFE3275E7487EFE3F5F7D30A74F09068C1DEDB.udd" 4009
"C:/Users/Murad/AppData/Local/UnrealEngine/Common/DerivedDataCache/6/6/6/TEXTURE_E01F4250BECD420DA9CE63B5EECEC2C2_OODLE_BC5_11_989D7F524557CBCFEA305598__793752AB930FB954C682943287808428641005D2.udd" 4010
"C:/Users/Murad/AppData/Local/UnrealEngine/Common/DerivedDataCache/9/0/2/TEXTURE_E01F4250BECD420DA9CE63B5EECEC2C2_OODLE_BC5_11_989D7F524557CBCFEA305598__659C37DB4D71C827DA5BEACA5FDFD68BEA59747A.udd" 4011
"C:/Users/Murad/AppData/Local/UnrealEngine/Common/DerivedDataCache/0/6/3/TEXTURE_E01F4250BECD420DA9CE63B5EECEC2C2_OODLE_BC5_11_989D7F524557CBCFEA305598__7713D320A755F00C212064B730F297198E10EFCC.udd" 4012
"C:/Users/Murad/AppData/Local/UnrealEngine/Common/DerivedDataCache/6/3/8/TEXTURE_E01F4250BECD420DA9CE63B5EECEC2C2_OODLE_BC5_11_989D7F524557CBCFEA305598__3FE503F7E27F147E3AC28D6F30E3F8312B25F16D.udd" 4013
"C:/Users/Murad/AppData/Local/UnrealEngine/Common/DerivedDataCache/3/9/8/TEXTURE_E01F4250BECD420DA9CE63B5EECEC2C2_OODLE_BC5_11_989D7F524557CBCFEA305598__4B47304FD48E8557E3B255518825384486F86570.udd" 4014
"C:/Users/Murad/Documents/Unreal Projects/Peacekeeper_3D/Content/AnimStarterPack/Idle_Rifle_Hip_Break1.uasset" 4015
"C:/Users/Murad/Documents/Unreal Projects/Peacekeeper_3D/Content/AnimStarterPack/Idle_Rifle_Hip_Break2.uasset" 4016
"C:/Users/Murad/Documents/Unreal Projects/Peacekeeper_3D/Content/AnimStarterPack/Hit_React_1.uasset" 4017
"C:/Users/Murad/Documents/Unreal Projects/Peacekeeper_3D/Content/AnimStarterPack/Hit_React_3.uasset" 4018
"C:/Users/Murad/Documents/Unreal Projects/Peacekeeper_3D/Content/AnimStarterPack/Hit_React_2.uasset" 4019
"C:/Users/Murad/Documents/Unreal Projects/Peacekeeper_3D/Content/AnimStarterPack/Crouch_Idle_Rifle_Ironsights.uasset" 4020
"C:/Users/Murad/Documents/Unreal Projects/Peacekeeper_3D/Content/AnimStarterPack/Crouch_Walk_Fwd_Rifle_Ironsights.uasset" 4021
"C:/Users/Murad/Documents/Unreal Projects/Peacekeeper_3D/Content/AnimStarterPack/Equip_Pistol_Standing.uasset" 4022
"C:/Users/Murad/Documents/Unreal Projects/Peacekeeper_3D/Content/AnimStarterPack/Reload_Rifle_Hip.uasset" 4023
"C:/Users/Murad/Documents/Unreal Projects/Peacekeeper_3D/Content/AnimStarterPack/Walk_Fwd_Rifle_Ironsights.uasset" 4024
"C:/Users/Murad/Documents/Unreal Projects/Peacekeeper_3D/Content/AnimStarterPack/UE4_Mannequin/Mesh/UE4_Mannequin_Skeleton.uasset" 4025
"C:/Users/Murad/AppData/Local/UnrealEngine/Common/DerivedDataCache/3/3/7/STATICMESH_9CE2B6FB46754B699726C4AA1515F12E_228332BAE0224DD294E232B87D83948FQU__C77128FFD50E83AE7E29609C42418DA559093ADD.udd" 4026
"C:/Users/Murad/AppData/Local/UnrealEngine/Common/DerivedDataCache/4/5/9/PHYSX_A08609EF508D460CBB6710540B03AACF_PHYSXPC_35CEFE2E4FC34D21D3C7859ABF9E934__430D428D0D9D92E8C8B76EEB640DD4BC9D146E8C.udd" 4027
"C:/Users/Murad/AppData/Local/UnrealEngine/Common/DerivedDataCache/7/8/0/NAVCOLLISION_2983273BE5D6425391E8C0B3D1C0A55D_NAVCOLLISION_X_35CEFE2E4FC34D21D__856CF2CC5014D97E29308D04785A877D36EB5C5D.udd" 4028
"C:/Users/Murad/Documents/Unreal Projects/Peacekeeper_3D/Content/AnimStarterPack/UE4_Mannequin/Mesh/SK_Mannequin_PhysicsAsset.uasset" 4029
"C:/Users/Murad/AppData/Local/UnrealEngine/Common/DerivedDataCache/0/7/8/STATICMESH_9CE2B6FB46754B699726C4AA1515F12E_228332BAE0224DD294E232B87D83948FQU__4CF8A4635C90F3398004A62CA40C0853AC995131.udd" 4030
"C:/Users/Murad/AppData/Local/UnrealEngine/Common/DerivedDataCache/5/0/5/PHYSX_A08609EF508D460CBB6710540B03AACF_PHYSXPC_465114F741FBE02BB958EA9F08C68B9__0DC1B00EAA20EA33F53CD99CE64D353534D2397A.udd" 4031
"C:/Users/Murad/AppData/Local/UnrealEngine/Common/DerivedDataCache/0/3/7/NAVCOLLISION_2983273BE5D6425391E8C0B3D1C0A55D_NAVCOLLISION_X_465114F741FBE02BB__589716F5CCD9727B8BDF893F5DED919C31D84DB1.udd" 4032
"C:/Users/Murad/Documents/Unreal Projects/Peacekeeper_3D/Content/AnimStarterPack/UE4_Mannequin/Textures/UE4Man_Logo_N.uasset" 4033
"C:/Users/Murad/Documents/Unreal Projects/Peacekeeper_3D/Content/AnimStarterPack/UE4_Mannequin/Textures/UE4_Mannequin_occlusion_Mobile.uasset" 4034
"C:/Users/Murad/Documents/Unreal Projects/Peacekeeper_3D/Content/AnimStarterPack/UE4_Mannequin/Textures/UE4_Mannequin_MAT_MASKA.uasset" 4035
"../../../../../../Users/Murad/Documents/Unreal Projects/Peacekeeper_3D/Content/FPS_Weapon_Bundle/Maps/Weapons_Showcase.umap" 4036
"C:/Users/Murad/AppData/Local/UnrealEngine/Common/DerivedDataCache/2/0/8/PHYSX_A08609EF508D460CBB6710540B03AACF_PHYSXPC_BE9BDD3548185519B908899986F2EA49__1_0_0_0_3_13315_0.udd" 4037
"C:/Users/Murad/AppData/Local/UnrealEngine/Common/DerivedDataCache/4/5/8/PHYSX_A08609EF508D460CBB6710540B03AACF_PHYSXPC_12CC7C7B4B82C0FF7CE0F78A4BC420D1__1_0_0_0_3_13315_0.udd" 4038
"C:/Users/Murad/AppData/Local/UnrealEngine/Common/DerivedDataCache/9/3/8/PHYSX_A08609EF508D460CBB6710540B03AACF_PHYSXPC_B9463B3C40E1659AB8BC2CBB32F60197__1_0_0_0_3_13315_0.udd" 4039
"C:/Users/Murad/AppData/Local/UnrealEngine/Common/DerivedDataCache/5/8/3/PHYSX_A08609EF508D460CBB6710540B03AACF_PHYSXPC_7F6F684F41A9E9F72EE4B581F3A37BF7__1_0_0_0_3_13315_0.udd" 4040
"C:/Users/Murad/AppData/Local/UnrealEngine/Common/DerivedDataCache/3/0/5/PHYSX_A08609EF508D460CBB6710540B03AACF_PHYSXPC_F0AC51A84407E66DA384809EC4C743FF__1_0_0_0_2_13315_0.udd" 4041
"C:/Users/Murad/Documents/Unreal Projects/Peacekeeper_3D/Content/AnimStarterPack/UE4_Mannequin/Textures/UE4_Mannequin__normals.uasset" 4042
"C:/Users/Murad/AppData/Local/UnrealEngine/Common/DerivedDataCache/8/8/0/ANIMSEQ_D0E639028BB74237AD0F9775C097BB85_0_607C217829DF72DB5E404F82FD8554FF60E__A792DC53B4A759663F4EF2CB0DDC9A03FCF9C478.udd" 4043
"C:/Users/Murad/Documents/Unreal Projects/Peacekeeper_3D/Content/AnimStarterPack/UE4_Mannequin/Materials/MaterialLayers/T_ML_Aluminum01_N.uasset" 4044
"C:/Users/Murad/AppData/Local/UnrealEngine/Common/DerivedDataCache/6/7/4/ANIMSEQ_D0E639028BB74237AD0F9775C097BB85_0_321DE215E90247ECD80FD839AA40E6EA60E__8D5FE13420B8D4AFE33AD7B5DA65570C327FD023.udd" 4045
"C:/Users/Murad/Documents/Unreal Projects/Peacekeeper_3D/Content/AnimStarterPack/UE4_Mannequin/Materials/MaterialLayers/T_ML_Aluminum01.uasset" 4046
"C:/Users/Murad/AppData/Local/UnrealEngine/Common/DerivedDataCache/3/2/2/ANIMSEQ_D0E639028BB74237AD0F9775C097BB85_0_0F05BCFA3325C8DDBA85F9298CE0A04760E__DC7418619E7FC1DDBA7EDBE3AC8A2557980A981A.udd" 4047
"C:/Users/Murad/Documents/Unreal Projects/Peacekeeper_3D/Content/AnimStarterPack/UE4_Mannequin/Materials/MaterialLayers/ML_SoftMetal_UE4.uasset" 4048
"C:/Users/Murad/AppData/Local/UnrealEngine/Common/DerivedDataCache/8/0/1/ANIMSEQ_D0E639028BB74237AD0F9775C097BB85_0_19635D5824D7ACBDA8C3DAEBBFB4ED2460E__48E79E9898BD7DFEBFE4ABF4BBECC77186BE8DE5.udd" 4049
"C:/Users/Murad/Documents/Unreal Projects/Peacekeeper_3D/Content/AnimStarterPack/UE4_Mannequin/Textures/UE4_LOGO_CARD.uasset" 4050
"C:/Users/Murad/AppData/Local/UnrealEngine/Common/DerivedDataCache/8/1/6/ANIMSEQ_D0E639028BB74237AD0F9775C097BB85_0_E4A428995B7CD47428C3CE094A1A30E660E__C45420593419DD28F4F678C82307C683BEBAF062.udd" 4051
"C:/Users/Murad/Documents/Unreal Projects/Peacekeeper_3D/Content/AnimStarterPack/UE4_Mannequin/Materials/MaterialLayers/ML_Plastic_Shiny_Beige_LOGO.uasset" 4052
"C:/Users/Murad/AppData/Local/UnrealEngine/Common/DerivedDataCache/1/3/2/ANIMSEQ_D0E639028BB74237AD0F9775C097BB85_0_EA4F53781333AB4C459B24FCEF49062860E__02C0BCE55ADDDB1208BE90178998622ABDF10C25.udd" 4053
"C:/Users/Murad/Documents/Unreal Projects/Peacekeeper_3D/Content/AnimStarterPack/UE4_Mannequin/Materials/MaterialLayers/ML_Plastic_Shiny_Beige.uasset" 4054
"C:/Users/Murad/AppData/Local/UnrealEngine/Common/DerivedDataCache/3/9/4/ANIMSEQ_D0E639028BB74237AD0F9775C097BB85_0_C5B03EAF8300821FD8C5CADCD3B27E3C60E__A3D613D295A85239D517D635DBE004D19EEAF98B.udd" 4055
"C:/Users/Murad/Documents/Unreal Projects/Peacekeeper_3D/Content/AnimStarterPack/UE4_Mannequin/Materials/MaterialLayers/T_ML_Rubber_Blue_01_N.uasset" 4056
"C:/Users/Murad/AppData/Local/UnrealEngine/Common/DerivedDataCache/4/0/6/ANIMSEQ_D0E639028BB74237AD0F9775C097BB85_0_E6E144C04FF385A7A17EE50C6583FE1460E__D1CEA0AC2FE8AFAEF30D2BA3665664D861078C01.udd" 4057
"C:/Users/Murad/Documents/Unreal Projects/Peacekeeper_3D/Content/AnimStarterPack/UE4_Mannequin/Materials/MaterialLayers/T_ML_Rubber_Blue_01_D.uasset" 4058
"C:/Users/Murad/AppData/Local/UnrealEngine/Common/DerivedDataCache/5/7/5/ANIMSEQ_D0E639028BB74237AD0F9775C097BB85_0_7A923EFB7182BDB942ED6F9B69C7BDE560E__C8E971105E1A5A3EA58206C104538FA605B30F13.udd" 4059
"C:/Users/Murad/Documents/Unreal Projects/Peacekeeper_3D/Content/AnimStarterPack/UE4_Mannequin/Materials/MaterialLayers/ML_GlossyBlack_Latex_UE4.uasset" 4060
"C:/Users/Murad/AppData/Local/UnrealEngine/Common/DerivedDataCache/5/9/7/ANIMSEQ_D0E639028BB74237AD0F9775C097BB85_0_6408EAB3FE6D9185A2DA0C71A22DC6E160E__3BE074BEE846E5757B5948EA8EB34FFB4B6F7B84.udd" 4061
"../../../Engine/Content/Functions/MaterialLayerFunctions/MatLayerBlend_AO.uasset" 4062
"C:/Users/Murad/Documents/Unreal Projects/Peacekeeper_3D/Content/AnimStarterPack/UE4_Mannequin/Materials/M_UE4Man_Body.uasset" 4063
"C:/Users/Murad/Documents/Unreal Projects/Peacekeeper_3D/Content/AnimStarterPack/UE4_Mannequin/Materials/M_UE4Man_ChestLogo.uasset" 4064
"C:/Users/Murad/Documents/Unreal Projects/Peacekeeper_3D/Content/AnimStarterPack/UE4_Mannequin/Mesh/SK_Mannequin.uasset" 4065
"C:/Users/Murad/Documents/Unreal Projects/Peacekeeper_3D/Content/AnimStarterPack/Showcase.umap" 4066
"C:/Users/Murad/AppData/Local/UnrealEngine/Common/DerivedDataCache/3/7/1/TEXTURE_E01F4250BECD420DA9CE63B5EECEC2C2_OODLE_AUTODXT_11_E4E1EC1F40675EBC867A__41522B3567167FC29C1675128B91CEEC55F9F7E2.udd" 4067
"C:/Users/Murad/AppData/Local/UnrealEngine/Common/DerivedDataCache/0/0/5/TEXTURE_E01F4250BECD420DA9CE63B5EECEC2C2_OODLE_AUTODXT_11_E4E1EC1F40675EBC867A__C18F85030AD9936F1717F0D092B3B448AD172F5A.udd" 4068
"C:/Users/Murad/AppData/Local/UnrealEngine/Common/DerivedDataCache/4/5/1/TEXTURE_E01F4250BECD420DA9CE63B5EECEC2C2_OODLE_AUTODXT_11_E4E1EC1F40675EBC867A__53DF6D84E588C3B6DA2125F46CAA6967F7B53537.udd" 4069
"C:/Users/Murad/AppData/Local/UnrealEngine/Common/DerivedDataCache/8/8/2/TEXTURE_E01F4250BECD420DA9CE63B5EECEC2C2_OODLE_AUTODXT_11_E4E1EC1F40675EBC867A__0196B14ADEFF27CCE4583760C2B88F642B2A1B3B.udd" 4070
"C:/Users/Murad/AppData/Local/UnrealEngine/Common/DerivedDataCache/4/0/8/TEXTURE_E01F4250BECD420DA9CE63B5EECEC2C2_OODLE_AUTODXT_11_E4E1EC1F40675EBC867A__316B2628A7AF6B7F407E5B1613B2CA9585AF34B1.udd" 4071
"C:/Users/Murad/AppData/Local/UnrealEngine/Common/DerivedDataCache/0/4/6/TEXTURE_E01F4250BECD420DA9CE63B5EECEC2C2_OODLE_AUTODXT_11_E4E1EC1F40675EBC867A__C98401CFF2943F65B280F479D8238CD439C5523C.udd" 4072
"C:/Users/Murad/AppData/Local/UnrealEngine/Common/DerivedDataCache/5/2/1/TEXTURE_E01F4250BECD420DA9CE63B5EECEC2C2_OODLE_AUTODXT_11_681F8F944D0D5DB4B82A__692986899B7FEEF50149123D2E33067EE64CCBA0.udd" 4073
"C:/Users/Murad/AppData/Local/UnrealEngine/Common/DerivedDataCache/6/2/8/TEXTURE_E01F4250BECD420DA9CE63B5EECEC2C2_OODLE_AUTODXT_11_681F8F944D0D5DB4B82A__351B68A300A203EBD1CEEE6D6A8F65B8D95E6526.udd" 4074
"C:/Users/Murad/AppData/Local/UnrealEngine/Common/DerivedDataCache/4/4/3/TEXTURE_E01F4250BECD420DA9CE63B5EECEC2C2_OODLE_AUTODXT_11_681F8F944D0D5DB4B82A__513ACB0DC989775EEA69D58834654E80D4AE07FD.udd" 4075
"C:/Users/Murad/AppData/Local/UnrealEngine/Common/DerivedDataCache/2/2/5/TEXTURE_E01F4250BECD420DA9CE63B5EECEC2C2_OODLE_AUTODXT_11_681F8F944D0D5DB4B82A__6D17ABE5381931138E51B343BE58CD414EAF01F2.udd" 4076
"C:/Users/Murad/AppData/Local/UnrealEngine/Common/DerivedDataCache/2/6/0/TEXTURE_E01F4250BECD420DA9CE63B5EECEC2C2_OODLE_AUTODXT_11_681F8F944D0D5DB4B82A__469F235E406F56C7F98EADFBC05EFF0A4133832E.udd" 4077
"C:/Users/Murad/AppData/Local/UnrealEngine/Common/DerivedDataCache/2/4/1/TEXTURE_E01F4250BECD420DA9CE63B5EECEC2C2_OODLE_AUTODXT_11_681F8F944D0D5DB4B82A__CD936FB1E8AD8C0F05F586F94BAE3C02333E6FE5.udd" 4078
"C:/Users/Murad/AppData/Local/UnrealEngine/Common/DerivedDataCache/2/7/7/TEXTURE_E01F4250BECD420DA9CE63B5EECEC2C2_OODLE_AUTODXT_11_9A7BFD95466F22BDBA53__E36077645C3F3CAAC2500DB8F178FD02A4919D14.udd" 4079
"C:/Users/Murad/AppData/Local/UnrealEngine/Common/DerivedDataCache/3/0/2/TEXTURE_E01F4250BECD420DA9CE63B5EECEC2C2_OODLE_AUTODXT_11_B60349AF4B3B40F19FA6__2E185396CA7C61E6991C7DE375EB36FAA7B41A70.udd" 4080
"C:/Users/Murad/AppData/Local/UnrealEngine/Common/DerivedDataCache/8/1/8/TEXTURE_E01F4250BECD420DA9CE63B5EECEC2C2_OODLE_AUTODXT_11_B60349AF4B3B40F19FA6__EA88A062934129987CCC9AC804FDB4993D70507C.udd" 4081
"C:/Users/Murad/AppData/Local/UnrealEngine/Common/DerivedDataCache/4/6/2/TEXTURE_E01F4250BECD420DA9CE63B5EECEC2C2_OODLE_DXT1_11_886F4D0C4090BF96054416B__7A4534C9B17202DBED9873261B7D5949A89ACA29.udd" 4082
"C:/Users/Murad/AppData/Local/UnrealEngine/Common/DerivedDataCache/1/9/6/TEXTURE_E01F4250BECD420DA9CE63B5EECEC2C2_OODLE_DXT1_11_E394E023404AC9014C080BA__0C41BA8E1659F4EAF969DFA4BAD74AE9FB0E692E.udd" 4083
"C:/Users/Murad/AppData/Local/UnrealEngine/Common/DerivedDataCache/1/1/2/TEXTURE_E01F4250BECD420DA9CE63B5EECEC2C2_G8_FE658FDA45710EBB2635BBAFB1BB4B2A_0__4EB505BCE83C10F9578CDF206FCA07F2E2227E50.udd" 4084
"C:/Users/Murad/AppData/Local/UnrealEngine/Common/DerivedDataCache/2/5/0/TEXTURE_E01F4250BECD420DA9CE63B5EECEC2C2_G8_5BA017B94838805D3AA97EBB2E4E9650_0__9805ED45EC286F16DF2D524A3B74DB2A95B52E66.udd" 4085
"C:/Users/Murad/AppData/Local/UnrealEngine/Common/DerivedDataCache/5/0/5/TEXTURE_E01F4250BECD420DA9CE63B5EECEC2C2_OODLE_AUTODXT_11_92A57E7247938EDC886B__BD9A26577E8F3788532483E03FAF71F153BAD03F.udd" 4086
"C:/Users/Murad/AppData/Local/UnrealEngine/Common/DerivedDataCache/6/4/8/TEXTURE_E01F4250BECD420DA9CE63B5EECEC2C2_OODLE_AUTODXT_11_9D81EC854F524CBF3022__3E52D4AAB54FAC4A65835276A299D66D9A5FE372.udd" 4087
"C:/Users/Murad/AppData/Local/UnrealEngine/Common/DerivedDataCache/0/0/7/TEXTURE_E01F4250BECD420DA9CE63B5EECEC2C2_OODLE_DXT1_11_E394E023404AC9014C080BA__D6F9FD9E50C7E5582525919BEC9F704CE480A20B.udd" 4088
"C:/Users/Murad/AppData/Local/UnrealEngine/Common/DerivedDataCache/4/7/3/TEXTURE_E01F4250BECD420DA9CE63B5EECEC2C2_OODLE_AUTODXT_11_9D81EC854F524CBF3022__76BEB20111462B259332ED4A0B614FA82C748A3D.udd" 4089
"C:/Users/Murad/AppData/Local/UnrealEngine/Common/DerivedDataCache/8/1/9/TEXTURE_E01F4250BECD420DA9CE63B5EECEC2C2_G8_5BA017B94838805D3AA97EBB2E4E9650_0__3326CFFBBE2340F86EAED04F4FE1BE42DE1D4A46.udd" 4090
"C:/Users/Murad/AppData/Local/UnrealEngine/Common/DerivedDataCache/0/5/2/TEXTURE_E01F4250BECD420DA9CE63B5EECEC2C2_OODLE_BC5_11_429594DB4BD9D6ABE8AB63B2__EA47752FEC8FBCD7A519D27214EFDB1789A033F9.udd" 4091
"C:/Users/Murad/AppData/Local/UnrealEngine/Common/DerivedDataCache/8/0/7/TEXTURE_E01F4250BECD420DA9CE63B5EECEC2C2_OODLE_BC5_11_429594DB4BD9D6ABE8AB63B2__536E9773E2365D53F101376DD622C4D7F35F48D1.udd" 4092
"C:/Users/Murad/AppData/Local/UnrealEngine/Common/DerivedDataCache/6/3/9/TEXTURE_E01F4250BECD420DA9CE63B5EECEC2C2_OODLE_BC5_11_429594DB4BD9D6ABE8AB63B2__5DC6E47C3316934E08A0B4C6EDE15BE1D9E3D272.udd" 4093
"C:/Users/Murad/AppData/Local/UnrealEngine/Common/DerivedDataCache/1/6/9/TEXTURE_E01F4250BECD420DA9CE63B5EECEC2C2_OODLE_BC5_11_429594DB4BD9D6ABE8AB63B2__310A71BEF7B092EDCCC85AB2A8070A5587389364.udd" 4094
"C:/Users/Murad/AppData/Local/UnrealEngine/Common/DerivedDataCache/3/4/2/TEXTURE_E01F4250BECD420DA9CE63B5EECEC2C2_OODLE_DXT1_11_54BDB068447E7417A33810B__15651AB8F0ABCA5A7C64350BAD7C0EC059A93DB3.udd" 4095
"C:/Users/Murad/AppData/Local/UnrealEngine/Common/DerivedDataCache/2/5/3/TEXTURE_E01F4250BECD420DA9CE63B5EECEC2C2_OODLE_DXT1_11_54BDB068447E7417A33810B__932A560EFDF83A23595AB810E674284878979358.udd" 4096
"C:/Users/Murad/AppData/Local/UnrealEngine/Common/DerivedDataCache/5/1/0/TEXTURE_E01F4250BECD420DA9CE63B5EECEC2C2_OODLE_DXT1_11_54BDB068447E7417A33810B__1275379BAAE8198CF05F14FD87C0E2408AA71FB1.udd" 4097
"C:/Users/Murad/AppData/Local/UnrealEngine/Common/DerivedDataCache/7/9/6/TEXTURE_E01F4250BECD420DA9CE63B5EECEC2C2_OODLE_DXT1_11_54BDB068447E7417A33810B__FBDD33184AB142B5E61401904ADAD1D6AA0F9611.udd" 4098
"C:/Users/Murad/AppData/Local/UnrealEngine/Common/DerivedDataCache/1/0/8/TEXTURE_E01F4250BECD420DA9CE63B5EECEC2C2_OODLE_AUTODXT_11_1ED776AD433B0CF64090__BAE23E52833E3D747B85C8AEF62F67A78EA161C4.udd" 4099
"C:/Users/Murad/AppData/Local/UnrealEngine/Common/DerivedDataCache/4/7/7/TEXTURE_E01F4250BECD420DA9CE63B5EECEC2C2_OODLE_AUTODXT_11_1ED776AD433B0CF64090__945B9B04D0B210481839921CFEB65B545A2A4647.udd" 4100
"C:/Users/Murad/AppData/Local/UnrealEngine/Common/DerivedDataCache/1/5/7/TEXTURE_E01F4250BECD420DA9CE63B5EECEC2C2_OODLE_AUTODXT_11_1ED776AD433B0CF64090__311915610D9C3662F579FB53AE23D6671A27F412.udd" 4101
"C:/Users/Murad/AppData/Local/UnrealEngine/Common/DerivedDataCache/4/6/4/TEXTURE_E01F4250BECD420DA9CE63B5EECEC2C2_OODLE_AUTODXT_11_1ED776AD433B0CF64090__B93FA999BC96874EFFC7A689B39697B4A6F1D1D7.udd" 4102
"C:/Users/Murad/AppData/Local/UnrealEngine/Common/DerivedDataCache/7/8/7/TEXTURE_E01F4250BECD420DA9CE63B5EECEC2C2_OODLE_AUTODXT_11_1ED776AD433B0CF64090__4BCC18EEAA573445CB7979ACC034B4D94C5E197C.udd" 4103
"C:/Users/Murad/AppData/Local/UnrealEngine/Common/DerivedDataCache/5/5/5/TEXTURE_E01F4250BECD420DA9CE63B5EECEC2C2_OODLE_BC5_11_96B64D9C4BA70056DD03FB9C__0281F8C53A196CC8F9B432E47F9830322043A7CA.udd" 4104
"C:/Users/Murad/AppData/Local/UnrealEngine/Common/DerivedDataCache/5/4/5/TEXTURE_E01F4250BECD420DA9CE63B5EECEC2C2_OODLE_BC5_11_96B64D9C4BA70056DD03FB9C__14517E258AAFD05B2A51574116C918BFF07FF6C9.udd" 4105
"C:/Users/Murad/AppData/Local/UnrealEngine/Common/DerivedDataCache/5/5/2/TEXTURE_E01F4250BECD420DA9CE63B5EECEC2C2_OODLE_BC5_11_96B64D9C4BA70056DD03FB9C__3885076C1DDFA8BBDABA6CC8B3D7191892C9FD69.udd" 4106
"C:/Users/Murad/AppData/Local/UnrealEngine/Common/DerivedDataCache/6/0/2/TEXTURE_E01F4250BECD420DA9CE63B5EECEC2C2_OODLE_BC5_11_96B64D9C4BA70056DD03FB9C__5BEA1037C8E034DEC57DBA1624357D75312F30E5.udd" 4107
"C:/Users/Murad/AppData/Local/UnrealEngine/Common/DerivedDataCache/6/9/8/TEXTURE_E01F4250BECD420DA9CE63B5EECEC2C2_OODLE_BC5_11_96B64D9C4BA70056DD03FB9C__F5238C5377750FF1737C593A70705E205351B390.udd" 4108
"C:/Users/Murad/AppData/Local/UnrealEngine/Common/DerivedDataCache/1/4/8/TEXTURE_E01F4250BECD420DA9CE63B5EECEC2C2_OODLE_BC5_11_96B64D9C4BA70056DD03FB9C__F71F21E91515A8E0587D520A2C1973F65CD85729.udd" 4109
"C:/Users/Murad/AppData/Local/UnrealEngine/Common/DerivedDataCache/6/7/7/TEXTURE_E01F4250BECD420DA9CE63B5EECEC2C2_OODLE_BC5_11_79768323498DD9B801C451B7__5CAE945B427113CE1D3BA8E8FD96A72A91F1F876.udd" 4110
"C:/Users/Murad/AppData/Local/UnrealEngine/Common/DerivedDataCache/3/3/2/TEXTURE_E01F4250BECD420DA9CE63B5EECEC2C2_OODLE_BC5_11_79768323498DD9B801C451B7__9DC86F00672ED04250D3726DD2E05812E03A403D.udd" 4111
"C:/Users/Murad/AppData/Local/UnrealEngine/Common/DerivedDataCache/4/3/3/TEXTURE_E01F4250BECD420DA9CE63B5EECEC2C2_OODLE_BC5_11_79768323498DD9B801C451B7__830572258EF144A8430B29F6C81DA95F2BF4FFB0.udd" 4112
"C:/Users/Murad/AppData/Local/UnrealEngine/Common/DerivedDataCache/7/8/2/TEXTURE_E01F4250BECD420DA9CE63B5EECEC2C2_OODLE_BC5_11_79768323498DD9B801C451B7__351E6F8871CBAE13A39AADB3A8896DB6FBA13DCB.udd" 4113
"C:/Users/Murad/AppData/Local/UnrealEngine/Common/DerivedDataCache/8/1/7/TEXTURE_E01F4250BECD420DA9CE63B5EECEC2C2_OODLE_DXT1_11_833117354EAEAA713F0946B__A34188693C54A57D5D78CF0DF66AB1D7CC7AB742.udd" 4114
"C:/Users/Murad/AppData/Local/UnrealEngine/Common/DerivedDataCache/9/1/6/TEXTURE_E01F4250BECD420DA9CE63B5EECEC2C2_OODLE_DXT1_11_833117354EAEAA713F0946B__909528582FFBF284288FC6268861268C50334FD5.udd" 4115
"C:/Users/Murad/AppData/Local/UnrealEngine/Common/DerivedDataCache/7/3/7/TEXTURE_E01F4250BECD420DA9CE63B5EECEC2C2_OODLE_DXT1_11_833117354EAEAA713F0946B__9CE8C8EE5949C88C8C4F2C7FB3E86CF19648C906.udd" 4116
"C:/Users/Murad/AppData/Local/UnrealEngine/Common/DerivedDataCache/1/4/9/TEXTURE_E01F4250BECD420DA9CE63B5EECEC2C2_OODLE_DXT1_11_833117354EAEAA713F0946B__ACB58A94CE921813D1997B0DF0E7ED3B119B882A.udd" 4117
"C:/Users/Murad/Documents/Unreal Projects/Peacekeeper_3D/Content/ThirdPersonBP/Blueprints/Projectiles/BP_Player_Projectile_Base.uasset" 4118
"C:/Users/Murad/Documents/Unreal Projects/Peacekeeper_3D/Content/ThirdPersonBP/Blueprints/Projectiles/BP_Enemy_Projectile_Red.uasset" 4119
"C:/Users/Murad/Documents/Unreal Projects/Peacekeeper_3D/Content/ThirdPersonBP/Blueprints/Player/PlayerUpgrades/WB_UpgradeMenu.uasset" 4120
"C:/Users/Murad/Documents/Unreal Projects/Peacekeeper_3D/Content/ThirdPersonBP/Blueprints/Player/PlayerUpgrades/WB_Upgrade.uasset" 4121
"C:/Users/Murad/Documents/Unreal Projects/Peacekeeper_3D/Content/ThirdPersonBP/Blueprints/Player/BP_Player_Projectile_Outdated.uasset" 4122
"C:/Users/Murad/Documents/Unreal Projects/Peacekeeper_3D/Content/ThirdPersonBP/Blueprints/Player/BP_Player_Projectile_Base.uasset" 4123
"C:/Users/Murad/AppData/Local/UnrealEngine/Common/DerivedDataCache/8/8/6/MATSM_0BA69734E4FD45E082FA4560DBE25454_PCD3D_SM5_8__BC5N_NOCCBN_NOIRIS_DEV_SL___179217F137C8BF1E896B9DC454E29CF910483FFD.udd" 4124
"C:/Users/Murad/Documents/Unreal Projects/Peacekeeper_3D/Content/ThirdPersonBP/Blueprints/Player/BPI_PlayerLevel.uasset" 4125
"C:/Users/Murad/AppData/Local/UnrealEngine/Common/DerivedDataCache/0/4/5/SKELETALMESH_91550326BADA436B92C8BF16C910465C_D79594E5CD75D927C0186EBAC4E98DAF__66381ABDBD3290AB3033ED0D08E0709D8A73EDB4.udd" 4126
"C:/Users/Murad/AppData/Local/UnrealEngine/Common/DerivedDataCache/1/1/7/TEXTURE_E01F4250BECD420DA9CE63B5EECEC2C2_OODLE_BC5_11_0DB1386840D52A45327D7FAE__53743574B498DDCD0CE1722F3C944B534CA78392.udd" 4127
"C:/Users/Murad/AppData/Local/UnrealEngine/Common/DerivedDataCache/8/9/5/TEXTURE_E01F4250BECD420DA9CE63B5EECEC2C2_OODLE_BC5_11_0DB1386840D52A45327D7FAE__E54C158EFE39C2CF1EB5D268318E1C0AD87D6714.udd" 4128
"C:/Users/Murad/AppData/Local/UnrealEngine/Common/DerivedDataCache/0/8/2/TEXTURE_E01F4250BECD420DA9CE63B5EECEC2C2_OODLE_BC5_11_0DB1386840D52A45327D7FAE__BABE1167A990A360755D8CC6ABF99C75F2F71F3F.udd" 4129
"C:/Users/Murad/AppData/Local/UnrealEngine/Common/DerivedDataCache/6/4/0/TEXTURE_E01F4250BECD420DA9CE63B5EECEC2C2_OODLE_BC5_11_0DB1386840D52A45327D7FAE__084136A0B62B421EB03D1B374F7C8DA4C58C7C92.udd" 4130
"C:/Users/Murad/Documents/Unreal Projects/Peacekeeper_3D/Content/ThirdPersonBP/Blueprints/Player/BPC_PLayerLevelStats.uasset" 4131
"../../../../../../Users/Murad/Documents/Unreal Projects/Peacekeeper_3D/Content/AnimStarterPack/Showcase.umap" 4132
"C:/Users/Murad/AppData/Local/UnrealEngine/Common/DerivedDataCache/6/6/8/PHYSX_A08609EF508D460CBB6710540B03AACF_PHYSXPC_1AEC0BFB48001A5FC5A7B0B539662C1D__1_0_0_0_2_13315_0.udd" 4133
"C:/Users/Murad/AppData/Local/UnrealEngine/Common/DerivedDataCache/7/3/5/PHYSX_A08609EF508D460CBB6710540B03AACF_PHYSXPC_F0D4600B45C99DD05DF63C82A2EB0841__1_0_0_0_3_13315_0.udd" 4134
"C:/Users/Murad/AppData/Local/UnrealEngine/Common/DerivedDataCache/2/8/9/PHYSX_A08609EF508D460CBB6710540B03AACF_PHYSXPC_2BAAB3924EFEB6FB329E5F94A6601656__1_0_0_0_3_13315_0.udd" 4135
"C:/Users/Murad/AppData/Local/UnrealEngine/Common/DerivedDataCache/4/5/6/PHYSX_A08609EF508D460CBB6710540B03AACF_PHYSXPC_ED4C860D4AAB76FA3247D0881E9681E3__1_0_0_0_3_13315_0.udd" 4136
"C:/Users/Murad/AppData/Local/UnrealEngine/Common/DerivedDataCache/0/6/6/PHYSX_A08609EF508D460CBB6710540B03AACF_PHYSXPC_C8398E7C4A33F059A2560D97D9C06C19__1_0_0_0_3_13315_0.udd" 4137
"C:/Users/Murad/AppData/Local/UnrealEngine/Common/DerivedDataCache/2/9/6/PHYSX_A08609EF508D460CBB6710540B03AACF_PHYSXPC_06603A644ED85F6220E932A04B6C13E0__1_0_0_0_3_13315_0.udd" 4138
"C:/Users/Murad/AppData/Local/UnrealEngine/Common/DerivedDataCache/4/4/2/PHYSX_A08609EF508D460CBB6710540B03AACF_PHYSXPC_4C2FE0DB4E3F895B236F81B3AB339E24__1_0_0_0_3_13315_0.udd" 4139
"C:/Users/Murad/AppData/Local/UnrealEngine/Common/DerivedDataCache/0/0/7/PHYSX_A08609EF508D460CBB6710540B03AACF_PHYSXPC_E5922F8B436444EF85DF23A32E0D6C67__1_0_0_0_2_13315_0.udd" 4140
"C:/Users/Murad/AppData/Local/UnrealEngine/Common/DerivedDataCache/6/9/0/TEXTURE_E01F4250BECD420DA9CE63B5EECEC2C2_OODLE_DXT1_11_655D545E4F2053C8BF8B5CB__74DFE46B5D5592501E85C3AB723B315B1C1B4621.udd" 4141
"C:/Users/Murad/AppData/Local/UnrealEngine/Common/DerivedDataCache/2/1/0/TEXTURE_E01F4250BECD420DA9CE63B5EECEC2C2_OODLE_DXT1_11_655D545E4F2053C8BF8B5CB__CB7BCE7E9634DA9A4925799B3E3DAAD378EF74AD.udd" 4142
"C:/Users/Murad/AppData/Local/UnrealEngine/Common/DerivedDataCache/7/6/1/TEXTURE_E01F4250BECD420DA9CE63B5EECEC2C2_OODLE_DXT1_11_655D545E4F2053C8BF8B5CB__6239A994727DC3F5C8EEAF0BA8924F117FE2D885.udd" 4143
"C:/Users/Murad/AppData/Local/UnrealEngine/Common/DerivedDataCache/4/6/9/TEXTURE_E01F4250BECD420DA9CE63B5EECEC2C2_OODLE_DXT1_11_655D545E4F2053C8BF8B5CB__F5305CB92587096BD8553748F323E49F7E72C958.udd" 4144
"C:/Users/Murad/Documents/Unreal Projects/Peacekeeper_3D/Content/ThirdPersonBP/Blueprints/Enemies/Weapons/BP_AK47.uasset" 4145
"C:/Users/Murad/Documents/Unreal Projects/Peacekeeper_3D/Content/ThirdPersonBP/Blueprints/Enemies/AI/Tasks/BTT_MiddleRangeAttack.uasset" 4146
"C:/Users/Murad/Documents/Unreal Projects/Peacekeeper_3D/Content/ThirdPersonBP/Blueprints/Enemies/AI/Tasks/BTT_GiveWeapon.uasset" 4147
"C:/Users/Murad/AppData/Local/UnrealEngine/Common/DerivedDataCache/5/3/7/MATSM_0BA69734E4FD45E082FA4560DBE25454_PCD3D_SM5_8__BC5N_NOCCBN_NOIRIS_DEV_SL___5593823BFF3C13B0C93312A417F5EB90E75E3657.udd" 4148
"C:/Users/Murad/Documents/Unreal Projects/Peacekeeper_3D/Content/ThirdPersonBP/Blueprints/Enemies/AI/Tasks/BTT_FocusTarget.uasset" 4149
"C:/Users/Murad/Documents/Unreal Projects/Peacekeeper_3D/Content/ThirdPersonBP/Blueprints/Enemies/AI/Tasks/BTT_DropWeapon.uasset" 4150
"C:/Users/Murad/AppData/Local/UnrealEngine/Common/DerivedDataCache/2/1/4/SKELETALMESH_91550326BADA436B92C8BF16C910465C_D79594E5CD75D927C0186EBAC4E98DAF__0A7FDBD83F49AFEE3504383E0F4E9D623356336B.udd" 4151
"C:/Users/Murad/Documents/Unreal Projects/Peacekeeper_3D/Content/ThirdPersonBP/Blueprints/Enemies/AI/BehaviorTrees/SubTrees/BT_Subtree_FindCover.uasset" 4152
"C:/Users/Murad/AppData/Local/UnrealEngine/Common/DerivedDataCache/6/0/7/TEXTURE_E01F4250BECD420DA9CE63B5EECEC2C2_OODLE_AUTODXT_11_169659814050FC5A9C8A__D8748438D40D16DE34E356F913CAF208A3B3349E.udd" 4153
"C:/Users/Murad/AppData/Local/UnrealEngine/Common/DerivedDataCache/4/9/7/TEXTURE_E01F4250BECD420DA9CE63B5EECEC2C2_OODLE_AUTODXT_11_59352EF2401F69EDBC1F__8470BAD301377BBFCAD97331B1DE28ED1A55883C.udd" 4154
"C:/Users/Murad/AppData/Local/UnrealEngine/Common/DerivedDataCache/1/2/8/TEXTURE_E01F4250BECD420DA9CE63B5EECEC2C2_OODLE_DXT1_11_33EC53BB489C3264881E7A9__6DE0F6B805F671253969016CD3A74F16FA8C19F0.udd" 4155
"C:/Users/Murad/AppData/Local/UnrealEngine/Common/DerivedDataCache/9/4/8/TEXTURE_E01F4250BECD420DA9CE63B5EECEC2C2_OODLE_AUTODXT_11_169659814050FC5A9C8A__46EBCAA16DEFF5F102233AC9343F7AC257F7EB9F.udd" 4156
"C:/Users/Murad/AppData/Local/UnrealEngine/Common/DerivedDataCache/4/4/6/TEXTURE_E01F4250BECD420DA9CE63B5EECEC2C2_OODLE_AUTODXT_11_169659814050FC5A9C8A__1593FA7F99AEB4748756FAA4ABB7EC1223898F5D.udd" 4157
"C:/Users/Murad/AppData/Local/UnrealEngine/Common/DerivedDataCache/3/8/4/TEXTURE_E01F4250BECD420DA9CE63B5EECEC2C2_OODLE_DXT1_11_A095AE0A429DA9E6BB52A5A__AF01B8AC3A76772884460C70C46E3A28B3A69CD7.udd" 4158
"C:/Users/Murad/AppData/Local/UnrealEngine/Common/DerivedDataCache/8/5/3/TEXTURE_E01F4250BECD420DA9CE63B5EECEC2C2_OODLE_AUTODXT_11_169659814050FC5A9C8A__E512C0B4DC1DE78E43A952694B1C6D2CFBA385F9.udd" 4159
"C:/Users/Murad/AppData/Local/UnrealEngine/Common/DerivedDataCache/6/8/7/TEXTURE_E01F4250BECD420DA9CE63B5EECEC2C2_OODLE_AUTODXT_11_C113B92F492BD9C6FFF2__E620D4B3303C715A203C53CCA904E8D55965D9B8.udd" 4160
"C:/Users/Murad/AppData/Local/UnrealEngine/Common/DerivedDataCache/4/9/1/TEXTURE_E01F4250BECD420DA9CE63B5EECEC2C2_OODLE_AUTODXT_11_B5C5779B4C3D1BAA3FCB__CF5E651902691D9F352BC081F513BF3F0CB46D38.udd" 4161
"C:/Users/Murad/AppData/Local/UnrealEngine/Common/DerivedDataCache/5/8/2/TEXTURE_E01F4250BECD420DA9CE63B5EECEC2C2_OODLE_DXT1_11_33EC53BB489C3264881E7A9__C9757C276C0B50A6F5F57A8B9FE11710F078842E.udd" 4162
"C:/Users/Murad/AppData/Local/UnrealEngine/Common/DerivedDataCache/3/3/5/TEXTURE_E01F4250BECD420DA9CE63B5EECEC2C2_OODLE_DXT1_11_33EC53BB489C3264881E7A9__E116E0532A0DE8A9641FC75333B256C549C499C8.udd" 4163
"C:/Users/Murad/AppData/Local/UnrealEngine/Common/DerivedDataCache/6/0/4/TEXTURE_E01F4250BECD420DA9CE63B5EECEC2C2_OODLE_AUTODXT_11_C113B92F492BD9C6FFF2__C27D0B4EF17BB5DB783AFB9DEC20530695F9286A.udd" 4164
"C:/Users/Murad/AppData/Local/UnrealEngine/Common/DerivedDataCache/0/7/1/TEXTURE_E01F4250BECD420DA9CE63B5EECEC2C2_OODLE_DXT1_11_33EC53BB489C3264881E7A9__9896380A07DF45C3D825CEF947483FB523732F76.udd" 4165
"C:/Users/Murad/AppData/Local/UnrealEngine/Common/DerivedDataCache/0/7/0/TEXTURE_E01F4250BECD420DA9CE63B5EECEC2C2_OODLE_AUTODXT_11_C113B92F492BD9C6FFF2__DD379DE33AA5690A996CED30CDCCCF311E308209.udd" 4166
"C:/Users/Murad/AppData/Local/UnrealEngine/Common/DerivedDataCache/0/0/3/TEXTURE_E01F4250BECD420DA9CE63B5EECEC2C2_BGRA8_B8809CFB487975B142CA47B6590A1C1__8E8C54722304D4CEE523363F5D57F07DF486B34E.udd" 4167
"C:/Users/Murad/AppData/Local/UnrealEngine/Common/DerivedDataCache/9/1/2/TEXTURE_E01F4250BECD420DA9CE63B5EECEC2C2_BGRA8_F00EBDEB4DAD4922ECC664AAA317E57__3EC6D6D05E979480C7B7F7BD8F55B548F4D0F03B.udd" 4168
"C:/Users/Murad/AppData/Local/UnrealEngine/Common/DerivedDataCache/2/8/2/TEXTURE_E01F4250BECD420DA9CE63B5EECEC2C2_OODLE_AUTODXT_11_C113B92F492BD9C6FFF2__A89BC521A59B213BA5C42612C4D5631D377EF623.udd" 4169
"C:/Users/Murad/AppData/Local/UnrealEngine/Common/DerivedDataCache/1/5/4/TEXTURE_E01F4250BECD420DA9CE63B5EECEC2C2_BGRA8_B8809CFB487975B142CA47B6590A1C1__92518E68FC965719638FD7097D56FF6C232833AB.udd" 4170
"C:/Users/Murad/AppData/Local/UnrealEngine/Common/DerivedDataCache/7/2/9/TEXTURE_E01F4250BECD420DA9CE63B5EECEC2C2_BGRA8_B8809CFB487975B142CA47B6590A1C1__3E4ADA1912780E94E0C82639829D74A952AB2B70.udd" 4171
"C:/Users/Murad/AppData/Local/UnrealEngine/Common/DerivedDataCache/1/9/3/TEXTURE_E01F4250BECD420DA9CE63B5EECEC2C2_BGRA8_B8809CFB487975B142CA47B6590A1C1__CEE701D791AE67C5BB4E044875116BE21A1331C4.udd" 4172
"C:/Users/Murad/Documents/Unreal Projects/Peacekeeper_3D/Content/ThirdPersonBP/Blueprints/Enemies/AI/BehaviorTrees/BT_Subtree_Passive.uasset" 4173
"C:/Users/Murad/Documents/Unreal Projects/Peacekeeper_3D/Content/ThirdPersonBP/Blueprints/Enemies/AI/BehaviorTrees/BT_Subtree_Investigating.uasset" 4174
"C:/Users/Murad/Documents/Unreal Projects/Peacekeeper_3D/Content/ThirdPersonBP/Blueprints/Enemies/AI/BehaviorTrees/BT_Subtree_FindCover.uasset" 4175
"C:/Users/Murad/Documents/Unreal Projects/Peacekeeper_3D/Content/ThirdPersonBP/Blueprints/Enemies/AI/BT_Enemy_Base.uasset" 4176
"C:/Users/Murad/Documents/Unreal Projects/Peacekeeper_3D/Content/ThirdPersonBP/Blueprints/Enemies/AI/BP_Enemy_Base.uasset" 4177
"C:/Users/Murad/Documents/Unreal Projects/Peacekeeper_3D/Content/ThirdPersonBP/Blueprints/Enemies/Montage_Unequip_Rifle_Standing.uasset" 4178
"C:/Users/Murad/Documents/Unreal Projects/Peacekeeper_3D/Content/ThirdPersonBP/Blueprints/Enemies/Montage_Fire_Shotgun_Hip.uasset" 4179
"C:/Users/Murad/Documents/Unreal Projects/Peacekeeper_3D/Content/ThirdPersonBP/Blueprints/Enemies/Montage_Fire_Rifle_Ironsights.uasset" 4180
"C:/Users/Murad/Documents/Unreal Projects/Peacekeeper_3D/Content/ThirdPersonBP/Blueprints/Enemies/Montage_Equip_Rifle_Standing.uasset" 4181
"C:/Users/Murad/Documents/Unreal Projects/Peacekeeper_3D/Content/ThirdPersonBP/Blueprints/TPS_HUD.uasset" 4182
"C:/Users/Murad/Documents/Unreal Projects/Peacekeeper_3D/Content/ThirdPersonBP/Blueprints/BP_Player.uasset" 4183
"C:/Users/Murad/Documents/Unreal Projects/Peacekeeper_3D/Content/ThirdPersonBP/Blueprints/ThirdPersonCharacter.uasset" 4184
"C:/Users/Murad/Documents/Unreal Projects/Peacekeeper_3D/Content/ThirdPersonBP/Blueprints/Projectile_Base.uasset" 4185
"C:/Users/Murad/Documents/Unreal Projects/Peacekeeper_3D/Content/ThirdPersonBP/Blueprints/DamageArea.uasset" 4186
"C:/Users/Murad/Documents/Unreal Projects/Peacekeeper_3D/Content/ThirdPersonBP/Blueprints/BP_Enemy_Base.uasset" 4187
"C:/Users/Murad/Documents/Unreal Projects/Peacekeeper_3D/Content/ThirdPersonBP/Blueprints/AIEnemy.uasset" 4188
"C:/Users/Murad/Documents/Unreal Projects/Peacekeeper_3D/Content/Realistic_Starter_VFX_Pack_Vol2/Textures/T_Fire_E.uasset" 4189
"C:/Users/Murad/Documents/Unreal Projects/Peacekeeper_3D/Content/Realistic_Starter_VFX_Pack_Vol2/Particles/Hit/P_Wood.uasset" 4190
"C:/Users/Murad/Documents/Unreal Projects/Peacekeeper_3D/Content/Realistic_Starter_VFX_Pack_Vol2/Materials/M_Mud.uasset" 4191
"C:/Users/Murad/Documents/Unreal Projects/Peacekeeper_3D/Content/Realistic_Starter_VFX_Pack_Vol2/Mesh/SM_Splash_B.uasset" 4192
"C:/Users/Murad/Documents/Unreal Projects/Peacekeeper_3D/Content/Realistic_Starter_VFX_Pack_Vol2/Mesh/SM_Splash_A.uasset" 4193
"C:/Users/Murad/Documents/Unreal Projects/Peacekeeper_3D/Content/Realistic_Starter_VFX_Pack_Vol2/Demo_Room/Textures/T_UnrealEngineDecal.uasset" 4194
"C:/Users/Murad/Documents/Unreal Projects/Peacekeeper_3D/Content/Realistic_Starter_VFX_Pack_Vol2/Demo_Room/Textures/T_RoomTiles_N.uasset" 4195
"C:/Users/Murad/Documents/Unreal Projects/Peacekeeper_3D/Content/Realistic_Starter_VFX_Pack_Vol2/Demo_Room/Textures/T_RoomTiles_M.uasset" 4196
"C:/Users/Murad/Documents/Unreal Projects/Peacekeeper_3D/Content/Realistic_Starter_VFX_Pack_Vol2/Demo_Room/Textures/T_Pattern_M.uasset" 4197
"C:/Users/Murad/Documents/Unreal Projects/Peacekeeper_3D/Content/Realistic_Starter_VFX_Pack_Vol2/Demo_Room/Materials/M_DemoWallPattern.uasset" 4198
"C:/Users/Murad/Documents/Unreal Projects/Peacekeeper_3D/Content/Realistic_Starter_VFX_Pack_Vol2/Demo_Room/Materials/M_DemoWallPattern_Inst.uasset" 4199
"C:/Users/Murad/Documents/Unreal Projects/Peacekeeper_3D/Content/Realistic_Starter_VFX_Pack_Vol2/Demo_Room/Meshes/SM_URoom_Wall2.uasset" 4200
"C:/Users/Murad/AppData/Local/UnrealEngine/Common/DerivedDataCache/2/1/3/STATICMESH_9CE2B6FB46754B699726C4AA1515F12E_228332BAE0224DD294E232B87D83948FQU__DE27293663BF01A1E46A6F4712A4D5C4FB3E06D9.udd" 4201
"C:/Users/Murad/AppData/Local/UnrealEngine/Common/DerivedDataCache/2/7/4/PHYSX_A08609EF508D460CBB6710540B03AACF_PHYSXPC_5F2BC44341CFF4AB18F9F4ABC51351C__09D6D35F4C62EB235B942CF3CF9C7A885EC78E62.udd" 4202
"C:/Users/Murad/AppData/Local/UnrealEngine/Common/DerivedDataCache/0/2/7/NAVCOLLISION_2983273BE5D6425391E8C0B3D1C0A55D_NAVCOLLISION_X_5F2BC44341CFF4AB1__BC4AA2C1087BA828CC7A7139B650CA4DA230193F.udd" 4203
"C:/Users/Murad/Documents/Unreal Projects/Peacekeeper_3D/Content/Realistic_Starter_VFX_Pack_Vol2/Demo_Room/Meshes/SM_URoom_Wall.uasset" 4204
"C:/Users/Murad/AppData/Local/UnrealEngine/Common/DerivedDataCache/1/9/6/STATICMESH_9CE2B6FB46754B699726C4AA1515F12E_228332BAE0224DD294E232B87D83948FQU__60B01F2EEF17E317FE4EA0D58C8C36CD33615746.udd" 4205
"C:/Users/Murad/AppData/Local/UnrealEngine/Common/DerivedDataCache/1/1/3/PHYSX_A08609EF508D460CBB6710540B03AACF_PHYSXPC_EC346A274ACEA416106187B02B5CD62__BEA7A764168E58AD8FED5B27B003D5B8671B71EE.udd" 4206
"C:/Users/Murad/AppData/Local/UnrealEngine/Common/DerivedDataCache/9/7/1/NAVCOLLISION_2983273BE5D6425391E8C0B3D1C0A55D_NAVCOLLISION_X_EC346A274ACEA4161__7DC4CD9D9AE831BBD25CA27DF67EC5994512536A.udd" 4207
"C:/Users/Murad/Documents/Unreal Projects/Peacekeeper_3D/Content/Realistic_Starter_VFX_Pack_Vol2/Demo_Room/Materials/M_DemoRoomTiles.uasset" 4208
"C:/Users/Murad/Documents/Unreal Projects/Peacekeeper_3D/Content/Realistic_Starter_VFX_Pack_Vol2/Demo_Room/Meshes/SM_DemoRoomU_Hole.uasset" 4209
"C:/Users/Murad/Documents/Unreal Projects/Peacekeeper_3D/Content/Realistic_Starter_VFX_Pack_Vol2/Demo_Room/Materials/M_DemoRoomTiles_Inst.uasset" 4210
"C:/Users/Murad/AppData/Local/UnrealEngine/Common/DerivedDataCache/9/4/6/TEXTURE_E01F4250BECD420DA9CE63B5EECEC2C2_OODLE_AUTODXT_11_C6D6E366431A5C3FA5BA__BAF75A175B49F1FB9E23A2DA9C5D9EE54B0418EC.udd" 4211
"C:/Users/Murad/AppData/Local/UnrealEngine/Common/DerivedDataCache/5/0/6/TEXTURE_E01F4250BECD420DA9CE63B5EECEC2C2_OODLE_AUTODXT_11_C6D6E366431A5C3FA5BA__7D7B6DCD6376A7C46FB1790DF1DA28053E723AFE.udd" 4212
"C:/Users/Murad/AppData/Local/UnrealEngine/Common/DerivedDataCache/9/5/3/TEXTURE_E01F4250BECD420DA9CE63B5EECEC2C2_OODLE_AUTODXT_11_C6D6E366431A5C3FA5BA__A0C7FB503981D3195D5B75B13014A27CE6BE6F94.udd" 4213
"C:/Users/Murad/AppData/Local/UnrealEngine/Common/DerivedDataCache/6/2/4/TEXTURE_E01F4250BECD420DA9CE63B5EECEC2C2_OODLE_AUTODXT_11_C6D6E366431A5C3FA5BA__CC643177BBD480D15FF471AFE04406C848B71339.udd" 4214
"C:/Users/Murad/AppData/Local/UnrealEngine/Common/DerivedDataCache/0/0/0/TEXTURE_E01F4250BECD420DA9CE63B5EECEC2C2_OODLE_AUTODXT_11_C6D6E366431A5C3FA5BA__F0BE41483BB5FF1A5BC418A7B355C2250E230AF9.udd" 4215
"C:/Users/Murad/AppData/Local/UnrealEngine/Common/DerivedDataCache/8/5/4/TEXTURE_E01F4250BECD420DA9CE63B5EECEC2C2_OODLE_AUTODXT_11_C6D6E366431A5C3FA5BA__643861324801D5A07A2C1D845C3A35BDC3E88204.udd" 4216
"C:/Users/Murad/Documents/Unreal Projects/Peacekeeper_3D/Content/Realistic_Starter_VFX_Pack_Vol2/Demo_Room/Meshes/SM_DemoRoomU2.uasset" 4217
"C:/Users/Murad/AppData/Local/UnrealEngine/Common/DerivedDataCache/1/2/0/MATSM_0BA69734E4FD45E082FA4560DBE25454_PCD3D_SM5_8__BC5N_NOCCBN_NOIRIS_DEV_SL___63066E353FF1AA00CA86B51A75525F846CF22301.udd" 4218
"C:/Users/Murad/Documents/Unreal Projects/Peacekeeper_3D/Content/Realistic_Starter_VFX_Pack_Vol2/Demo_Room/Meshes/SM_DemoRoomU.uasset" 4219
"C:/Users/Murad/Documents/Unreal Projects/Peacekeeper_3D/Content/Realistic_Starter_VFX_Pack_Vol2/Demo_Room/Meshes/SM_DemoRoomTrimAdd.uasset" 4220
"C:/Users/Murad/AppData/Local/UnrealEngine/Common/DerivedDataCache/0/3/7/TEXTURE_E01F4250BECD420DA9CE63B5EECEC2C2_OODLE_DXT1_11_0A073673446AB8BA03B7578__378A4D74D49ACCCB01124F9DBCCD02AB7AB953F7.udd" 4221
"C:/Users/Murad/Documents/Unreal Projects/Peacekeeper_3D/Content/Realistic_Starter_VFX_Pack_Vol2/Demo_Room/Meshes/SM_DemoRoomTrim2.uasset" 4222
"C:/Users/Murad/Documents/Unreal Projects/Peacekeeper_3D/Content/Realistic_Starter_VFX_Pack_Vol2/Demo_Room/Materials/M_LightTube_Inst.uasset" 4223
"C:/Users/Murad/Documents/Unreal Projects/Peacekeeper_3D/Content/Realistic_Starter_VFX_Pack_Vol2/Demo_Room/Materials/M_LightTube.uasset" 4224
"C:/Users/Murad/AppData/Local/UnrealEngine/Common/DerivedDataCache/4/8/0/STATICMESH_9CE2B6FB46754B699726C4AA1515F12E_228332BAE0224DD294E232B87D83948FQU__DD6FB4EE6E135CE39B59E4AC2192C263F4658B44.udd" 4225
"C:/Users/Murad/AppData/Local/UnrealEngine/Common/DerivedDataCache/7/1/3/PHYSX_A08609EF508D460CBB6710540B03AACF_PHYSXPC_18393FB447B3117D694899A21DE5F68__C4FF2FF9D724B7CEAB7F1D7840AD9E6F2A15DFF8.udd" 4226
"C:/Users/Murad/AppData/Local/UnrealEngine/Common/DerivedDataCache/1/4/6/NAVCOLLISION_2983273BE5D6425391E8C0B3D1C0A55D_NAVCOLLISION_X_18393FB447B3117D6__8FC5E861E11AB365914BC7117FCEFC51E474E68C.udd" 4227
"C:/Users/Murad/AppData/Local/UnrealEngine/Common/DerivedDataCache/9/8/5/STATICMESH_9CE2B6FB46754B699726C4AA1515F12E_228332BAE0224DD294E232B87D83948FQU__400917507734CD62AEDF80722521E3896D254EC9.udd" 4228
"C:/Users/Murad/AppData/Local/UnrealEngine/Common/DerivedDataCache/9/2/8/PHYSX_A08609EF508D460CBB6710540B03AACF_PHYSXPC_88CBBAB440BC43477C02E7893A5338E__A0A3E4C18E241508FDD63BCCE8D8FB19B13326B8.udd" 4229
"C:/Users/Murad/AppData/Local/UnrealEngine/Common/DerivedDataCache/3/5/7/NAVCOLLISION_2983273BE5D6425391E8C0B3D1C0A55D_NAVCOLLISION_X_88CBBAB440BC43477__1AE07ABE9446CA2058B32D033892B3447530660D.udd" 4230
"C:/Users/Murad/AppData/Local/UnrealEngine/Common/DerivedDataCache/7/1/8/TEXTURE_E01F4250BECD420DA9CE63B5EECEC2C2_OODLE_BC5_11_4D13C3E149CD77E1C0CA3B94__3961B116F9E146134C89DC93791C1F3CB515D312.udd" 4231
"C:/Users/Murad/AppData/Local/UnrealEngine/Common/DerivedDataCache/0/9/6/TEXTURE_E01F4250BECD420DA9CE63B5EECEC2C2_OODLE_BC5_11_4D13C3E149CD77E1C0CA3B94__7ABED7D616F4855200E0DDA0EF3B2DCF291D2868.udd" 4232
"C:/Users/Murad/AppData/Local/UnrealEngine/Common/DerivedDataCache/6/9/4/TEXTURE_E01F4250BECD420DA9CE63B5EECEC2C2_OODLE_BC5_11_4D13C3E149CD77E1C0CA3B94__3BF32CFA94DB40D07C8A366828FF7A75646F692D.udd" 4233
"C:/Users/Murad/AppData/Local/UnrealEngine/Common/DerivedDataCache/0/8/8/TEXTURE_E01F4250BECD420DA9CE63B5EECEC2C2_OODLE_BC5_11_4D13C3E149CD77E1C0CA3B94__75D694A50EA8CE3DD3774792DBE5EAA05183520B.udd" 4234
"C:/Users/Murad/AppData/Local/UnrealEngine/Common/DerivedDataCache/4/0/9/TEXTURE_E01F4250BECD420DA9CE63B5EECEC2C2_OODLE_BC5_11_4D13C3E149CD77E1C0CA3B94__8BF68FBEF28C0F76F877F99E0CDD7906C1343657.udd" 4235
"C:/Users/Murad/AppData/Local/UnrealEngine/Common/DerivedDataCache/0/4/1/TEXTURE_E01F4250BECD420DA9CE63B5EECEC2C2_OODLE_BC5_11_4D13C3E149CD77E1C0CA3B94__B9C9E6C6BC109FD3B791D9F39C2B123342E31607.udd" 4236
"C:/Users/Murad/AppData/Local/UnrealEngine/Common/DerivedDataCache/3/6/3/TEXTURE_E01F4250BECD420DA9CE63B5EECEC2C2_OODLE_DXT1_11_3A100871406F7AD336EA598__C46D3A0AA815DE5CEFB8E27C6F5A1A7AB3EFCEBB.udd" 4237
"C:/Users/Murad/AppData/Local/UnrealEngine/Common/DerivedDataCache/0/6/9/TEXTURE_E01F4250BECD420DA9CE63B5EECEC2C2_OODLE_DXT1_11_3A100871406F7AD336EA598__1106B4528C541B7DE91FAF72FDA8C78D1BC93173.udd" 4238
"C:/Users/Murad/AppData/Local/UnrealEngine/Common/DerivedDataCache/8/3/9/TEXTURE_E01F4250BECD420DA9CE63B5EECEC2C2_OODLE_DXT1_11_3A100871406F7AD336EA598__7B327D89F77DFE6A0ECECB715C7BF3D29395D90B.udd" 4239
"C:/Users/Murad/AppData/Local/UnrealEngine/Common/DerivedDataCache/5/9/6/TEXTURE_E01F4250BECD420DA9CE63B5EECEC2C2_OODLE_DXT1_11_3A100871406F7AD336EA598__E848C7092F5B902EC4ACE9CB6A9F741D681C2D5D.udd" 4240
"C:/Users/Murad/AppData/Local/UnrealEngine/Common/DerivedDataCache/0/4/6/TEXTURE_E01F4250BECD420DA9CE63B5EECEC2C2_OODLE_DXT1_11_3A100871406F7AD336EA598__C55828A7CCFCE7B5BC1FFAB838243BCCF893D7E9.udd" 4241
"C:/Users/Murad/AppData/Local/UnrealEngine/Common/DerivedDataCache/2/6/3/TEXTURE_E01F4250BECD420DA9CE63B5EECEC2C2_OODLE_DXT1_11_3A100871406F7AD336EA598__B2F33E07455BB852348EA85455A1EF567D4AD5AE.udd" 4242
"C:/Users/Murad/AppData/Local/UnrealEngine/Common/DerivedDataCache/6/5/9/TEXTURE_E01F4250BECD420DA9CE63B5EECEC2C2_OODLE_AUTODXT_11_574F908248C05BA4186F__92B216CBF8BED9D1F1D3D908B6D3ABC8AEC95421.udd" 4243
"C:/Users/Murad/AppData/Local/UnrealEngine/Common/DerivedDataCache/8/8/9/TEXTURE_E01F4250BECD420DA9CE63B5EECEC2C2_OODLE_AUTODXT_11_574F908248C05BA4186F__E42DA30C430006E95A44A918B180D39BC90DDE43.udd" 4244
"C:/Users/Murad/AppData/Local/UnrealEngine/Common/DerivedDataCache/9/9/3/TEXTURE_E01F4250BECD420DA9CE63B5EECEC2C2_OODLE_AUTODXT_11_574F908248C05BA4186F__78EEA88CDFFB34EE8AC0A47A3F706054D658023B.udd" 4245
"C:/Users/Murad/AppData/Local/UnrealEngine/Common/DerivedDataCache/3/6/2/TEXTURE_E01F4250BECD420DA9CE63B5EECEC2C2_OODLE_AUTODXT_11_574F908248C05BA4186F__84C795A47A07241B9D2F951F459F98B2D8F649D4.udd" 4246
"C:/Users/Murad/AppData/Local/UnrealEngine/Common/DerivedDataCache/6/3/0/TEXTURE_E01F4250BECD420DA9CE63B5EECEC2C2_OODLE_AUTODXT_11_574F908248C05BA4186F__0E7E31DFFA3EDA34C7025CA66D311605097FFDA5.udd" 4247
"C:/Users/Murad/AppData/Local/UnrealEngine/Common/DerivedDataCache/0/4/6/TEXTURE_E01F4250BECD420DA9CE63B5EECEC2C2_OODLE_AUTODXT_11_574F908248C05BA4186F__85FD8BF8CD7ACC3BD3348374B4C2F7B5BB44ED0B.udd" 4248
"C:/Users/Murad/AppData/Local/UnrealEngine/Common/DerivedDataCache/6/8/0/MATSM_0BA69734E4FD45E082FA4560DBE25454_PCD3D_SM5_8__BC5N_NOCCBN_NOIRIS_DEV_SL___F06B2CA93550A9839F113F330B52093A00EA8D41.udd" 4249
"C:/Users/Murad/Documents/Unreal Projects/Peacekeeper_3D/Content/Realistic_Starter_VFX_Pack_Vol2/Demo_Room/Meshes/SM_DemoRoomTrim.uasset" 4250
"C:/Users/Murad/Documents/Unreal Projects/Peacekeeper_3D/Content/Realistic_Starter_VFX_Pack_Vol2/Demo_Room/Meshes/SM_DemoRoomLTrim.uasset" 4251
"C:/Users/Murad/AppData/Local/UnrealEngine/Common/DerivedDataCache/0/4/9/STATICMESH_9CE2B6FB46754B699726C4AA1515F12E_228332BAE0224DD294E232B87D83948FQU__31B2A8D240A2C9219EAF9938C342C5C7552658CE.udd" 4252
"C:/Users/Murad/AppData/Local/UnrealEngine/Common/DerivedDataCache/2/3/7/PHYSX_A08609EF508D460CBB6710540B03AACF_PHYSXPC_C1E81D4B4F6A1869832D51B201BAA74__1A72E699AA39DCF63678B6F67A33C0C9E2E799E4.udd" 4253
"C:/Users/Murad/AppData/Local/UnrealEngine/Common/DerivedDataCache/1/9/8/NAVCOLLISION_2983273BE5D6425391E8C0B3D1C0A55D_NAVCOLLISION_X_C1E81D4B4F6A18698__416D4C3170DCB262FE4CD6C72B5D5A7E177D82AC.udd" 4254
"C:/Users/Murad/Documents/Unreal Projects/Peacekeeper_3D/Content/Realistic_Starter_VFX_Pack_Vol2/Demo_Room/Meshes/SM_DemoRoomL.uasset" 4255
"C:/Users/Murad/AppData/Local/UnrealEngine/Common/DerivedDataCache/7/8/3/STATICMESH_9CE2B6FB46754B699726C4AA1515F12E_228332BAE0224DD294E232B87D83948FQU__6A443203F1C4670B06EC6ED1B5DE78C58019FE7B.udd" 4256
"C:/Users/Murad/AppData/Local/UnrealEngine/Common/DerivedDataCache/6/4/7/PHYSX_A08609EF508D460CBB6710540B03AACF_PHYSXPC_1A3B50A145CF59DDB56EC0A8EF598BD__370FA737A1B00A4E77D6930B19BF6A6F39320509.udd" 4257
"C:/Users/Murad/AppData/Local/UnrealEngine/Common/DerivedDataCache/3/9/3/NAVCOLLISION_2983273BE5D6425391E8C0B3D1C0A55D_NAVCOLLISION_X_1A3B50A145CF59DDB__B8C09F9891AC3BBFEBE2EC774E72994FDAF547E4.udd" 4258
"C:/Users/Murad/AppData/Local/UnrealEngine/Common/DerivedDataCache/6/9/8/MATSM_0BA69734E4FD45E082FA4560DBE25454_PCD3D_SM5_8__BC5N_NOCCBN_NOIRIS_DEV_SL___5B0774218203A5559205BE75B91B6D429F5D1930.udd" 4259
"C:/Users/Murad/Documents/Unreal Projects/Peacekeeper_3D/Content/Realistic_Starter_VFX_Pack_Vol2/Demo_Room/Meshes/SM_DemoRoomClamp2.uasset" 4260
"C:/Users/Murad/AppData/Local/UnrealEngine/Common/DerivedDataCache/9/9/2/STATICMESH_9CE2B6FB46754B699726C4AA1515F12E_228332BAE0224DD294E232B87D83948FQU__7752C5C247B48E22EEBE36E2BC2813D069367101.udd" 4261
"C:/Users/Murad/AppData/Local/UnrealEngine/Common/DerivedDataCache/0/0/8/PHYSX_A08609EF508D460CBB6710540B03AACF_PHYSXPC_346205F84F5A384F41EF0EB5977299C__39C655A1AA54193687DA46F7833F49E5B9641DCB.udd" 4262
"C:/Users/Murad/AppData/Local/UnrealEngine/Common/DerivedDataCache/6/8/2/NAVCOLLISION_2983273BE5D6425391E8C0B3D1C0A55D_NAVCOLLISION_X_346205F84F5A384F4__C4C4D4ED0C86123E62793115A183374E435FC97B.udd" 4263
"C:/Users/Murad/Documents/Unreal Projects/Peacekeeper_3D/Content/Realistic_Starter_VFX_Pack_Vol2/Demo_Room/Meshes/SM_DemoRoomClamp.uasset" 4264
"C:/Users/Murad/AppData/Local/UnrealEngine/Common/DerivedDataCache/8/5/3/STATICMESH_9CE2B6FB46754B699726C4AA1515F12E_228332BAE0224DD294E232B87D83948FQU__3AF132AD66064018F83996247E2F3E49FEEB49AD.udd" 4265
"C:/Users/Murad/AppData/Local/UnrealEngine/Common/DerivedDataCache/0/3/5/PHYSX_A08609EF508D460CBB6710540B03AACF_PHYSXPC_38921565455204EA4E3A8CA9142BC31__77F539CC7B14F2B021118D00E577519CF1062EE5.udd" 4266
"C:/Users/Murad/AppData/Local/UnrealEngine/Common/DerivedDataCache/9/2/9/NAVCOLLISION_2983273BE5D6425391E8C0B3D1C0A55D_NAVCOLLISION_X_38921565455204EA4__79A234E9726380017F67C973C64DD9BAA8F1D4CC.udd" 4267
"C:/Users/Murad/Documents/Unreal Projects/Peacekeeper_3D/Content/Realistic_Starter_VFX_Pack_Vol2/Demo_Room/Materials/M_DemoWall_MattPlastic.uasset" 4268
"C:/Users/Murad/Documents/Unreal Projects/Peacekeeper_3D/Content/Realistic_Starter_VFX_Pack_Vol2/Demo_Room/Meshes/SM_DemoRoomBackWall2.uasset" 4269
"C:/Users/Murad/Documents/Unreal Projects/Peacekeeper_3D/Content/Realistic_Starter_VFX_Pack_Vol2/Demo_Room/Meshes/SM_DemoRoomBackWall.uasset" 4270
"C:/Users/Murad/AppData/Local/UnrealEngine/Common/DerivedDataCache/8/3/8/STATICMESH_9CE2B6FB46754B699726C4AA1515F12E_228332BAE0224DD294E232B87D83948FQU__A545D0812A7F48B5F4D212F51FBDABB1484D14D5.udd" 4271
"C:/Users/Murad/AppData/Local/UnrealEngine/Common/DerivedDataCache/4/2/5/PHYSX_A08609EF508D460CBB6710540B03AACF_PHYSXPC_C0F45C204884901FDDBF008AC0C6163__4868E3198828A158B885A28DB8F6920358617725.udd" 4272
"C:/Users/Murad/AppData/Local/UnrealEngine/Common/DerivedDataCache/8/7/0/NAVCOLLISION_2983273BE5D6425391E8C0B3D1C0A55D_NAVCOLLISION_X_C0F45C204884901FD__2218A462149A25912F102AA6BC43AAC9C4B053C5.udd" 4273
"C:/Users/Murad/Documents/Unreal Projects/Peacekeeper_3D/Content/Realistic_Starter_VFX_Pack_Vol2/Demo_Room/Meshes/SM_DemoDivider_2.uasset" 4274
"C:/Users/Murad/AppData/Local/UnrealEngine/Common/DerivedDataCache/4/7/4/STATICMESH_9CE2B6FB46754B699726C4AA1515F12E_228332BAE0224DD294E232B87D83948FQU__58D945FA8C8324D95F989E092CE7B5811587B380.udd" 4275
"C:/Users/Murad/AppData/Local/UnrealEngine/Common/DerivedDataCache/4/9/1/PHYSX_A08609EF508D460CBB6710540B03AACF_PHYSXPC_42EA1B284F084ACB0A1761A29D2E6C6__CD8AB9EBCD14B4A7D517FC2E477506F5F648E1B1.udd" 4276
"C:/Users/Murad/AppData/Local/UnrealEngine/Common/DerivedDataCache/2/1/9/NAVCOLLISION_2983273BE5D6425391E8C0B3D1C0A55D_NAVCOLLISION_X_42EA1B284F084ACB0__28CDE5E2DA852C038C40E2A67094C2C255A8D2FB.udd" 4277
"C:/Users/Murad/Documents/Unreal Projects/Peacekeeper_3D/Content/Realistic_Starter_VFX_Pack_Vol2/Demo_Room/Meshes/SM_DemoDivider_1.uasset" 4278
"C:/Users/Murad/AppData/Local/UnrealEngine/Common/DerivedDataCache/2/5/0/STATICMESH_9CE2B6FB46754B699726C4AA1515F12E_228332BAE0224DD294E232B87D83948FQU__087F0E22529504D48515E240819299345F84AD5D.udd" 4279
"C:/Users/Murad/AppData/Local/UnrealEngine/Common/DerivedDataCache/5/7/9/PHYSX_A08609EF508D460CBB6710540B03AACF_PHYSXPC_787949B04F0FD18553DE4DBC6A9F2B8__B93DE8C02D70CAC68236FCC8700F9662D796B7CA.udd" 4280
"C:/Users/Murad/AppData/Local/UnrealEngine/Common/DerivedDataCache/2/4/4/NAVCOLLISION_2983273BE5D6425391E8C0B3D1C0A55D_NAVCOLLISION_X_787949B04F0FD1855__1CE0CD870F066122B08540BF5CA96F9B05C3E2CF.udd" 4281
"C:/Users/Murad/Documents/Unreal Projects/Peacekeeper_3D/Content/Realistic_Starter_VFX_Pack_Vol2/Demo_Room/Materials/M_Glass.uasset" 4282
"C:/Users/Murad/Documents/Unreal Projects/Peacekeeper_3D/Content/Realistic_Starter_VFX_Pack_Vol2/Demo_Room/Materials/M_Glass_Inst.uasset" 4283
"C:/Users/Murad/AppData/Local/UnrealEngine/Common/DerivedDataCache/0/0/4/STATICMESH_9CE2B6FB46754B699726C4AA1515F12E_228332BAE0224DD294E232B87D83948FQU__6241DD7DA0474546BD9588CF4A1EF89558360937.udd" 4284
"C:/Users/Murad/AppData/Local/UnrealEngine/Common/DerivedDataCache/7/0/3/PHYSX_A08609EF508D460CBB6710540B03AACF_PHYSXPC_A05287064C5A1E28311884A80D4091A__294CC525431071566B79E806B9AD6E49FD5A0DF7.udd" 4285
"C:/Users/Murad/AppData/Local/UnrealEngine/Common/DerivedDataCache/7/1/1/NAVCOLLISION_2983273BE5D6425391E8C0B3D1C0A55D_NAVCOLLISION_X_A05287064C5A1E283__3369A4216CA92AF1367629C0B5B04E8C0FBEBF4D.udd" 4286
"C:/Users/Murad/AppData/Local/UnrealEngine/Common/DerivedDataCache/2/5/2/STATICMESH_9CE2B6FB46754B699726C4AA1515F12E_228332BAE0224DD294E232B87D83948FQU__C8234FDD3130BE1BBD011E0E607377AD73F7CA07.udd" 4287
"C:/Users/Murad/AppData/Local/UnrealEngine/Common/DerivedDataCache/4/7/6/PHYSX_A08609EF508D460CBB6710540B03AACF_PHYSXPC_7AEDFD114879EE440ED17AB203D644E__B5F6BA7FB59F3CE3AD670EB1498F0BDC9946192D.udd" 4288
"C:/Users/Murad/AppData/Local/UnrealEngine/Common/DerivedDataCache/4/8/9/NAVCOLLISION_2983273BE5D6425391E8C0B3D1C0A55D_NAVCOLLISION_X_7AEDFD114879EE440__9D13468C1306C91BB0A2DABB7CBEF01E67B2921F.udd" 4289
"C:/Users/Murad/AppData/Local/UnrealEngine/Common/DerivedDataCache/5/3/3/MATSM_0BA69734E4FD45E082FA4560DBE25454_PCD3D_SM5_8__BC5N_NOCCBN_NOIRIS_DEV_SL___256DF827AB51EE53B98261B7B0AA8F6582C1B8A3.udd" 4290
"C:/Users/Murad/Documents/Unreal Projects/Peacekeeper_3D/Content/Realistic_Starter_VFX_Pack_Vol2/Demo_Room/Materials/M_DemoWallPattern_NoText.uasset" 4291
"C:/Users/Murad/AppData/Local/UnrealEngine/Common/DerivedDataCache/0/8/1/STATICMESH_9CE2B6FB46754B699726C4AA1515F12E_228332BAE0224DD294E232B87D83948FQU__AB6F449720EDAD0C6515E7F3A2DBB4336EF83A39.udd" 4292
"C:/Users/Murad/AppData/Local/UnrealEngine/Common/DerivedDataCache/7/1/8/PHYSX_A08609EF508D460CBB6710540B03AACF_PHYSXPC_915A1B9840093D40CCB48F8AEFCED00__8F8BCA8F8A9BF7EAF3F9B648473B1742049EB135.udd" 4293
"C:/Users/Murad/AppData/Local/UnrealEngine/Common/DerivedDataCache/6/5/6/NAVCOLLISION_2983273BE5D6425391E8C0B3D1C0A55D_NAVCOLLISION_X_915A1B9840093D40C__1C56D479890A00B511230F5E242AB7E88DC7A91C.udd" 4294
"C:/Users/Murad/Documents/Unreal Projects/Peacekeeper_3D/Content/Realistic_Starter_VFX_Pack_Vol2/Demo_Room/Materials/M_DemoWallPattern_Inst_Mirrored.uasset" 4295
"C:/Users/Murad/Documents/Unreal Projects/Peacekeeper_3D/Content/Realistic_Starter_VFX_Pack_Vol2/Demo_Room/BluePrint/BP_DemoRoom_Enum.uasset" 4296
"C:/Users/Murad/AppData/Local/UnrealEngine/Common/DerivedDataCache/0/0/6/STATICMESH_9CE2B6FB46754B699726C4AA1515F12E_228332BAE0224DD294E232B87D83948FQU__665D5CE38D8B05BE492A5B36B458B1DAC9AC9A13.udd" 4297
"C:/Users/Murad/AppData/Local/UnrealEngine/Common/DerivedDataCache/0/0/6/PHYSX_A08609EF508D460CBB6710540B03AACF_PHYSXPC_44509A2A4CAF6E53D1DF1D96F3594F4__846FDDCE2346561B95C23B7AC6987E73F43AB521.udd" 4298
"C:/Users/Murad/AppData/Local/UnrealEngine/Common/DerivedDataCache/4/0/1/NAVCOLLISION_2983273BE5D6425391E8C0B3D1C0A55D_NAVCOLLISION_X_44509A2A4CAF6E53D__7CE489120FFAFA8BB3456447580286833392E148.udd" 4299
"C:/Users/Murad/Documents/Unreal Projects/Peacekeeper_3D/Content/Realistic_Starter_VFX_Pack_Vol2/Demo_Room/BluePrint/BP_DemoRoom.uasset" 4300
"C:/Users/Murad/AppData/Local/UnrealEngine/Common/DerivedDataCache/0/1/8/STATICMESH_9CE2B6FB46754B699726C4AA1515F12E_228332BAE0224DD294E232B87D83948FQU__AE8BF727F47B1930453F8988BA8D7B2AAB04F7BA.udd" 4301
"C:/Users/Murad/AppData/Local/UnrealEngine/Common/DerivedDataCache/7/4/6/PHYSX_A08609EF508D460CBB6710540B03AACF_PHYSXPC_2567D1E743EC4BC2CBDE678D906FE36__8DBC7F92295FB5061960001019D1477025F43D71.udd" 4302
"C:/Users/Murad/AppData/Local/UnrealEngine/Common/DerivedDataCache/2/7/0/NAVCOLLISION_2983273BE5D6425391E8C0B3D1C0A55D_NAVCOLLISION_X_2567D1E743EC4BC2C__0CA7538ABC10CF48F558D0DFC73F1D490BBB3DEB.udd" 4303
"C:/Users/Murad/Documents/Unreal Projects/Peacekeeper_3D/Content/Mannequin/Character/Textures/T_Female_N.uasset" 4304
"C:/Users/Murad/AppData/Local/UnrealEngine/Common/DerivedDataCache/2/9/9/STATICMESH_9CE2B6FB46754B699726C4AA1515F12E_228332BAE0224DD294E232B87D83948FQU__7FD4D1AA15A5AFB9EB23C28E6B6A4BA819E65E2C.udd" 4305
"C:/Users/Murad/AppData/Local/UnrealEngine/Common/DerivedDataCache/7/8/8/PHYSX_A08609EF508D460CBB6710540B03AACF_PHYSXPC_8BB455EF48AABA238CFB98B7C47421D__A1728D9E91572FF902B943E35617147A275C9C68.udd" 4306
"C:/Users/Murad/AppData/Local/UnrealEngine/Common/DerivedDataCache/2/6/8/NAVCOLLISION_2983273BE5D6425391E8C0B3D1C0A55D_NAVCOLLISION_X_8BB455EF48AABA238__D430BCE0198EED10C95E88EE919F9299679AB250.udd" 4307
"C:/Users/Murad/Documents/Unreal Projects/Peacekeeper_3D/Content/Mannequin/Character/Textures/T_Female_Mask.uasset" 4308
"C:/Users/Murad/AppData/Local/UnrealEngine/Common/DerivedDataCache/3/9/8/STATICMESH_9CE2B6FB46754B699726C4AA1515F12E_228332BAE0224DD294E232B87D83948FQU__134EAF9238FF9E82DFE53F5DF61D818FF4E87D25.udd" 4309
"C:/Users/Murad/AppData/Local/UnrealEngine/Common/DerivedDataCache/2/9/4/PHYSX_A08609EF508D460CBB6710540B03AACF_PHYSXPC_68CD2C9C4E6070202FA4E8A8A712837__B2A899CE214732AEFD6EDB4106F0B514D0E596EE.udd" 4310
"C:/Users/Murad/AppData/Local/UnrealEngine/Common/DerivedDataCache/4/7/8/NAVCOLLISION_2983273BE5D6425391E8C0B3D1C0A55D_NAVCOLLISION_X_68CD2C9C4E6070202__D960F98F72A742C559D4847C964F2709ACE07025.udd" 4311
"C:/Users/Murad/Documents/Unreal Projects/Peacekeeper_3D/Content/Mannequin/Character/Mesh/SK_Mannequin_Female_PhysicsAsset.uasset" 4312
"C:/Users/Murad/Documents/Unreal Projects/Peacekeeper_3D/Content/Mannequin/Character/Materials/MI_Female_Body.uasset" 4313
"C:/Users/Murad/Documents/Unreal Projects/Peacekeeper_3D/Content/Mannequin/Character/Mesh/SK_Mannequin_Female.uasset" 4314
"C:/Users/Murad/AppData/Local/UnrealEngine/Common/DerivedDataCache/4/7/1/MATSM_0BA69734E4FD45E082FA4560DBE25454_PCD3D_SM5_8__BC5N_NOCCBN_NOIRIS_DEV_SL___0B5DF93AD97E113E2226663F8D9FD017C04D8D64.udd" 4315
"C:/Users/Murad/AppData/Local/UnrealEngine/Common/DerivedDataCache/0/2/0/MATSM_0BA69734E4FD45E082FA4560DBE25454_PCD3D_SM5_8__BC5N_NOCCBN_NOIRIS_DEV_SL___78E6B3EF209D58BE3FBD0F9452F759A64B438632.udd" 4316
"C:/Users/Murad/Documents/Unreal Projects/Peacekeeper_3D/Content/Mannequin/Animations/ThirdPerson_Jump.uasset" 4317
"C:/Users/Murad/AppData/Local/UnrealEngine/Common/DerivedDataCache/2/2/7/MATSM_0BA69734E4FD45E082FA4560DBE25454_PCD3D_SM5_8__BC5N_NOCCBN_NOIRIS_DEV_SL___243BF3A6A74A6D8D769B72F64390A329513A58DC.udd" 4318
"C:/Users/Murad/Documents/Unreal Projects/Peacekeeper_3D/Content/Mannequin/Animations/ThirdPersonRun.uasset" 4319
"C:/Users/Murad/Documents/Unreal Projects/Peacekeeper_3D/Content/Mannequin/Animations/ThirdPersonWalk.uasset" 4320
"C:/Users/Murad/Documents/Unreal Projects/Peacekeeper_3D/Content/Mannequin/Animations/ThirdPersonIdle.uasset" 4321
"C:/Users/Murad/Documents/Unreal Projects/Peacekeeper_3D/Content/Mannequin/Animations/ThirdPerson_IdleRun_2D.uasset" 4322
"C:/Users/Murad/AppData/Local/UnrealEngine/Common/DerivedDataCache/9/3/9/MATSM_0BA69734E4FD45E082FA4560DBE25454_PCD3D_SM5_8__BC5N_NOCCBN_NOIRIS_DEV_SL___7F549DEC09A654EE471165C8E1B12B30973550E5.udd" 4323
"C:/Users/Murad/Documents/Unreal Projects/Peacekeeper_3D/Content/Mannequin/Animations/ThirdPerson_AnimBP.uasset" 4324
"C:/Users/Murad/Documents/Unreal Projects/Peacekeeper_3D/Content/Mannequin/Animations/ThirdPersonJump_Start.uasset" 4325
"C:/Users/Murad/Documents/Unreal Projects/Peacekeeper_3D/Content/Mannequin/Animations/ThirdPersonJump_Loop.uasset" 4326
"C:/Users/Murad/Documents/Unreal Projects/Peacekeeper_3D/Content/Mannequin/Animations/ThirdPersonJump_End.uasset" 4327
"C:/Users/Murad/Documents/Unreal Projects/Peacekeeper_3D/Content/FPS_Weapon_Bundle/Weapons/Textures/RDS/T_RDS_03.uasset" 4328
"C:/Users/Murad/Documents/Unreal Projects/Peacekeeper_3D/Content/FPS_Weapon_Bundle/Weapons/Textures/RDS/T_RDS_02.uasset" 4329
"C:/Users/Murad/Documents/Unreal Projects/Peacekeeper_3D/Content/FPS_Weapon_Bundle/Weapons/Textures/Patterns/T_Wood_Marpat_Pattern.uasset" 4330
"C:/Users/Murad/Documents/Unreal Projects/Peacekeeper_3D/Content/FPS_Weapon_Bundle/Weapons/Textures/Patterns/T_W90_Pattern.uasset" 4331
"C:/Users/Murad/Documents/Unreal Projects/Peacekeeper_3D/Content/FPS_Weapon_Bundle/Weapons/Textures/Patterns/T_W90K_Pattern.uasset" 4332
"C:/Users/Murad/Documents/Unreal Projects/Peacekeeper_3D/Content/FPS_Weapon_Bundle/Weapons/Textures/Patterns/T_Urban_Marpat_Pattern.uasset" 4333
"C:/Users/Murad/Documents/Unreal Projects/Peacekeeper_3D/Content/FPS_Weapon_Bundle/Weapons/Textures/Patterns/T_Net01_Pattern.uasset" 4334
"C:/Users/Murad/Documents/Unreal Projects/Peacekeeper_3D/Content/FPS_Weapon_Bundle/Weapons/Textures/Patterns/T_LeafSpray_Pattern.uasset" 4335
"C:/Users/Murad/AppData/Local/UnrealEngine/Common/DerivedDataCache/8/0/4/ANIMSEQ_D0E639028BB74237AD0F9775C097BB85_0_F41B9E5BF55D450BC8092FB29973823960E__AD929913F0A2F2574D6A17D83764D9C32A73F400.udd" 4336
"C:/Users/Murad/Documents/Unreal Projects/Peacekeeper_3D/Content/FPS_Weapon_Bundle/Weapons/Textures/Patterns/T_Ink_Pattern.uasset" 4337
"C:/Users/Murad/Documents/Unreal Projects/Peacekeeper_3D/Content/FPS_Weapon_Bundle/Weapons/Textures/Patterns/T_Hexagon_Pattern.uasset" 4338
"C:/Users/Murad/Documents/Unreal Projects/Peacekeeper_3D/Content/FPS_Weapon_Bundle/Weapons/Textures/Patterns/T_Hexagon_Glow_Pattern.uasset" 4339
"C:/Users/Murad/Documents/Unreal Projects/Peacekeeper_3D/Content/FPS_Weapon_Bundle/Weapons/Textures/Patterns/T_Desert_Marpat_Pattern.uasset" 4340
"C:/Users/Murad/Documents/Unreal Projects/Peacekeeper_3D/Content/FPS_Weapon_Bundle/Weapons/Textures/Patterns/T_Cracks_Pattern.uasset" 4341
"C:/Users/Murad/Documents/Unreal Projects/Peacekeeper_3D/Content/FPS_Weapon_Bundle/Weapons/Textures/Patterns/T_Chochip_Pattern.uasset" 4342
"C:/Users/Murad/Documents/Unreal Projects/Peacekeeper_3D/Content/FPS_Weapon_Bundle/Weapons/Textures/Patterns/T_80s_Pattern.uasset" 4343
"C:/Users/Murad/AppData/Local/UnrealEngine/Common/DerivedDataCache/6/7/8/TEXTURE_E01F4250BECD420DA9CE63B5EECEC2C2_BGRA8_7684A9FF4893314EB69EC090C8A8F4E__1B6CE8D4222BFDB099F984F0856EF8A3429FA7D9.udd" 4344
"C:/Users/Murad/Documents/Unreal Projects/Peacekeeper_3D/Content/FPS_Weapon_Bundle/Weapons/Textures/KA_Val/T_KA_Val_Black_ALB.uasset" 4345
"C:/Users/Murad/AppData/Local/UnrealEngine/Common/DerivedDataCache/9/5/3/TEXTURE_E01F4250BECD420DA9CE63B5EECEC2C2_BGRA8_EF26D29E4F535C6A727371ABABF0E7D__C4B00041CD6596D8364BAABEF7DADEF0861FA5E3.udd" 4346
"C:/Users/Murad/Documents/Unreal Projects/Peacekeeper_3D/Content/FPS_Weapon_Bundle/Weapons/Textures/KA74U/T_KA74U_Gold_M_MSK.uasset" 4347
"C:/Users/Murad/AppData/Local/UnrealEngine/Common/DerivedDataCache/9/5/2/TEXTURE_E01F4250BECD420DA9CE63B5EECEC2C2_OODLE_AUTODXT_11_3999F474423A317FC92F__F37C71B43E8F5C0C0DA233F5C94B6A1F2A617F9C.udd" 4348
"C:/Users/Murad/AppData/Local/UnrealEngine/Common/DerivedDataCache/6/7/5/TEXTURE_E01F4250BECD420DA9CE63B5EECEC2C2_OODLE_AUTODXT_11_3999F474423A317FC92F__1583FC53427DE30911ADA767AA004685833E3F6C.udd" 4349
"C:/Users/Murad/AppData/Local/UnrealEngine/Common/DerivedDataCache/7/3/9/TEXTURE_E01F4250BECD420DA9CE63B5EECEC2C2_OODLE_AUTODXT_11_3999F474423A317FC92F__7F4C6D0B6946F86310DAEBA396A38EE789244D62.udd" 4350
"C:/Users/Murad/AppData/Local/UnrealEngine/Common/DerivedDataCache/8/8/6/TEXTURE_E01F4250BECD420DA9CE63B5EECEC2C2_OODLE_AUTODXT_11_3999F474423A317FC92F__CDC5ABC09C051EAC0E73EFAD8BCEA8DAD14D2DD9.udd" 4351
"C:/Users/Murad/Documents/Unreal Projects/Peacekeeper_3D/Content/FPS_Weapon_Bundle/Weapons/Textures/KA74U/T_KA74U_Gold_ALB.uasset" 4352
"C:/Users/Murad/AppData/Local/UnrealEngine/Common/DerivedDataCache/7/4/7/TEXTURE_E01F4250BECD420DA9CE63B5EECEC2C2_OODLE_AUTODXT_11_716BD067419756138593__BEF42D55EBE6769A0A6B2181CA35DFCF21D377EB.udd" 4353
"C:/Users/Murad/AppData/Local/UnrealEngine/Common/DerivedDataCache/4/1/4/TEXTURE_E01F4250BECD420DA9CE63B5EECEC2C2_OODLE_AUTODXT_11_716BD067419756138593__757D2BE075C0449B8082693B3E9708F162B14322.udd" 4354
"C:/Users/Murad/AppData/Local/UnrealEngine/Common/DerivedDataCache/0/9/8/TEXTURE_E01F4250BECD420DA9CE63B5EECEC2C2_OODLE_AUTODXT_11_716BD067419756138593__27D74B154C7A5D65D91354A4A42E01F79B981329.udd" 4355
"C:/Users/Murad/AppData/Local/UnrealEngine/Common/DerivedDataCache/9/4/0/TEXTURE_E01F4250BECD420DA9CE63B5EECEC2C2_OODLE_AUTODXT_11_716BD067419756138593__1E38E82AF69A1AED4041A0B79D4378FCA2C064B2.udd" 4356
"C:/Users/Murad/AppData/Local/UnrealEngine/Common/DerivedDataCache/0/1/6/TEXTURE_E01F4250BECD420DA9CE63B5EECEC2C2_OODLE_AUTODXT_11_716BD067419756138593__382C7F80B18EE6FA295D485A8A866A1C3E897D54.udd" 4357
"C:/Users/Murad/Documents/Unreal Projects/Peacekeeper_3D/Content/FPS_Weapon_Bundle/Weapons/Textures/KA47/T_KA47_Gold_M_MSK.uasset" 4358
"C:/Users/Murad/AppData/Local/UnrealEngine/Common/DerivedDataCache/9/7/0/TEXTURE_E01F4250BECD420DA9CE63B5EECEC2C2_OODLE_AUTODXT_11_2A2F8323430531EC0339__D4F37AD4FA5D5A94CB9DD919B9D64EC0349A9176.udd" 4359
"C:/Users/Murad/AppData/Local/UnrealEngine/Common/DerivedDataCache/3/6/4/TEXTURE_E01F4250BECD420DA9CE63B5EECEC2C2_OODLE_AUTODXT_11_2A2F8323430531EC0339__051203E352F6665E78046955D2ED600E7EDD52C8.udd" 4360
"C:/Users/Murad/AppData/Local/UnrealEngine/Common/DerivedDataCache/5/9/3/TEXTURE_E01F4250BECD420DA9CE63B5EECEC2C2_OODLE_AUTODXT_11_2A2F8323430531EC0339__B41C7256927FED1BF6D720CB5E9F19547A3351C2.udd" 4361
"C:/Users/Murad/AppData/Local/UnrealEngine/Common/DerivedDataCache/3/7/1/TEXTURE_E01F4250BECD420DA9CE63B5EECEC2C2_OODLE_AUTODXT_11_2A2F8323430531EC0339__316B97EBD97563700887BC63BF25547B522B8364.udd" 4362
"C:/Users/Murad/AppData/Local/UnrealEngine/Common/DerivedDataCache/7/4/5/TEXTURE_E01F4250BECD420DA9CE63B5EECEC2C2_OODLE_AUTODXT_11_2A2F8323430531EC0339__AB8408917A9839B3707DC878B459520C635A0F89.udd" 4363
"C:/Users/Murad/Documents/Unreal Projects/Peacekeeper_3D/Content/FPS_Weapon_Bundle/Weapons/Textures/KA47/T_KA47_Gold_ALB.uasset" 4364
"C:/Users/Murad/AppData/Local/UnrealEngine/Common/DerivedDataCache/7/8/0/TEXTURE_E01F4250BECD420DA9CE63B5EECEC2C2_OODLE_AUTODXT_11_D8D517B8434859A7525C__5257F38E94B6197C12DEC42E273ED1AC562BA544.udd" 4365
"C:/Users/Murad/AppData/Local/UnrealEngine/Common/DerivedDataCache/3/9/2/TEXTURE_E01F4250BECD420DA9CE63B5EECEC2C2_OODLE_AUTODXT_11_D8D517B8434859A7525C__27E91B6A2C2491656A2DF7BF07815ECC9E8C87ED.udd" 4366
"C:/Users/Murad/AppData/Local/UnrealEngine/Common/DerivedDataCache/3/7/0/TEXTURE_E01F4250BECD420DA9CE63B5EECEC2C2_OODLE_AUTODXT_11_D8D517B8434859A7525C__00BBEDB1BF60C3DA8A31D195F0E1FFADFF9CCDB5.udd" 4367
"C:/Users/Murad/AppData/Local/UnrealEngine/Common/DerivedDataCache/3/2/9/TEXTURE_E01F4250BECD420DA9CE63B5EECEC2C2_OODLE_AUTODXT_11_D8D517B8434859A7525C__5E731D3A37D37D07E11587AB832A40294E27D72E.udd" 4368
"C:/Users/Murad/Documents/Unreal Projects/Peacekeeper_3D/Content/FPS_Weapon_Bundle/Weapons/Meshes/SMG11/SM_SMG11_Y.uasset" 4369
"C:/Users/Murad/AppData/Local/UnrealEngine/Common/DerivedDataCache/0/8/2/TEXTURE_E01F4250BECD420DA9CE63B5EECEC2C2_OODLE_AUTODXT_11_21E85B0D40372CDF89D3__412DD3882ABFB23C588FABB5FCFD54B2D379D44E.udd" 4370
"C:/Users/Murad/AppData/Local/UnrealEngine/Common/DerivedDataCache/6/6/2/TEXTURE_E01F4250BECD420DA9CE63B5EECEC2C2_OODLE_AUTODXT_11_21E85B0D40372CDF89D3__976C2600058868AAEDA0746EA53A272F10E94738.udd" 4371
"C:/Users/Murad/AppData/Local/UnrealEngine/Common/DerivedDataCache/3/0/5/TEXTURE_E01F4250BECD420DA9CE63B5EECEC2C2_OODLE_AUTODXT_11_21E85B0D40372CDF89D3__BD5805448D0A1246FB4E190F75F0B9301E19C6F0.udd" 4372
"C:/Users/Murad/AppData/Local/UnrealEngine/Common/DerivedDataCache/0/3/0/TEXTURE_E01F4250BECD420DA9CE63B5EECEC2C2_OODLE_AUTODXT_11_21E85B0D40372CDF89D3__6F808CCEBFA37777EA13896DA8CBD842A2931962.udd" 4373
"C:/Users/Murad/AppData/Local/UnrealEngine/Common/DerivedDataCache/7/8/0/TEXTURE_E01F4250BECD420DA9CE63B5EECEC2C2_OODLE_AUTODXT_11_21E85B0D40372CDF89D3__8885D74AB9DF982EE1A98C13BA3E121DF03C86CF.udd" 4374
"C:/Users/Murad/Documents/Unreal Projects/Peacekeeper_3D/Content/FPS_Weapon_Bundle/Weapons/Meshes/SMG11/SM_SMG11_X.uasset" 4375
"C:/Users/Murad/AppData/Local/UnrealEngine/Common/DerivedDataCache/1/4/0/TEXTURE_E01F4250BECD420DA9CE63B5EECEC2C2_OODLE_AUTODXT_11_F006DDA04BD37DF164DB__D4C9FCC9A55FDF737D6CD74EF16BEAC9213F413E.udd" 4376
"C:/Users/Murad/AppData/Local/UnrealEngine/Common/DerivedDataCache/7/1/9/TEXTURE_E01F4250BECD420DA9CE63B5EECEC2C2_OODLE_AUTODXT_11_F006DDA04BD37DF164DB__DAC67AB181BF1ADBEFFBE7465B68859B62C470BE.udd" 4377
"C:/Users/Murad/AppData/Local/UnrealEngine/Common/DerivedDataCache/5/1/6/TEXTURE_E01F4250BECD420DA9CE63B5EECEC2C2_OODLE_AUTODXT_11_F006DDA04BD37DF164DB__986DE884494D7BDC95132BD4C1842195C17C0400.udd" 4378
"C:/Users/Murad/AppData/Local/UnrealEngine/Common/DerivedDataCache/1/5/0/TEXTURE_E01F4250BECD420DA9CE63B5EECEC2C2_OODLE_AUTODXT_11_F006DDA04BD37DF164DB__9D90DFACF89CFC7B922137773FA334F7E78B49EB.udd" 4379
"C:/Users/Murad/AppData/Local/UnrealEngine/Common/DerivedDataCache/5/9/8/TEXTURE_E01F4250BECD420DA9CE63B5EECEC2C2_OODLE_AUTODXT_11_F006DDA04BD37DF164DB__6A8B134DA73074932E54BCBC884A6A77DBB796DC.udd" 4380
"C:/Users/Murad/Documents/Unreal Projects/Peacekeeper_3D/Content/FPS_Weapon_Bundle/Weapons/Meshes/SMG11/SM_SMG11_Nostock_Y.uasset" 4381
"C:/Users/Murad/AppData/Local/UnrealEngine/Common/DerivedDataCache/3/8/6/TEXTURE_E01F4250BECD420DA9CE63B5EECEC2C2_OODLE_AUTODXT_11_EA05614F459F4C8A32EE__F9582CCCAAA1BBF655BCF023D9478062780A21F0.udd" 4382
"C:/Users/Murad/Documents/Unreal Projects/Peacekeeper_3D/Content/FPS_Weapon_Bundle/Weapons/Meshes/SMG11/SM_SMG11_Nostock_X.uasset" 4383
"C:/Users/Murad/AppData/Local/UnrealEngine/Common/DerivedDataCache/6/8/0/TEXTURE_E01F4250BECD420DA9CE63B5EECEC2C2_OODLE_AUTODXT_11_FEBEE1494CA825742645__5EEDD73960F5308BEEBBBF0E677DED217D2595FE.udd" 4384
"C:/Users/Murad/AppData/Local/UnrealEngine/Common/DerivedDataCache/8/0/3/TEXTURE_E01F4250BECD420DA9CE63B5EECEC2C2_OODLE_AUTODXT_11_FEBEE1494CA825742645__EE12837D86F51736898C531F918712AF159AF2A3.udd" 4385
"C:/Users/Murad/AppData/Local/UnrealEngine/Common/DerivedDataCache/9/6/2/TEXTURE_E01F4250BECD420DA9CE63B5EECEC2C2_OODLE_AUTODXT_11_FEBEE1494CA825742645__4FBF2048A1C0453DF6DE5AA7450B9BBAF4FA760D.udd" 4386
"C:/Users/Murad/AppData/Local/UnrealEngine/Common/DerivedDataCache/8/0/3/TEXTURE_E01F4250BECD420DA9CE63B5EECEC2C2_OODLE_AUTODXT_11_FEBEE1494CA825742645__81E8A44B5007DDC41F91A2A3B19627F1264CE338.udd" 4387
"C:/Users/Murad/AppData/Local/UnrealEngine/Common/DerivedDataCache/4/7/1/TEXTURE_E01F4250BECD420DA9CE63B5EECEC2C2_OODLE_AUTODXT_11_FEBEE1494CA825742645__D4B7F550368D32BDAF84D72718728E41A92594A7.udd" 4388
"C:/Users/Murad/Documents/Unreal Projects/Peacekeeper_3D/Content/FPS_Weapon_Bundle/Weapons/Meshes/SMG11/SM_SMG11_Mag_Empty_Y.uasset" 4389
"C:/Users/Murad/AppData/Local/UnrealEngine/Common/DerivedDataCache/3/4/6/TEXTURE_E01F4250BECD420DA9CE63B5EECEC2C2_OODLE_AUTODXT_11_E6E53EEA4667B95C5EC4__60224B8D88813E57D47337AABAC834880F8E0A6B.udd" 4390
"C:/Users/Murad/AppData/Local/UnrealEngine/Common/DerivedDataCache/1/9/0/TEXTURE_E01F4250BECD420DA9CE63B5EECEC2C2_OODLE_AUTODXT_11_E6E53EEA4667B95C5EC4__92BF5C07574878E1029B9B8AB6CDC4FF516154C5.udd" 4391
"C:/Users/Murad/AppData/Local/UnrealEngine/Common/DerivedDataCache/7/8/1/TEXTURE_E01F4250BECD420DA9CE63B5EECEC2C2_OODLE_AUTODXT_11_E6E53EEA4667B95C5EC4__4256F0895DE9DEE54569394A4644F9B0B1190F22.udd" 4392
"C:/Users/Murad/AppData/Local/UnrealEngine/Common/DerivedDataCache/3/7/6/TEXTURE_E01F4250BECD420DA9CE63B5EECEC2C2_OODLE_AUTODXT_11_E6E53EEA4667B95C5EC4__61DB6C95C96D225242E0119E44F533C024B69049.udd" 4393
"C:/Users/Murad/Documents/Unreal Projects/Peacekeeper_3D/Content/FPS_Weapon_Bundle/Weapons/Meshes/SMG11/SK_SMG11_X_Skeleton.uasset" 4394
"C:/Users/Murad/AppData/Local/UnrealEngine/Common/DerivedDataCache/9/2/4/TEXTURE_E01F4250BECD420DA9CE63B5EECEC2C2_OODLE_AUTODXT_11_E6E53EEA4667B95C5EC4__56958C8C803F1519E90DBCAE61393C7646E00C53.udd" 4395
"C:/Users/Murad/AppData/Local/UnrealEngine/Common/DerivedDataCache/1/3/3/TEXTURE_E01F4250BECD420DA9CE63B5EECEC2C2_OODLE_AUTODXT_11_8CACCA644117E3F946FD__7337CA863C6B2F3E609E0B14E8B9D0389344DA99.udd" 4396
"C:/Users/Murad/AppData/Local/UnrealEngine/Common/DerivedDataCache/0/5/3/TEXTURE_E01F4250BECD420DA9CE63B5EECEC2C2_OODLE_AUTODXT_11_8CACCA644117E3F946FD__D99D11438890DFD5354F1AB39B67301AB3DB358E.udd" 4397
"C:/Users/Murad/AppData/Local/UnrealEngine/Common/DerivedDataCache/7/3/2/TEXTURE_E01F4250BECD420DA9CE63B5EECEC2C2_OODLE_AUTODXT_11_8CACCA644117E3F946FD__DD10A932C7BD65DF8B23E54A87018FB006A4C0F1.udd" 4398
"C:/Users/Murad/AppData/Local/UnrealEngine/Common/DerivedDataCache/7/8/0/TEXTURE_E01F4250BECD420DA9CE63B5EECEC2C2_OODLE_AUTODXT_11_8CACCA644117E3F946FD__806E02239423F3E2490B2845DA2969CD30D72EF4.udd" 4399
"C:/Users/Murad/Documents/Unreal Projects/Peacekeeper_3D/Content/FPS_Weapon_Bundle/Weapons/Meshes/SMG11/SK_SMG11_X_Physics.uasset" 4400
"C:/Users/Murad/AppData/Local/UnrealEngine/Common/DerivedDataCache/6/9/8/TEXTURE_E01F4250BECD420DA9CE63B5EECEC2C2_OODLE_AUTODXT_11_A422280E4EF58E529778__642B98F41C93F80D067272BC597539177ADDD5E1.udd" 4401
"C:/Users/Murad/AppData/Local/UnrealEngine/Common/DerivedDataCache/5/9/7/TEXTURE_E01F4250BECD420DA9CE63B5EECEC2C2_OODLE_AUTODXT_11_A422280E4EF58E529778__03C644C98A4F3201015E5890253EE8E888B849FF.udd" 4402
"C:/Users/Murad/AppData/Local/UnrealEngine/Common/DerivedDataCache/2/5/5/TEXTURE_E01F4250BECD420DA9CE63B5EECEC2C2_OODLE_AUTODXT_11_A422280E4EF58E529778__A72F18E4344414A3C49531426E89E36112F1A7E3.udd" 4403
"C:/Users/Murad/AppData/Local/UnrealEngine/Common/DerivedDataCache/5/5/1/TEXTURE_E01F4250BECD420DA9CE63B5EECEC2C2_OODLE_AUTODXT_11_A422280E4EF58E529778__16ED1E769D55BA00EAFCF13FB7CA6C632A07984E.udd" 4404
"C:/Users/Murad/AppData/Local/UnrealEngine/Common/DerivedDataCache/4/0/3/TEXTURE_E01F4250BECD420DA9CE63B5EECEC2C2_OODLE_AUTODXT_11_A422280E4EF58E529778__8191DF0F3CC4A36896F6F590351BF32202DB92B1.udd" 4405
"C:/Users/Murad/Documents/Unreal Projects/Peacekeeper_3D/Content/FPS_Weapon_Bundle/Weapons/Meshes/SMG11/SK_SMG11_X.uasset" 4406
"C:/Users/Murad/AppData/Local/UnrealEngine/Common/DerivedDataCache/3/4/9/TEXTURE_E01F4250BECD420DA9CE63B5EECEC2C2_OODLE_AUTODXT_11_3824A9DF46DDDEFA8B96__E08EFBE5792CC8CE1909E061E78AD24B830195CF.udd" 4407
"C:/Users/Murad/AppData/Local/UnrealEngine/Common/DerivedDataCache/5/0/6/TEXTURE_E01F4250BECD420DA9CE63B5EECEC2C2_OODLE_AUTODXT_11_3824A9DF46DDDEFA8B96__480D1472DB861786E760DED93D70025B04EA88E3.udd" 4408
"C:/Users/Murad/AppData/Local/UnrealEngine/Common/DerivedDataCache/7/0/0/TEXTURE_E01F4250BECD420DA9CE63B5EECEC2C2_OODLE_AUTODXT_11_3824A9DF46DDDEFA8B96__F814FF152658DBDD69D053DB7834733A901518B0.udd" 4409
"C:/Users/Murad/AppData/Local/UnrealEngine/Common/DerivedDataCache/2/7/1/TEXTURE_E01F4250BECD420DA9CE63B5EECEC2C2_OODLE_AUTODXT_11_3824A9DF46DDDEFA8B96__2549EB6E839CF28695A0266F50D57A956D953287.udd" 4410
"C:/Users/Murad/AppData/Local/UnrealEngine/Common/DerivedDataCache/9/5/2/TEXTURE_E01F4250BECD420DA9CE63B5EECEC2C2_OODLE_AUTODXT_11_3824A9DF46DDDEFA8B96__4A00940431965F07699A815AF8C2BE073885D7DB.udd" 4411
"C:/Users/Murad/Documents/Unreal Projects/Peacekeeper_3D/Content/FPS_Weapon_Bundle/Weapons/Meshes/SMG11/SK_SMG11_Nostock_X_Skeleton.uasset" 4412
"C:/Users/Murad/AppData/Local/UnrealEngine/Common/DerivedDataCache/2/7/1/STATICMESH_9CE2B6FB46754B699726C4AA1515F12E_228332BAE0224DD294E232B87D83948FQU__D5BB2ABC94258D0E7FA009EECDD5B32A9161A460.udd" 4413
"C:/Users/Murad/AppData/Local/UnrealEngine/Common/DerivedDataCache/8/0/1/PHYSX_A08609EF508D460CBB6710540B03AACF_PHYSXPC_972452FC462A782C220CEAB166AE08A__2091CBAE185405C7D97BE74B06C9A86A84645FBB.udd" 4414
"C:/Users/Murad/AppData/Local/UnrealEngine/Common/DerivedDataCache/8/8/6/NAVCOLLISION_2983273BE5D6425391E8C0B3D1C0A55D_NAVCOLLISION_X_972452FC462A782C2__B04277F23A13FB3E5782BEDD476C8BC6EC8FB664.udd" 4415
"C:/Users/Murad/AppData/Local/UnrealEngine/Common/DerivedDataCache/8/2/6/TEXTURE_E01F4250BECD420DA9CE63B5EECEC2C2_OODLE_AUTODXT_11_FDBBD35E4485764E6F78__2E982813A5BA5814B833BC4CAD19DFD944216F2C.udd" 4416
"C:/Users/Murad/AppData/Local/UnrealEngine/Common/DerivedDataCache/5/5/4/TEXTURE_E01F4250BECD420DA9CE63B5EECEC2C2_OODLE_AUTODXT_11_FDBBD35E4485764E6F78__C02766A6D5080DC2D2E4014EB29E5AF8A06F3355.udd" 4417
"C:/Users/Murad/AppData/Local/UnrealEngine/Common/DerivedDataCache/6/8/1/TEXTURE_E01F4250BECD420DA9CE63B5EECEC2C2_OODLE_AUTODXT_11_FDBBD35E4485764E6F78__C6B1884586BCD5A7015E44BE7466E8824EF34EE4.udd" 4418
"C:/Users/Murad/AppData/Local/UnrealEngine/Common/DerivedDataCache/1/5/2/TEXTURE_E01F4250BECD420DA9CE63B5EECEC2C2_OODLE_AUTODXT_11_FDBBD35E4485764E6F78__C84CE8011282B569C93AEC4035C43CCBEA7C06DB.udd" 4419
"C:/Users/Murad/Documents/Unreal Projects/Peacekeeper_3D/Content/FPS_Weapon_Bundle/Weapons/Meshes/SMG11/SK_SMG11_Nostock_X_Physics.uasset" 4420
"C:/Users/Murad/AppData/Local/UnrealEngine/Common/DerivedDataCache/1/6/0/STATICMESH_9CE2B6FB46754B699726C4AA1515F12E_228332BAE0224DD294E232B87D83948FQU__3EA90CDD7BD1FB540D8A30C3B1827592B7EF403B.udd" 4421
"C:/Users/Murad/AppData/Local/UnrealEngine/Common/DerivedDataCache/4/9/2/PHYSX_A08609EF508D460CBB6710540B03AACF_PHYSXPC_C32CA28C4B717C0BF9686A94506B1E6__ACF0D53F24B876850AAE88A02DF8435AE5A28A61.udd" 4422
"C:/Users/Murad/AppData/Local/UnrealEngine/Common/DerivedDataCache/3/7/0/NAVCOLLISION_2983273BE5D6425391E8C0B3D1C0A55D_NAVCOLLISION_X_C32CA28C4B717C0BF__3BCB6A227A43FC3822FB3CBBE4258DFFE3D70CFC.udd" 4423
"C:/Users/Murad/AppData/Local/UnrealEngine/Common/DerivedDataCache/4/9/5/TEXTURE_E01F4250BECD420DA9CE63B5EECEC2C2_OODLE_AUTODXT_11_250103F24B92B5C1982B__2ADD27AB73D8B347481F2443C2398B0C7267FAEA.udd" 4424
"C:/Users/Murad/AppData/Local/UnrealEngine/Common/DerivedDataCache/8/6/2/TEXTURE_E01F4250BECD420DA9CE63B5EECEC2C2_OODLE_AUTODXT_11_250103F24B92B5C1982B__7378ABD24DC73ABC7DFC7BDF3D1BFC48B82ABE35.udd" 4425
"C:/Users/Murad/AppData/Local/UnrealEngine/Common/DerivedDataCache/8/1/6/TEXTURE_E01F4250BECD420DA9CE63B5EECEC2C2_OODLE_AUTODXT_11_250103F24B92B5C1982B__45EA9405D12AC45F26CF66E7E02DD26376AF7CA3.udd" 4426
"C:/Users/Murad/AppData/Local/UnrealEngine/Common/DerivedDataCache/7/2/6/TEXTURE_E01F4250BECD420DA9CE63B5EECEC2C2_OODLE_AUTODXT_11_250103F24B92B5C1982B__3A14B8C4A7B49D16EF013A98673755E2B0E350A7.udd" 4427
"C:/Users/Murad/AppData/Local/UnrealEngine/Common/DerivedDataCache/8/7/5/TEXTURE_E01F4250BECD420DA9CE63B5EECEC2C2_OODLE_AUTODXT_11_250103F24B92B5C1982B__A579756354EDAD943DDF09C0F00DB8123B7520B7.udd" 4428
"C:/Users/Murad/AppData/Local/UnrealEngine/Common/DerivedDataCache/6/5/2/TEXTURE_E01F4250BECD420DA9CE63B5EECEC2C2_OODLE_AUTODXT_11_250103F24B92B5C1982B__38118F1E65DE9BC0DBA78C8134197D2910DE4E44.udd" 4429
"C:/Users/Murad/Documents/Unreal Projects/Peacekeeper_3D/Content/FPS_Weapon_Bundle/Weapons/Meshes/SMG11/SK_SMG11_Nostock_X.uasset" 4430
"C:/Users/Murad/AppData/Local/UnrealEngine/Common/DerivedDataCache/7/2/8/STATICMESH_9CE2B6FB46754B699726C4AA1515F12E_228332BAE0224DD294E232B87D83948FQU__910FFBCD30ABA02817CB9A1AEE552DEF65FF91FE.udd" 4431
"C:/Users/Murad/AppData/Local/UnrealEngine/Common/DerivedDataCache/2/7/5/PHYSX_A08609EF508D460CBB6710540B03AACF_PHYSXPC_C8C323C8463FC436E059308B563D4A6__DFA2A24AFBD6FEE5AE2F93034782581F4DBD800C.udd" 4432
"C:/Users/Murad/AppData/Local/UnrealEngine/Common/DerivedDataCache/4/1/7/NAVCOLLISION_2983273BE5D6425391E8C0B3D1C0A55D_NAVCOLLISION_X_C8C323C8463FC436E__32B74DF3AAB783BF5340A1289B6C13228250242C.udd" 4433
"C:/Users/Murad/AppData/Local/UnrealEngine/Common/DerivedDataCache/5/4/3/TEXTURE_E01F4250BECD420DA9CE63B5EECEC2C2_OODLE_AUTODXT_11_1F4344A5439DAF78C61B__0D929D40E6CE02D446617A528BC8B9234CB4A27F.udd" 4434
"C:/Users/Murad/AppData/Local/UnrealEngine/Common/DerivedDataCache/6/1/4/TEXTURE_E01F4250BECD420DA9CE63B5EECEC2C2_OODLE_AUTODXT_11_1F4344A5439DAF78C61B__C0A4465F2BE12E09EA916A7E1CC928DF79FACBB5.udd" 4435
"C:/Users/Murad/AppData/Local/UnrealEngine/Common/DerivedDataCache/5/7/3/TEXTURE_E01F4250BECD420DA9CE63B5EECEC2C2_OODLE_AUTODXT_11_1F4344A5439DAF78C61B__7B40981B7CC9CC032F9EBFDB35AECDE4F19BD492.udd" 4436
"C:/Users/Murad/AppData/Local/UnrealEngine/Common/DerivedDataCache/0/2/3/TEXTURE_E01F4250BECD420DA9CE63B5EECEC2C2_OODLE_AUTODXT_11_1F4344A5439DAF78C61B__C6F827D587C3230AF0E1EBB5651C0EECB22DA862.udd" 4437
"C:/Users/Murad/AppData/Local/UnrealEngine/Common/DerivedDataCache/1/6/5/TEXTURE_E01F4250BECD420DA9CE63B5EECEC2C2_OODLE_AUTODXT_11_1F4344A5439DAF78C61B__557817F2BEEDFD3E344CEB0C6BB7AB1691D8C41B.udd" 4438
"C:/Users/Murad/AppData/Local/UnrealEngine/Common/DerivedDataCache/6/4/8/TEXTURE_E01F4250BECD420DA9CE63B5EECEC2C2_OODLE_AUTODXT_11_1F4344A5439DAF78C61B__C0EB4F9A9AE0729F9F485CCD30BB1A1B07D11350.udd" 4439
"C:/Users/Murad/Documents/Unreal Projects/Peacekeeper_3D/Content/FPS_Weapon_Bundle/Weapons/Meshes/M9_Knife/SM_M9_Knife_X.uasset" 4440
"C:/Users/Murad/AppData/Local/UnrealEngine/Common/DerivedDataCache/3/4/4/STATICMESH_9CE2B6FB46754B699726C4AA1515F12E_228332BAE0224DD294E232B87D83948FQU__DCF8452BD8E83600597A7780E3F57CA458942EFC.udd" 4441
"C:/Users/Murad/AppData/Local/UnrealEngine/Common/DerivedDataCache/6/0/4/PHYSX_A08609EF508D460CBB6710540B03AACF_PHYSXPC_0F0BDD994D42DD2E5EA190AA1DB6D42__6B2CDCD98B3B39C53C6F0B9CE9C78780C54D43D5.udd" 4442
"C:/Users/Murad/AppData/Local/UnrealEngine/Common/DerivedDataCache/1/2/5/NAVCOLLISION_2983273BE5D6425391E8C0B3D1C0A55D_NAVCOLLISION_X_0F0BDD994D42DD2E5__BC61D187A628FB19504E7300E7B39703D311169C.udd" 4443
"C:/Users/Murad/AppData/Local/UnrealEngine/Common/DerivedDataCache/8/7/4/TEXTURE_E01F4250BECD420DA9CE63B5EECEC2C2_OODLE_AUTODXT_11_0F2C1BAE4468ADCD471F__94634944965A556E3C6A0C225B1D023DBE99C48E.udd" 4444
"C:/Users/Murad/AppData/Local/UnrealEngine/Common/DerivedDataCache/1/5/6/TEXTURE_E01F4250BECD420DA9CE63B5EECEC2C2_OODLE_AUTODXT_11_0F2C1BAE4468ADCD471F__C6DB7BDF9B0E98151971BD4B78A170E095DF832C.udd" 4445
"C:/Users/Murad/AppData/Local/UnrealEngine/Common/DerivedDataCache/8/6/2/TEXTURE_E01F4250BECD420DA9CE63B5EECEC2C2_OODLE_AUTODXT_11_0F2C1BAE4468ADCD471F__78810C50D5238AE2D6AC25CD26C1FE850AA27FC3.udd" 4446
"C:/Users/Murad/AppData/Local/UnrealEngine/Common/DerivedDataCache/5/3/3/TEXTURE_E01F4250BECD420DA9CE63B5EECEC2C2_OODLE_AUTODXT_11_0F2C1BAE4468ADCD471F__34271786F2CAFEEBFC46E426849B721FF2E30FD9.udd" 4447
"C:/Users/Murad/AppData/Local/UnrealEngine/Common/DerivedDataCache/2/9/6/TEXTURE_E01F4250BECD420DA9CE63B5EECEC2C2_OODLE_AUTODXT_11_0F2C1BAE4468ADCD471F__5CEB833809021D8E09D295406B60653A08A1129B.udd" 4448
"C:/Users/Murad/AppData/Local/UnrealEngine/Common/DerivedDataCache/0/9/9/TEXTURE_E01F4250BECD420DA9CE63B5EECEC2C2_OODLE_AUTODXT_11_0F2C1BAE4468ADCD471F__A2B6BDE9037D7EE911BDEFCB2AC1087B7AAF777C.udd" 4449
"C:/Users/Murad/Documents/Unreal Projects/Peacekeeper_3D/Content/FPS_Weapon_Bundle/Weapons/Meshes/M9_Knife/SM_M9_Knife.uasset" 4450
"C:/Users/Murad/AppData/Local/UnrealEngine/Common/DerivedDataCache/7/4/6/STATICMESH_9CE2B6FB46754B699726C4AA1515F12E_228332BAE0224DD294E232B87D83948FQU__DC91263BF9785F964FE1B8EC87AFC501E3661A68.udd" 4451
"C:/Users/Murad/AppData/Local/UnrealEngine/Common/DerivedDataCache/3/8/5/PHYSX_A08609EF508D460CBB6710540B03AACF_PHYSXPC_18D8FBC747DC1684B902C9BCA82425A__02308EDBE9450D535CBC92B99EDE178EB8572AD3.udd" 4452
"C:/Users/Murad/AppData/Local/UnrealEngine/Common/DerivedDataCache/3/8/0/NAVCOLLISION_2983273BE5D6425391E8C0B3D1C0A55D_NAVCOLLISION_X_18D8FBC747DC1684B__256F616D480DA5E52B5667795C3EA5B67821DE26.udd" 4453
"C:/Users/Murad/AppData/Local/UnrealEngine/Common/DerivedDataCache/0/8/8/TEXTURE_E01F4250BECD420DA9CE63B5EECEC2C2_OODLE_AUTODXT_11_0663FBC64551009BB5F6__64D3BD5ACDC5752B4DAB5A80A2BE2698C68F936C.udd" 4454
"C:/Users/Murad/AppData/Local/UnrealEngine/Common/DerivedDataCache/6/9/8/TEXTURE_E01F4250BECD420DA9CE63B5EECEC2C2_OODLE_AUTODXT_11_0663FBC64551009BB5F6__EA3AD76EFC87E866BDD6407D59235286134ED8E4.udd" 4455
"C:/Users/Murad/AppData/Local/UnrealEngine/Common/DerivedDataCache/2/2/2/TEXTURE_E01F4250BECD420DA9CE63B5EECEC2C2_OODLE_AUTODXT_11_0663FBC64551009BB5F6__B8AC5DDBDD1D40C05D3606964FBD88C84AA51D2A.udd" 4456
"C:/Users/Murad/AppData/Local/UnrealEngine/Common/DerivedDataCache/5/4/7/TEXTURE_E01F4250BECD420DA9CE63B5EECEC2C2_OODLE_AUTODXT_11_0663FBC64551009BB5F6__948D11B29A6DE810674C92394B61883DC2A4436B.udd" 4457
"C:/Users/Murad/AppData/Local/UnrealEngine/Common/DerivedDataCache/0/7/9/TEXTURE_E01F4250BECD420DA9CE63B5EECEC2C2_OODLE_AUTODXT_11_0663FBC64551009BB5F6__AC471D9B39F2EC4472535BA4B9DFE788352FAED4.udd" 4458
"C:/Users/Murad/AppData/Local/UnrealEngine/Common/DerivedDataCache/4/1/5/TEXTURE_E01F4250BECD420DA9CE63B5EECEC2C2_OODLE_AUTODXT_11_0663FBC64551009BB5F6__3466ED9C6AA2692DDF0B3CE2247D28CBFA5C3D6F.udd" 4459
"C:/Users/Murad/Documents/Unreal Projects/Peacekeeper_3D/Content/FPS_Weapon_Bundle/Weapons/Meshes/M9_Knife/SK_M9_Knife_Skeleton.uasset" 4460
"C:/Users/Murad/AppData/Local/UnrealEngine/Common/DerivedDataCache/6/2/4/TEXTURE_E01F4250BECD420DA9CE63B5EECEC2C2_OODLE_AUTODXT_11_43AD3CA349FD9DFA805A__ACD35F25B29C509BDE1420DAA35E00E63CB2C731.udd" 4461
"C:/Users/Murad/AppData/Local/UnrealEngine/Common/DerivedDataCache/8/2/4/TEXTURE_E01F4250BECD420DA9CE63B5EECEC2C2_OODLE_AUTODXT_11_43AD3CA349FD9DFA805A__A144E5F91500CB7FFFE69620EC808445A55FF5A6.udd" 4462
"C:/Users/Murad/AppData/Local/UnrealEngine/Common/DerivedDataCache/7/5/7/TEXTURE_E01F4250BECD420DA9CE63B5EECEC2C2_OODLE_AUTODXT_11_43AD3CA349FD9DFA805A__8DBA40245F469485FD0ED8B7CD2C6E725418A183.udd" 4463
"C:/Users/Murad/AppData/Local/UnrealEngine/Common/DerivedDataCache/3/4/5/TEXTURE_E01F4250BECD420DA9CE63B5EECEC2C2_OODLE_AUTODXT_11_43AD3CA349FD9DFA805A__BF39A35730C4735447206FDDF439B1E94E1AB8D9.udd" 4464
"C:/Users/Murad/AppData/Local/UnrealEngine/Common/DerivedDataCache/5/4/7/TEXTURE_E01F4250BECD420DA9CE63B5EECEC2C2_OODLE_AUTODXT_11_43AD3CA349FD9DFA805A__3E27C8EE375CDC41A9E63EB309F655CD3A67C9FC.udd" 4465
"C:/Users/Murad/AppData/Local/UnrealEngine/Common/DerivedDataCache/3/7/9/TEXTURE_E01F4250BECD420DA9CE63B5EECEC2C2_OODLE_AUTODXT_11_43AD3CA349FD9DFA805A__BB3FF1EA7403D6EA93091B0E9919236A14D77936.udd" 4466
"C:/Users/Murad/Documents/Unreal Projects/Peacekeeper_3D/Content/FPS_Weapon_Bundle/Weapons/Meshes/M9_Knife/SK_M9_Knife_Physics.uasset" 4467
"C:/Users/Murad/Documents/Unreal Projects/Peacekeeper_3D/Content/FPS_Weapon_Bundle/Weapons/Meshes/M9_Knife/SK_M9_Knife.uasset" 4468
"C:/Users/Murad/AppData/Local/UnrealEngine/Common/DerivedDataCache/3/8/8/SKELETALMESH_91550326BADA436B92C8BF16C910465C_D3BEAE25DC620D83190150F88932AE45__949D005660A62AC47D3649383A237BD02F1C4183.udd" 4469
"C:/Users/Murad/Documents/Unreal Projects/Peacekeeper_3D/Content/FPS_Weapon_Bundle/Weapons/Meshes/KA_Val/SM_KA_Val_X.uasset" 4470
"C:/Users/Murad/Documents/Unreal Projects/Peacekeeper_3D/Content/FPS_Weapon_Bundle/Weapons/Meshes/KA_Val/SM_KA_Val_Mag_X.uasset" 4471
"C:/Users/Murad/Documents/Unreal Projects/Peacekeeper_3D/Content/FPS_Weapon_Bundle/Weapons/Meshes/KA_Val/SK_KA_Val_X_Skeleton.uasset" 4472
"C:/Users/Murad/AppData/Local/UnrealEngine/Common/DerivedDataCache/1/0/7/SKELETALMESH_91550326BADA436B92C8BF16C910465C_8C6723BD823D93B228DCBDC76C6C2A7C__9A9320DB3ECE014439EC6990AEFA984661B6780C.udd" 4473
"C:/Users/Murad/Documents/Unreal Projects/Peacekeeper_3D/Content/FPS_Weapon_Bundle/Weapons/Meshes/KA_Val/SK_KA_Val_X_Physics.uasset" 4474
"C:/Users/Murad/AppData/Local/UnrealEngine/Common/DerivedDataCache/5/4/3/STATICMESH_9CE2B6FB46754B699726C4AA1515F12E_228332BAE0224DD294E232B87D83948FQU__B105CB4147FCB008DF37B3D810B1A34DB091B307.udd" 4475
"C:/Users/Murad/AppData/Local/UnrealEngine/Common/DerivedDataCache/9/6/3/PHYSX_A08609EF508D460CBB6710540B03AACF_PHYSXPC_AA78F00846AE3F0FDD8778AA59521A1__F234B82371D7B841738DF5144A4F9B82F1AE37BE.udd" 4476
"C:/Users/Murad/AppData/Local/UnrealEngine/Common/DerivedDataCache/1/8/3/NAVCOLLISION_2983273BE5D6425391E8C0B3D1C0A55D_NAVCOLLISION_X_AA78F00846AE3F0FD__8090AC655C93B75416127D25A89DF87BD59FB4BB.udd" 4477
"C:/Users/Murad/Documents/Unreal Projects/Peacekeeper_3D/Content/FPS_Weapon_Bundle/Weapons/Meshes/KA_Val/SK_KA_Val_X.uasset" 4478
"C:/Users/Murad/AppData/Local/UnrealEngine/Common/DerivedDataCache/9/2/1/STATICMESH_9CE2B6FB46754B699726C4AA1515F12E_228332BAE0224DD294E232B87D83948FQU__1745ADE52F9B793E19123AD0883376A5E79F1D7E.udd" 4479
"C:/Users/Murad/AppData/Local/UnrealEngine/Common/DerivedDataCache/7/0/2/PHYSX_A08609EF508D460CBB6710540B03AACF_PHYSXPC_E8D406BD488BD5B497ADBD976B4AE38__F03B887A1920630D84591872DC6411B45D93DF26.udd" 4480
"C:/Users/Murad/AppData/Local/UnrealEngine/Common/DerivedDataCache/0/4/8/NAVCOLLISION_2983273BE5D6425391E8C0B3D1C0A55D_NAVCOLLISION_X_E8D406BD488BD5B49__2F7D6603AD8B9AFB357A55E823E5BEE5FCB8DCA0.udd" 4481
"C:/Users/Murad/Documents/Unreal Projects/Peacekeeper_3D/Content/FPS_Weapon_Bundle/Weapons/Meshes/KA74U/SM_KA74U_X.uasset" 4482
"C:/Users/Murad/AppData/Local/UnrealEngine/Common/DerivedDataCache/6/0/4/SKELETALMESH_91550326BADA436B92C8BF16C910465C_D3BEAE25DC620D83190150F88932AE45__709F5AC4B0025F561AE61307E0A53D708EB7F9EB.udd" 4483
"C:/Users/Murad/Documents/Unreal Projects/Peacekeeper_3D/Content/FPS_Weapon_Bundle/Weapons/Meshes/KA74U/SM_KA74U_Mag_Y.uasset" 4484
"C:/Users/Murad/Documents/Unreal Projects/Peacekeeper_3D/Content/FPS_Weapon_Bundle/Weapons/Meshes/KA74U/SM_KA74U_Mag_Empty_Y.uasset" 4485
"C:/Users/Murad/AppData/Local/UnrealEngine/Common/DerivedDataCache/1/0/6/SKELETALMESH_91550326BADA436B92C8BF16C910465C_A1E2BF2282ADF4BAEBD9408C43D3BD83__D332846036C5ECDF1149439E7FCC56623628A36F.udd" 4486
"C:/Users/Murad/Documents/Unreal Projects/Peacekeeper_3D/Content/FPS_Weapon_Bundle/Weapons/Meshes/KA74U/SK_KA74U_X_Skeleton.uasset" 4487
"C:/Users/Murad/AppData/Local/UnrealEngine/Common/DerivedDataCache/5/6/4/STATICMESH_9CE2B6FB46754B699726C4AA1515F12E_228332BAE0224DD294E232B87D83948FQU__DD6EBF7E038DD7B0C75EF60E95D410D03C4AF536.udd" 4488
"C:/Users/Murad/AppData/Local/UnrealEngine/Common/DerivedDataCache/1/3/7/PHYSX_A08609EF508D460CBB6710540B03AACF_PHYSXPC_FFB9BBA64593EE40B9C634B00B20807__46536F4EA7A45B44172BEED0884F866D713BF99E.udd" 4489
"C:/Users/Murad/AppData/Local/UnrealEngine/Common/DerivedDataCache/2/1/6/NAVCOLLISION_2983273BE5D6425391E8C0B3D1C0A55D_NAVCOLLISION_X_FFB9BBA64593EE40B__F7C9EAA6F4ECC315263038E00D9084B7574B1546.udd" 4490
"C:/Users/Murad/AppData/Local/UnrealEngine/Common/DerivedDataCache/1/0/1/SKELETALMESH_91550326BADA436B92C8BF16C910465C_8C6723BD823D93B228DCBDC76C6C2A7C__622590F593DBCB928E21B412C4F97C4E428E3D8C.udd" 4491
"C:/Users/Murad/Documents/Unreal Projects/Peacekeeper_3D/Content/FPS_Weapon_Bundle/Weapons/Meshes/KA74U/SK_KA74U_X_Physics.uasset" 4492
"C:/Users/Murad/AppData/Local/UnrealEngine/Common/DerivedDataCache/3/5/3/STATICMESH_9CE2B6FB46754B699726C4AA1515F12E_228332BAE0224DD294E232B87D83948FQU__437A4F3C5EB73BAA83505ACDE166FFEF193D7D83.udd" 4493
"C:/Users/Murad/AppData/Local/UnrealEngine/Common/DerivedDataCache/0/9/4/PHYSX_A08609EF508D460CBB6710540B03AACF_PHYSXPC_338A5D0C49DE39A0FE7A659B7FF9913__2F10D9FDC81E1F90B510E6D4DB340229B90F0D53.udd" 4494
"C:/Users/Murad/AppData/Local/UnrealEngine/Common/DerivedDataCache/4/9/8/NAVCOLLISION_2983273BE5D6425391E8C0B3D1C0A55D_NAVCOLLISION_X_338A5D0C49DE39A0F__0D4A0CFCA8EA03ABDACF41433BFF07240CA2E991.udd" 4495
"C:/Users/Murad/Documents/Unreal Projects/Peacekeeper_3D/Content/FPS_Weapon_Bundle/Weapons/Meshes/KA74U/SK_KA74U_X.uasset" 4496
"C:/Users/Murad/Documents/Unreal Projects/Peacekeeper_3D/Content/FPS_Weapon_Bundle/Weapons/Meshes/Ka47/SM_KA47_X.uasset" 4497
"C:/Users/Murad/Documents/Unreal Projects/Peacekeeper_3D/Content/FPS_Weapon_Bundle/Weapons/Meshes/Ka47/SK_KA47_X_Skeleton.uasset" 4498
"C:/Users/Murad/AppData/Local/UnrealEngine/Common/DerivedDataCache/5/7/1/SKELETALMESH_91550326BADA436B92C8BF16C910465C_ACB128D6D07E323B798F47F87CED8363__A312C04873033DFDFD8AC89902996B3ED02E2591.udd" 4499
"C:/Users/Murad/Documents/Unreal Projects/Peacekeeper_3D/Content/FPS_Weapon_Bundle/Weapons/Meshes/Ka47/SK_KA47_X_Physics.uasset" 4500
"C:/Users/Murad/AppData/Local/UnrealEngine/Common/DerivedDataCache/1/4/1/STATICMESH_9CE2B6FB46754B699726C4AA1515F12E_228332BAE0224DD294E232B87D83948FQU__76DA4DD0C0B4E92702D8649ECDB2F4CFB6E6A7AD.udd" 4501
"C:/Users/Murad/AppData/Local/UnrealEngine/Common/DerivedDataCache/8/9/6/PHYSX_A08609EF508D460CBB6710540B03AACF_PHYSXPC_4121688A44628BE18FA9E2BC876955B__35EE03EE0CF204EF55A97712A827CEFDC5795A84.udd" 4502
"C:/Users/Murad/AppData/Local/UnrealEngine/Common/DerivedDataCache/8/9/5/NAVCOLLISION_2983273BE5D6425391E8C0B3D1C0A55D_NAVCOLLISION_X_4121688A44628BE18__0AEB8216CC7A8C9FE40CA628F0929F12DA51B513.udd" 4503
"C:/Users/Murad/AppData/Local/UnrealEngine/Common/DerivedDataCache/8/5/8/SKELETALMESH_91550326BADA436B92C8BF16C910465C_A1E2BF2282ADF4BAEBD9408C43D3BD83__812A57BDB75AA9751C697FF030BF64452D575ADD.udd" 4504
"C:/Users/Murad/Documents/Unreal Projects/Peacekeeper_3D/Content/FPS_Weapon_Bundle/Weapons/Meshes/Ka47/SK_KA47_X.uasset" 4505
"C:/Users/Murad/AppData/Local/UnrealEngine/Common/DerivedDataCache/6/0/3/STATICMESH_9CE2B6FB46754B699726C4AA1515F12E_228332BAE0224DD294E232B87D83948FQU__95F19C597BDBF28A1198D81B43E47106038A329E.udd" 4506
"C:/Users/Murad/AppData/Local/UnrealEngine/Common/DerivedDataCache/6/6/7/PHYSX_A08609EF508D460CBB6710540B03AACF_PHYSXPC_90C810024EECFB7A35D29BB38B10B03__6D6ED24C9D107DE963E59A014093CBE1C57D2200.udd" 4507
"C:/Users/Murad/AppData/Local/UnrealEngine/Common/DerivedDataCache/3/0/1/NAVCOLLISION_2983273BE5D6425391E8C0B3D1C0A55D_NAVCOLLISION_X_90C810024EECFB7A3__C64033C897BA2E26F5974499ECA9945BA0F69708.udd" 4508
"C:/Users/Murad/Documents/Unreal Projects/Peacekeeper_3D/Content/FPS_Weapon_Bundle/Weapons/Meshes/G67_Grenade/SM_G67_X.uasset" 4509
"C:/Users/Murad/AppData/Local/UnrealEngine/Common/DerivedDataCache/0/1/9/STATICMESH_9CE2B6FB46754B699726C4AA1515F12E_228332BAE0224DD294E232B87D83948FQU__2A97DC59CBAF54F9D90BF3C4B5C958EB2F267295.udd" 4510
"C:/Users/Murad/AppData/Local/UnrealEngine/Common/DerivedDataCache/4/3/4/PHYSX_A08609EF508D460CBB6710540B03AACF_PHYSXPC_C28E1792493EAFF5DA35A2845FB2AF9__EA1E106111EE4DA5E93935AE8E744492108B24B8.udd" 4511
"C:/Users/Murad/AppData/Local/UnrealEngine/Common/DerivedDataCache/2/7/4/NAVCOLLISION_2983273BE5D6425391E8C0B3D1C0A55D_NAVCOLLISION_X_C28E1792493EAFF5D__56C4B6790FEBD1FFF5E0141CFDB915BFF6F5AB9C.udd" 4512
"C:/Users/Murad/Documents/Unreal Projects/Peacekeeper_3D/Content/FPS_Weapon_Bundle/Weapons/Meshes/G67_Grenade/SM_G67_Thrown.uasset" 4513
"C:/Users/Murad/Documents/Unreal Projects/Peacekeeper_3D/Content/FPS_Weapon_Bundle/Weapons/Meshes/G67_Grenade/SM_G67.uasset" 4514
"C:/Users/Murad/Documents/Unreal Projects/Peacekeeper_3D/Content/FPS_Weapon_Bundle/Weapons/Meshes/G67_Grenade/SK_G67_Skeleton.uasset" 4515
"C:/Users/Murad/AppData/Local/UnrealEngine/Common/DerivedDataCache/8/4/1/SKELETALMESH_91550326BADA436B92C8BF16C910465C_E5692ED9F3762C191334D2342CAB28FE__1A2F90F1845596FA1C0C6F2FC4FC9CFA2EF6C4A1.udd" 4516
"C:/Users/Murad/AppData/Local/UnrealEngine/Common/DerivedDataCache/1/6/0/SKELETALMESH_91550326BADA436B92C8BF16C910465C_ACB128D6D07E323B798F47F87CED8363__1269811E1219109319BEDECB49E5609167417273.udd" 4517
"C:/Users/Murad/Documents/Unreal Projects/Peacekeeper_3D/Content/FPS_Weapon_Bundle/Weapons/Meshes/G67_Grenade/SK_G67_Physics.uasset" 4518
"C:/Users/Murad/AppData/Local/UnrealEngine/Common/DerivedDataCache/5/7/4/STATICMESH_9CE2B6FB46754B699726C4AA1515F12E_228332BAE0224DD294E232B87D83948FQU__B8FAD8BA766B6B696FE4BDDA06A82ED89C76CF02.udd" 4519
"C:/Users/Murad/AppData/Local/UnrealEngine/Common/DerivedDataCache/6/3/1/PHYSX_A08609EF508D460CBB6710540B03AACF_PHYSXPC_F90E37864D1252889F8233B31D9A16C__04E16AA0CB54DBF64E7BC4FEAA028AF0461D1138.udd" 4520
"C:/Users/Murad/AppData/Local/UnrealEngine/Common/DerivedDataCache/1/5/9/NAVCOLLISION_2983273BE5D6425391E8C0B3D1C0A55D_NAVCOLLISION_X_F90E37864D1252889__7F276C1D9BA98F6C02C89BD561250AB38EFC9283.udd" 4521
"C:/Users/Murad/Documents/Unreal Projects/Peacekeeper_3D/Content/FPS_Weapon_Bundle/Weapons/Meshes/G67_Grenade/SK_G67.uasset" 4522
"C:/Users/Murad/Documents/Unreal Projects/Peacekeeper_3D/Content/FPS_Weapon_Bundle/Weapons/Meshes/AR4/SM_AR4_X.uasset" 4523
"C:/Users/Murad/Documents/Unreal Projects/Peacekeeper_3D/Content/FPS_Weapon_Bundle/Weapons/Meshes/AR4/SM_AR4.uasset" 4524
"C:/Users/Murad/AppData/Local/UnrealEngine/Common/DerivedDataCache/3/2/9/SKELETALMESH_91550326BADA436B92C8BF16C910465C_2684EB514CDF452D09B6390563227068__A284762F2A7A7910543382BFC51CAAE1AD359BD9.udd" 4525
"C:/Users/Murad/Documents/Unreal Projects/Peacekeeper_3D/Content/FPS_Weapon_Bundle/Weapons/Meshes/AR4/SK_AR4_X_Skeleton.uasset" 4526
"C:/Users/Murad/AppData/Local/UnrealEngine/Common/DerivedDataCache/0/5/4/STATICMESH_9CE2B6FB46754B699726C4AA1515F12E_228332BAE0224DD294E232B87D83948FQU__EAD25D2273C1338C13C65ED0E5CE7FF0E8057720.udd" 4527
"C:/Users/Murad/AppData/Local/UnrealEngine/Common/DerivedDataCache/9/1/7/PHYSX_A08609EF508D460CBB6710540B03AACF_PHYSXPC_D929523D4B0B2F2F2709AA8DA77E090__8CBF521F74831400169796CBC322FB6DE079B895.udd" 4528
"C:/Users/Murad/AppData/Local/UnrealEngine/Common/DerivedDataCache/8/3/4/NAVCOLLISION_2983273BE5D6425391E8C0B3D1C0A55D_NAVCOLLISION_X_D929523D4B0B2F2F2__70809162B859724A2BFE5B03489D835103EDD482.udd" 4529
"C:/Users/Murad/Documents/Unreal Projects/Peacekeeper_3D/Content/FPS_Weapon_Bundle/Weapons/Meshes/AR4/SK_AR4_X_Physics.uasset" 4530
"C:/Users/Murad/AppData/Local/UnrealEngine/Common/DerivedDataCache/7/0/7/STATICMESH_9CE2B6FB46754B699726C4AA1515F12E_228332BAE0224DD294E232B87D83948FQU__D0E10CE89B9072A7C59F647EB597BC85CDB5CAEA.udd" 4531
"C:/Users/Murad/AppData/Local/UnrealEngine/Common/DerivedDataCache/2/3/1/SKELETALMESH_91550326BADA436B92C8BF16C910465C_E5692ED9F3762C191334D2342CAB28FE__3198AA9E04B5E0DE5C1D29569DD89502D5EBF97A.udd" 4532
"C:/Users/Murad/Documents/Unreal Projects/Peacekeeper_3D/Content/FPS_Weapon_Bundle/Weapons/Meshes/AR4/SK_AR4_X.uasset" 4533
"C:/Users/Murad/AppData/Local/UnrealEngine/Common/DerivedDataCache/5/9/0/STATICMESH_9CE2B6FB46754B699726C4AA1515F12E_228332BAE0224DD294E232B87D83948FQU__8DC7B342E5B0CC83E64B8E7F6CBEED244E6072D4.udd" 4534
"C:/Users/Murad/AppData/Local/UnrealEngine/Common/DerivedDataCache/4/9/0/PHYSX_A08609EF508D460CBB6710540B03AACF_PHYSXPC_EDDD5BED4C4E1AC3AFCCBF8D3D48345__6A8ECEDB06B6CAAB4373640A716658E62B1FC360.udd" 4535
"C:/Users/Murad/AppData/Local/UnrealEngine/Common/DerivedDataCache/0/4/7/NAVCOLLISION_2983273BE5D6425391E8C0B3D1C0A55D_NAVCOLLISION_X_EDDD5BED4C4E1AC3A__6718A9BE8CA351780F7976BE673E477F7BE674C2.udd" 4536
"C:/Users/Murad/Documents/Unreal Projects/Peacekeeper_3D/Content/FPS_Weapon_Bundle/Weapons/Meshes/Accessories/SM_Scope_25x56_X.uasset" 4537
"C:/Users/Murad/Documents/Unreal Projects/Peacekeeper_3D/Content/FPS_Weapon_Bundle/Weapons/Materials/SMG11/M_SMG11_Color.uasset" 4538
"C:/Users/Murad/Documents/Unreal Projects/Peacekeeper_3D/Content/FPS_Weapon_Bundle/Weapons/Materials/SMG11/M_SMG11_Camo.uasset" 4539
"C:/Users/Murad/AppData/Local/UnrealEngine/Common/DerivedDataCache/5/8/5/SKELETALMESH_91550326BADA436B92C8BF16C910465C_552B2AFADBFE44D1A1AB1A2207572B22__6403A76D218681D27BCFC1F24C2EA2043ADB145C.udd" 4540
"C:/Users/Murad/AppData/Local/UnrealEngine/Common/DerivedDataCache/6/8/9/SKELETALMESH_91550326BADA436B92C8BF16C910465C_2684EB514CDF452D09B6390563227068__51BC9B1A6124215E18254B416DD3A2B9308E269C.udd" 4541
"C:/Users/Murad/Documents/Unreal Projects/Peacekeeper_3D/Content/FPS_Weapon_Bundle/Weapons/Materials/RDS/M_RDS_03.uasset" 4542
"C:/Users/Murad/AppData/Local/UnrealEngine/Common/DerivedDataCache/8/6/3/STATICMESH_9CE2B6FB46754B699726C4AA1515F12E_228332BAE0224DD294E232B87D83948FQU__FA614403036213E0BD71F8BA6968948DF8785FC7.udd" 4543
"C:/Users/Murad/AppData/Local/UnrealEngine/Common/DerivedDataCache/2/1/3/PHYSX_A08609EF508D460CBB6710540B03AACF_PHYSXPC_5483A8DF41595CEC03FCD7BB1E13E17__2C4E36A4041C62AD607FDB368C95F1D164C0B5F5.udd" 4544
"C:/Users/Murad/AppData/Local/UnrealEngine/Common/DerivedDataCache/4/5/2/NAVCOLLISION_2983273BE5D6425391E8C0B3D1C0A55D_NAVCOLLISION_X_5483A8DF41595CEC0__C39D7DBE38493C86A79C6DC44B7F27349D0A8BE5.udd" 4545
"C:/Users/Murad/Documents/Unreal Projects/Peacekeeper_3D/Content/FPS_Weapon_Bundle/Weapons/Materials/RDS/M_RDS_02.uasset" 4546
"C:/Users/Murad/AppData/Local/UnrealEngine/Common/DerivedDataCache/7/4/5/STATICMESH_9CE2B6FB46754B699726C4AA1515F12E_228332BAE0224DD294E232B87D83948FQU__BAF060978A7D5A66BA9293F90F10399591E99484.udd" 4547
"C:/Users/Murad/AppData/Local/UnrealEngine/Common/DerivedDataCache/2/2/8/PHYSX_A08609EF508D460CBB6710540B03AACF_PHYSXPC_1123C3C1406A6C8789C3F49E7EB60C0__6EB536B88C641BCE13FDF62C8C2E03C603DECB9C.udd" 4548
"C:/Users/Murad/AppData/Local/UnrealEngine/Common/DerivedDataCache/2/8/3/NAVCOLLISION_2983273BE5D6425391E8C0B3D1C0A55D_NAVCOLLISION_X_1123C3C1406A6C878__BE1FE7EF8F4DE8C02AC56C2DC96345FCEFDBD99A.udd" 4549
"C:/Users/Murad/AppData/Local/UnrealEngine/Common/DerivedDataCache/6/1/9/PHYSX_A08609EF508D460CBB6710540B03AACF_PHYSXPC_43C7BE9A4D9375E1D16120AB9CEB4D0__6359948A2792AE1A3C693ED2C03A8BF5E4386701.udd" 4550
"C:/Users/Murad/Documents/Unreal Projects/Peacekeeper_3D/Content/FPS_Weapon_Bundle/Weapons/Materials/KA_Val/M_KA_Val_Black.uasset" 4551
"C:/Users/Murad/Documents/Unreal Projects/Peacekeeper_3D/Content/FPS_Weapon_Bundle/Weapons/Materials/KA_Val/M_KA_Val_Black_Striped.uasset" 4552
"C:/Users/Murad/Documents/Unreal Projects/Peacekeeper_3D/Content/FPS_Weapon_Bundle/Weapons/Materials/KA_Val/M_KA_Val_Black_Camo.uasset" 4553
"C:/Users/Murad/AppData/Local/UnrealEngine/Common/DerivedDataCache/8/7/8/SKELETALMESH_91550326BADA436B92C8BF16C910465C_0AA3567EAD5731DB5DC863CF23013459__59C45164665EDB6B49314953ED853A6C6031A55D.udd" 4554
"C:/Users/Murad/Documents/Unreal Projects/Peacekeeper_3D/Content/FPS_Weapon_Bundle/Weapons/Materials/KA74U/M_KA74U_LeafSpray.uasset" 4555
"C:/Users/Murad/AppData/Local/UnrealEngine/Common/DerivedDataCache/4/8/1/STATICMESH_9CE2B6FB46754B699726C4AA1515F12E_228332BAE0224DD294E232B87D83948FQU__94F3AD6DB96BD6AAAA5B83A024B6FF5E02692054.udd" 4556
"C:/Users/Murad/AppData/Local/UnrealEngine/Common/DerivedDataCache/6/3/6/PHYSX_A08609EF508D460CBB6710540B03AACF_PHYSXPC_D0ADF93F4C7B99A0969D3A9EFEA362A__326C66E8A7C2D74F0A3A4ADDBEEF4CCC2254B312.udd" 4557
"C:/Users/Murad/AppData/Local/UnrealEngine/Common/DerivedDataCache/7/4/5/NAVCOLLISION_2983273BE5D6425391E8C0B3D1C0A55D_NAVCOLLISION_X_D0ADF93F4C7B99A09__A8AE532FE31E38EC9EB4A5852E46A1D8ABA6A4FF.udd" 4558
"C:/Users/Murad/AppData/Local/UnrealEngine/Common/DerivedDataCache/1/7/8/SKELETALMESH_91550326BADA436B92C8BF16C910465C_552B2AFADBFE44D1A1AB1A2207572B22__2593BE89FFBE26EB58D0521872E44E745F5AF7EF.udd" 4559
"C:/Users/Murad/Documents/Unreal Projects/Peacekeeper_3D/Content/FPS_Weapon_Bundle/Weapons/Materials/KA74U/M_KA74U_Gold.uasset" 4560
"C:/Users/Murad/AppData/Local/UnrealEngine/Common/DerivedDataCache/6/8/6/MATSM_0BA69734E4FD45E082FA4560DBE25454_PCD3D_SM5_8__BC5N_NOCCBN_NOIRIS_DEV_SL___5204325EF470D738FB7D6950A9023B24D3CE68F3.udd" 4561
"C:/Users/Murad/Documents/Unreal Projects/Peacekeeper_3D/Content/FPS_Weapon_Bundle/Weapons/Materials/Ka47/M_KA47_Pattern.uasset" 4562
"C:/Users/Murad/AppData/Local/UnrealEngine/Common/DerivedDataCache/2/9/1/MATSM_0BA69734E4FD45E082FA4560DBE25454_PCD3D_SM5_8__BC5N_NOCCBN_NOIRIS_DEV_SL___2E40C4C5C29A79810A64FE877926D05B82186A6B.udd" 4563
"C:/Users/Murad/Documents/Unreal Projects/Peacekeeper_3D/Content/FPS_Weapon_Bundle/Weapons/Materials/Ka47/M_KA47_Gold.uasset" 4564
"C:/Users/Murad/Documents/Unreal Projects/Peacekeeper_3D/Content/FPS_Weapon_Bundle/Weapons/Materials/AR4/M_AR4_Pattern.uasset" 4565
"C:/Users/Murad/Documents/Unreal Projects/Peacekeeper_3D/Content/FPS_Weapon_Bundle/Weapons/Materials/Accessories/M_V_Grip_Green.uasset" 4566
"C:/Users/Murad/AppData/Local/UnrealEngine/Common/DerivedDataCache/0/6/3/SKELETALMESH_91550326BADA436B92C8BF16C910465C_0AA3567EAD5731DB5DC863CF23013459__DA5599BD3A068BCCD18DAD7B1328E5410B962E3D.udd" 4567
"C:/Users/Murad/Documents/Unreal Projects/Peacekeeper_3D/Content/AnimStarterPack/Walk_Rt_Rifle_Ironsights.uasset" 4568
"C:/Users/Murad/Documents/Unreal Projects/Peacekeeper_3D/Content/AnimStarterPack/Walk_Lt_Rifle_Ironsights.uasset" 4569
"C:/Users/Murad/Documents/Unreal Projects/Peacekeeper_3D/Content/AnimStarterPack/Walk_Bwd_Rifle_Ironsights.uasset" 4570
"C:/Users/Murad/Documents/Unreal Projects/Peacekeeper_3D/Content/AnimStarterPack/Jump_From_Jog.uasset" 4571
"C:/Users/Murad/Documents/Unreal Projects/Peacekeeper_3D/Content/AnimStarterPack/Ue4ASP_Character.uasset" 4572
"C:/Users/Murad/Documents/Unreal Projects/Peacekeeper_3D/Content/AnimStarterPack/UE4ASP_HeroTPP_AnimBlueprint.uasset" 4573
"C:/Users/Murad/Documents/Unreal Projects/Peacekeeper_3D/Content/AnimStarterPack/Jump_From_Stand.uasset" 4574
"C:/Users/Murad/Documents/Unreal Projects/Peacekeeper_3D/Content/AnimStarterPack/Stand_To_Prone.uasset" 4575
"C:/Users/Murad/Documents/Unreal Projects/Peacekeeper_3D/Content/AnimStarterPack/Stand_to_Crouch_Rifle_Ironsights.uasset" 4576
"C:/Users/Murad/AppData/Local/UnrealEngine/Common/DerivedDataCache/6/5/2/ANIMSEQ_D0E639028BB74237AD0F9775C097BB85_0_2B8566CA2397C93879502042C362F11E60E__3FED53490467611217A51FFC1E46A6B47BB224DC.udd" 4577
"C:/Users/Murad/Documents/Unreal Projects/Peacekeeper_3D/Content/AnimStarterPack/Stand_to_Crouch_Rifle_Hip.uasset" 4578
"C:/Users/Murad/AppData/Local/UnrealEngine/Common/DerivedDataCache/2/4/3/ANIMSEQ_D0E639028BB74237AD0F9775C097BB85_0_736BE2AA98FA8B0169A307C87D730C4F60E__20410E6B4ACDFEB9DF7EF6E92A5A25193FF94A72.udd" 4579
"C:/Users/Murad/Documents/Unreal Projects/Peacekeeper_3D/Content/AnimStarterPack/Sprint_Fwd_Rifle.uasset" 4580
"C:/Users/Murad/AppData/Local/UnrealEngine/Common/DerivedDataCache/1/4/1/ANIMSEQ_D0E639028BB74237AD0F9775C097BB85_0_6B1105FD349AFE031CC0177C24CE1EA560E__65FC3F6448BC9BBA42C336F118A016181EC50292.udd" 4581
"C:/Users/Murad/Documents/Unreal Projects/Peacekeeper_3D/Content/AnimStarterPack/Reload_Shotgun_Ironsights.uasset" 4582
"C:/Users/Murad/AppData/Local/UnrealEngine/Common/DerivedDataCache/2/7/1/ANIMSEQ_D0E639028BB74237AD0F9775C097BB85_0_E5CB25A9C74CAF22CA48642E81AC6F0B60E__996229513D40BADE3716A951A48DB265A25569CA.udd" 4583
"C:/Users/Murad/Documents/Unreal Projects/Peacekeeper_3D/Content/AnimStarterPack/Reload_Shotgun_Hip.uasset" 4584
"C:/Users/Murad/AppData/Local/UnrealEngine/Common/DerivedDataCache/4/1/5/ANIMSEQ_D0E639028BB74237AD0F9775C097BB85_0_A35B4B62A341F72F1ED0FEA58104466C60E__4B6C36B6F063A77CA042A13AAC569642520E33A8.udd" 4585
"C:/Users/Murad/Documents/Unreal Projects/Peacekeeper_3D/Content/AnimStarterPack/Reload_Rifle_Ironsights.uasset" 4586
"C:/Users/Murad/Documents/Unreal Projects/Peacekeeper_3D/Content/AnimStarterPack/Reload_Pistol.uasset" 4587
"C:/Users/Murad/Documents/Unreal Projects/Peacekeeper_3D/Content/AnimStarterPack/Prone_To_Stand.uasset" 4588
"C:/Users/Murad/AppData/Local/UnrealEngine/Common/DerivedDataCache/1/9/6/ANIMSEQ_D0E639028BB74237AD0F9775C097BB85_0_CB71106E3C9D67C7CED31048051D049860E__E41A1509AFDF87752040C4CC86D18C917B59535D.udd" 4589
"C:/Users/Murad/Documents/Unreal Projects/Peacekeeper_3D/Content/AnimStarterPack/Prone_Reload_Shotgun.uasset" 4590
"C:/Users/Murad/AppData/Local/UnrealEngine/Common/DerivedDataCache/6/9/9/ANIMSEQ_D0E639028BB74237AD0F9775C097BB85_0_B35FA7B013323D1FF429714E40CF834060E__A340AC6B461F0C8A178FF65495C4C122D747E5E4.udd" 4591
"C:/Users/Murad/Documents/Unreal Projects/Peacekeeper_3D/Content/AnimStarterPack/Prone_Reload_Rifle.uasset" 4592
"C:/Users/Murad/AppData/Local/UnrealEngine/Common/DerivedDataCache/9/0/8/ANIMSEQ_D0E639028BB74237AD0F9775C097BB85_0_2FBC1D29FB6CE00BE9E2B9D13EF9C5E060E__8F746B7D390FB9A911583ADE872C20ACE81F5878.udd" 4593
"C:/Users/Murad/Documents/Unreal Projects/Peacekeeper_3D/Content/AnimStarterPack/Prone_Idle.uasset" 4594
"C:/Users/Murad/AppData/Local/UnrealEngine/Common/DerivedDataCache/9/8/6/ANIMSEQ_D0E639028BB74237AD0F9775C097BB85_0_E6E11CE6F09A9B4505DFD30F60ECBAFC60E__64B0B730F88189CE02A8A23142CB5716D17C5A0F.udd" 4595
"C:/Users/Murad/Documents/Unreal Projects/Peacekeeper_3D/Content/AnimStarterPack/Prone_Fire_2.uasset" 4596
"C:/Users/Murad/AppData/Local/UnrealEngine/Common/DerivedDataCache/2/9/5/ANIMSEQ_D0E639028BB74237AD0F9775C097BB85_0_8EE3431D7AD0EDCA7D95AEFC4767F0B860E__7A64F704BD716ECCDCE68F80C5D9850066F25383.udd" 4597
"C:/Users/Murad/Documents/Unreal Projects/Peacekeeper_3D/Content/AnimStarterPack/Prone_Fire_1.uasset" 4598
"C:/Users/Murad/AppData/Local/UnrealEngine/Common/DerivedDataCache/3/3/1/ANIMSEQ_D0E639028BB74237AD0F9775C097BB85_0_6125B0339A51A7144130FD0C8355A01B60E__D4F9E0359489D17D8E728456AA178867376DF1E5.udd" 4599
"C:/Users/Murad/Documents/Unreal Projects/Peacekeeper_3D/Content/AnimStarterPack/Prone_Death_2.uasset" 4600
"C:/Users/Murad/AppData/Local/UnrealEngine/Common/DerivedDataCache/3/0/5/ANIMSEQ_D0E639028BB74237AD0F9775C097BB85_0_287A2753DD83362E1006D387399A0C4B60E__FED8DF504A6BDB55BBE32BF08EBC6FE9A38EED02.udd" 4601
"C:/Users/Murad/Documents/Unreal Projects/Peacekeeper_3D/Content/AnimStarterPack/Prone_Death_1.uasset" 4602
"C:/Users/Murad/AppData/Local/UnrealEngine/Common/DerivedDataCache/9/6/7/ANIMSEQ_D0E639028BB74237AD0F9775C097BB85_0_D43A1B2ECA30D7D51A2006CFA153DF7160E__7AF81F266CF6539C2E9EC8E679CA57A9D0E76C5F.udd" 4603
"C:/Users/Murad/Documents/Unreal Projects/Peacekeeper_3D/Content/AnimStarterPack/Jump_From_Stand_Ironsights.uasset" 4604
"C:/Users/Murad/AppData/Local/UnrealEngine/Common/DerivedDataCache/6/6/0/ANIMSEQ_D0E639028BB74237AD0F9775C097BB85_0_AA48479D4DEA9AF88289A877E5DE21E160E__4E5FE3F42F023F354A9CF02BB6F0DEE9A22EC5C9.udd" 4605
"C:/Users/Murad/Documents/Unreal Projects/Peacekeeper_3D/Content/AnimStarterPack/Idle_Pistol.uasset" 4606
"C:/Users/Murad/AppData/Local/UnrealEngine/Common/DerivedDataCache/4/5/9/ANIMSEQ_D0E639028BB74237AD0F9775C097BB85_0_A740F03D4E190CA548EC6294E9032CCA60E__3FC24344D81FF24A68EF8A293E18AC9DD23E6791.udd" 4607
"C:/Users/Murad/Documents/Unreal Projects/Peacekeeper_3D/Content/AnimStarterPack/Fire_Shotgun_Ironsights.uasset" 4608
"C:/Users/Murad/AppData/Local/UnrealEngine/Common/DerivedDataCache/1/1/8/ANIMSEQ_D0E639028BB74237AD0F9775C097BB85_0_D4237A22D03315D3546F3818661F6BE560E__DC548E4140C8350BF1AD6BF6A92BD30865EC099A.udd" 4609
"C:/Users/Murad/Documents/Unreal Projects/Peacekeeper_3D/Content/AnimStarterPack/Fire_Rifle_Hip.uasset" 4610
"C:/Users/Murad/AppData/Local/UnrealEngine/Common/DerivedDataCache/8/9/9/ANIMSEQ_D0E639028BB74237AD0F9775C097BB85_0_4B6F2B409C5740C2079274C463F3936260E__A8FBFDB401B12C44D80FB51BA411DC2724B19C04.udd" 4611
"C:/Users/Murad/Documents/Unreal Projects/Peacekeeper_3D/Content/AnimStarterPack/Death_Ironsights_2.uasset" 4612
"C:/Users/Murad/AppData/Local/UnrealEngine/Common/DerivedDataCache/6/8/7/ANIMSEQ_D0E639028BB74237AD0F9775C097BB85_0_774BFB720487146BA301FB5F1C2CC1A160E__D6CCE31F5DE205E3F0B7D319E82E67E680CE393F.udd" 4613
"C:/Users/Murad/Documents/Unreal Projects/Peacekeeper_3D/Content/AnimStarterPack/Death_Ironsights_1.uasset" 4614
"C:/Users/Murad/AppData/Local/UnrealEngine/Common/DerivedDataCache/7/9/5/ANIMSEQ_D0E639028BB74237AD0F9775C097BB85_0_93075D00176764CCB8F7776FEE0F42CA60E__E5F1D5BC0D44BAF2A1798F4DC7E6C35E32289BB3.udd" 4615
"C:/Users/Murad/Documents/Unreal Projects/Peacekeeper_3D/Content/AnimStarterPack/Death_3.uasset" 4616
"C:/Users/Murad/AppData/Local/UnrealEngine/Common/DerivedDataCache/5/7/7/ANIMSEQ_D0E639028BB74237AD0F9775C097BB85_0_E581D6C7F6ECFD9686737AA7BB460C1060E__44D2F748284E73B9FC6361233B017B10EEC26029.udd" 4617
"C:/Users/Murad/Documents/Unreal Projects/Peacekeeper_3D/Content/AnimStarterPack/Death_2.uasset" 4618
"C:/Users/Murad/AppData/Local/UnrealEngine/Common/DerivedDataCache/2/0/0/ANIMSEQ_D0E639028BB74237AD0F9775C097BB85_0_A0878CCF5A6EF37BF70842CB9B7DF47E60E__BFD11B24BFA4E73572091929A3E4026BC835D126.udd" 4619
"C:/Users/Murad/Documents/Unreal Projects/Peacekeeper_3D/Content/AnimStarterPack/Death_1.uasset" 4620
"C:/Users/Murad/AppData/Local/UnrealEngine/Common/DerivedDataCache/7/3/3/ANIMSEQ_D0E639028BB74237AD0F9775C097BB85_0_5AC2F1EDDFD5866A4C46C146AB386E0860E__C4964BB0F6B06D5CC0DE0F496BEB9618F6209AA3.udd" 4621
"C:/Users/Murad/Documents/Unreal Projects/Peacekeeper_3D/Content/AnimStarterPack/Crouch_Walk_Rt_Rifle_Ironsights.uasset" 4622
"C:/Users/Murad/AppData/Local/UnrealEngine/Common/DerivedDataCache/3/8/9/ANIMSEQ_D0E639028BB74237AD0F9775C097BB85_0_3044E0138D4798C29E07F8BFF827B0A260E__51B0B9DCD59FA3B013B2C58FBF8709C221249126.udd" 4623
"C:/Users/Murad/Documents/Unreal Projects/Peacekeeper_3D/Content/AnimStarterPack/Crouch_Walk_Lt_Rifle_Ironsights.uasset" 4624
"C:/Users/Murad/AppData/Local/UnrealEngine/Common/DerivedDataCache/3/9/4/ANIMSEQ_D0E639028BB74237AD0F9775C097BB85_0_023D2D72596B5D54513DA12BD7799E0560E__4CB6C1919935BF6AFA529DD8422BBF9270FED3B4.udd" 4625
"C:/Users/Murad/Documents/Unreal Projects/Peacekeeper_3D/Content/AnimStarterPack/Crouch_Walk_Bwd_Rifle_Ironsights.uasset" 4626
"C:/Users/Murad/AppData/Local/UnrealEngine/Common/DerivedDataCache/7/6/9/ANIMSEQ_D0E639028BB74237AD0F9775C097BB85_0_920FA2CD3E1FCE9220FFF92ECB25F17060E__3CEE04DA27701D5352715B57B6880139C6063F7A.udd" 4627
"C:/Users/Murad/Documents/Unreal Projects/Peacekeeper_3D/Content/AnimStarterPack/Crouch_to_Stand_Rifle_Ironsights.uasset" 4628
"C:/Users/Murad/AppData/Local/UnrealEngine/Common/DerivedDataCache/1/9/0/ANIMSEQ_D0E639028BB74237AD0F9775C097BB85_0_C6CC684323E1A9DC6211118C8A76F80360E__0E73C3163C68F8CA428B0F2B5F2A1033F52E114E.udd" 4629
"C:/Users/Murad/Documents/Unreal Projects/Peacekeeper_3D/Content/AnimStarterPack/Crouch_to_Stand_Rifle_Hip.uasset" 4630
"C:/Users/Murad/AppData/Local/UnrealEngine/Common/DerivedDataCache/4/6/1/ANIMSEQ_D0E639028BB74237AD0F9775C097BB85_0_71AB8F345E79BE249D179D369B30C61160E__A675F3362C468DE7C52A5F81B75BBC6755E19A00.udd" 4631
"C:/Users/Murad/Documents/Unreal Projects/Peacekeeper_3D/Content/AnimStarterPack/Aim_Space_Ironsights.uasset" 4632
"C:/Users/Murad/AppData/Local/UnrealEngine/Common/DerivedDataCache/5/4/6/ANIMSEQ_D0E639028BB74237AD0F9775C097BB85_0_71C958AA221A3A6FA6725E14E6BFB71160E__5FA5F7FEA17E05C926053244A68EF3E7B0D6F75B.udd" 4633
"C:/Users/Murad/Documents/Unreal Projects/Peacekeeper_3D/Content/AnimStarterPack/Aim_Space_Hip.uasset" 4634
"C:/Users/Murad/AppData/Local/UnrealEngine/Common/DerivedDataCache/1/8/3/ANIMSEQ_D0E639028BB74237AD0F9775C097BB85_0_DA2E2A89711688767E1F15B383B7160360E__E2645B3CE6EC6BAECBBA7D9D0DF5B23F690A76D0.udd" 4635
"C:/Users/Murad/AppData/Local/UnrealEngine/Common/DerivedDataCache/2/0/3/ANIMSEQ_D0E639028BB74237AD0F9775C097BB85_0_994A0F80042A1A434B73794783F655C160E__8B161E5E7BC70860625F05496BEFB0218F742E71.udd" 4636
"C:/Users/Murad/AppData/Local/UnrealEngine/Common/DerivedDataCache/3/1/2/ANIMSEQ_D0E639028BB74237AD0F9775C097BB85_0_61EC66E9D25AFAFDE8B275E6BD854F3A60E__E1678CA049D5D8CA5144A778AFA59151AD177F07.udd" 4637
"C:/Users/Murad/AppData/Local/UnrealEngine/Common/DerivedDataCache/1/5/7/ANIMSEQ_D0E639028BB74237AD0F9775C097BB85_0_23BFE027F2FE7A95DF36774F48F3D60960E__C2873DD6347739FCC3A9B95473547529A6D8B7C6.udd" 4638
"C:/Users/Murad/AppData/Local/UnrealEngine/Common/DerivedDataCache/8/3/0/ANIMSEQ_D0E639028BB74237AD0F9775C097BB85_0_8A396AD9AED0B9951C6D904D7D1E648C60E__627B51C417F3AC64C2285D99304DF148710CEAE9.udd" 4639
"C:/Users/Murad/AppData/Local/UnrealEngine/Common/DerivedDataCache/6/5/3/ANIMSEQ_D0E639028BB74237AD0F9775C097BB85_0_0234F83C22303F68EF653227652BE8F560E__42C0EE0FD1919F45E1F4770FF7819989FA0A3833.udd" 4640
"C:/Users/Murad/AppData/Local/UnrealEngine/Common/DerivedDataCache/3/1/2/ANIMSEQ_D0E639028BB74237AD0F9775C097BB85_0_B0E7D6CA02A683CECC142ED19C933D1360E__B4B5CAD9E2E679B7B73B6267C4438D0C2EA780E5.udd" 4641
"C:/Users/Murad/AppData/Local/UnrealEngine/Common/DerivedDataCache/1/2/5/ANIMSEQ_D0E639028BB74237AD0F9775C097BB85_0_E6B5F2B244067488B37F54DFA0D19F5060E__4E03ABF1885C04EA0FEB73DC3C46CF5861B0986D.udd" 4642
"C:/Users/Murad/AppData/Local/UnrealEngine/Common/DerivedDataCache/5/6/9/ANIMSEQ_D0E639028BB74237AD0F9775C097BB85_0_E99E2834DBC1D6D66BD86FF5573B546660E__E2AB92BAF945A852EB8516E3DAD388F0E949B39B.udd" 4643
